"Date","Price","Open","High","Low","Vol.","Change %"
"04/14/2025","22,617.4","23,111.5","23,131.9","22,597.4","","-0.02%"
"04/11/2025","22,620.8","22,160.0","22,667.9","21,971.2","","1.89%"
"04/10/2025","22,201.4","22,543.4","22,645.6","21,536.9","","-4.18%"
"04/09/2025","23,171.0","20,715.9","23,278.6","20,674.5","","12.02%"
"04/08/2025","20,684.2","21,826.8","22,035.7","20,393.5","","-1.95%"
"04/07/2025","21,096.1","20,298.6","22,016.9","20,020.8","","0.19%"
"04/04/2025","21,056.2","21,811.9","21,893.1","21,044.2","","-6.07%"
"04/03/2025","22,416.1","22,721.9","22,876.7","22,393.7","","-5.40%"
"04/02/2025","23,696.6","23,213.3","23,848.5","23,182.8","","0.76%"
"04/01/2025","23,518.7","23,223.9","23,557.6","23,105.8","","0.82%"
"03/31/2025","23,327.5","22,988.8","23,373.0","22,747.6","","-0.01%"
"03/28/2025","23,329.9","23,858.7","23,899.8","23,281.7","","-2.61%"
"03/27/2025","23,955.2","23,974.6","24,202.9","23,884.5","","-0.59%"
"03/26/2025","24,098.4","24,488.1","24,525.8","24,015.6","","-1.83%"
"03/25/2025","24,547.1","24,436.6","24,552.4","24,397.4","","0.53%"
"03/24/2025","24,417.2","24,248.7","24,451.6","24,229.1","","2.16%"
"03/21/2025","23,901.2","23,553.3","23,918.1","23,484.0","","0.39%"
"03/20/2025","23,808.8","23,664.4","24,064.3","23,653.6","","-0.29%"
"03/19/2025","23,877.2","23,683.3","24,101.0","23,588.3","","1.30%"
"03/18/2025","23,570.4","23,780.6","23,803.5","23,466.0","","-1.66%"
"03/17/2025","23,968.0","23,796.8","24,127.2","23,738.5","","0.55%"
"03/14/2025","23,837.9","23,540.6","23,867.6","23,513.0","","2.51%"
"03/13/2025","23,254.3","23,627.9","23,657.2","23,166.1","","-1.89%"
"03/12/2025","23,701.3","23,782.8","23,894.9","23,434.3","","1.13%"
"03/11/2025","23,436.2","23,470.8","23,777.8","23,198.7","","-0.28%"
"03/10/2025","23,501.5","23,980.4","24,029.0","23,274.6","","-3.81%"
"03/07/2025","24,431.8","24,207.2","24,494.5","23,870.0","","0.76%"
"03/06/2025","24,247.4","24,464.0","24,756.2","24,145.8","","-2.78%"
"03/05/2025","24,941.7","24,621.0","25,014.5","24,402.6","","1.36%"
"03/04/2025","24,607.5","24,522.1","25,013.6","24,223.2","","-0.35%"
"03/03/2025","24,695.0","25,376.9","25,478.7","24,518.4","","-2.20%"
"02/28/2025","25,249.7","24,807.6","25,269.5","24,673.1","","1.64%"
"02/27/2025","24,843.4","25,726.3","25,777.8","24,831.0","","-2.75%"
"02/26/2025","25,546.6","25,592.1","25,809.7","25,401.2","","0.22%"
"02/25/2025","25,491.3","25,771.2","25,780.9","25,301.9","","-1.24%"
"02/24/2025","25,811.3","26,194.9","26,265.2","25,799.1","","-1.21%"
"02/21/2025","26,126.6","26,726.7","26,732.3","26,106.2","","-2.05%"
"02/20/2025","26,674.4","26,752.5","26,771.5","26,445.6","","-0.47%"
"02/19/2025","26,799.6","26,734.5","26,856.4","26,642.7","","0.05%"
"02/18/2025","26,786.3","26,800.1","26,818.7","26,623.1","","0.23%"
"02/14/2025","26,725.7","26,633.8","26,755.6","26,599.7","","0.39%"
"02/13/2025","26,620.8","26,325.3","26,629.8","26,291.4","","1.43%"
"02/12/2025","26,244.5","25,949.8","26,276.4","25,924.2","","0.12%"
"02/11/2025","26,213.1","26,135.3","26,313.1","26,130.9","","-0.29%"
"02/10/2025","26,288.9","26,184.2","26,332.9","26,154.1","","1.25%"
"02/07/2025","25,965.0","26,309.2","26,421.6","25,933.7","","-1.29%"
"02/06/2025","26,305.2","26,184.5","26,307.6","26,116.9","","0.54%"
"02/05/2025","26,165.1","25,918.3","26,170.9","25,863.7","","0.42%"
"02/04/2025","26,054.9","25,756.1","26,073.6","25,742.4","","1.26%"
"02/03/2025","25,729.5","25,472.3","25,861.2","25,375.3","","-0.84%"
"01/31/2025","25,947.5","26,169.2","26,392.0","25,884.4","","-0.13%"
"01/30/2025","25,981.5","25,995.6","26,120.8","25,740.6","","0.45%"
"01/29/2025","25,864.7","25,939.1","25,944.9","25,671.8","0.00K","-0.24%"
"01/28/2025","25,927.0","25,592.4","25,972.5","25,419.8","0.00K","1.59%"
"01/27/2025","25,521.4","25,367.9","25,721.0","25,337.3","0.00K","-2.97%"
"01/24/2025","26,302.7","26,473.5","26,509.8","26,224.2","0.00K","-0.58%"
"01/23/2025","26,456.0","26,258.2","26,456.0","26,239.9","0.00K","0.22%"
"01/22/2025","26,398.1","26,281.2","26,506.8","26,281.2","0.00K","1.33%"
"01/21/2025","26,052.0","26,041.5","26,116.9","25,825.6","0.00K","0.58%"
"01/17/2025","25,900.6","25,925.6","25,990.7","25,771.9","0.00K","1.66%"
"01/16/2025","25,477.9","25,760.2","25,767.0","25,473.8","0.00K","-0.69%"
"01/15/2025","25,655.0","25,449.6","25,713.2","25,397.0","0.00K","2.31%"
"01/14/2025","25,074.6","25,242.5","25,330.8","24,911.9","0.00K","-0.13%"
"01/13/2025","25,107.6","24,876.8","25,122.5","24,809.9","","-0.30%"
"01/10/2025","25,183.5","25,382.5","25,386.4","25,027.9","0.00K","-1.57%"
"01/08/2025","25,585.7","25,556.4","25,660.1","25,357.5","0.00K","0.04%"
"01/07/2025","25,574.2","26,113.9","26,115.6","25,487.3","0.00K","-1.79%"
"01/06/2025","26,041.0","26,030.9","26,214.9","25,923.8","0.00K","1.10%"
"01/03/2025","25,758.6","25,481.6","25,799.1","25,456.4","0.00K","1.68%"
"01/02/2025","25,332.1","25,506.5","25,647.3","25,120.6","0.00K","-0.17%"
"12/31/2024","25,376.2","25,670.7","25,695.0","25,336.8","0.00K","-0.87%"
"12/30/2024","25,598.5","25,588.9","25,778.4","25,416.8","0.00K","-1.28%"
"12/27/2024","25,931.5","26,124.8","26,135.9","25,713.2","0.00K","-1.36%"
"12/26/2024","26,288.1","26,246.7","26,371.9","26,140.0","0.00K","-0.13%"
"12/24/2024","26,323.6","26,041.9","26,323.6","26,035.3","0.00K","1.37%"
"12/23/2024","25,967.9","25,800.2","25,976.3","25,631.2","0.00K","1.02%"
"12/20/2024","25,706.5","25,284.5","26,009.8","25,253.2","0.00K","0.85%"
"12/19/2024","25,490.8","25,790.6","25,857.0","25,470.2","0.00K","-0.47%"
"12/18/2024","25,610.1","26,540.2","26,610.9","25,534.7","0.00K","-3.60%"
"12/17/2024","26,566.2","26,569.3","26,639.7","26,469.7","0.00K","-0.43%"
"12/16/2024","26,681.6","26,433.7","26,725.7","26,419.7","0.00K","1.46%"
"12/13/2024","26,298.5","26,309.8","26,427.0","26,136.5","0.00K","0.77%"
"12/12/2024","26,096.7","26,142.1","26,218.1","26,074.2","0.00K","-0.68%"
"12/11/2024","26,276.2","26,006.3","26,301.3","25,998.4","0.00K","1.85%"
"12/10/2024","25,797.9","25,948.0","26,038.0","25,731.6","0.00K","-0.34%"
"12/09/2024","25,885.4","26,045.9","26,089.6","25,837.1","0.00K","-0.83%"
"12/06/2024","26,102.3","25,904.7","26,107.2","25,893.9","0.00K","0.93%"
"12/05/2024","25,861.1","25,937.5","25,972.4","25,844.5","0.00K","-0.30%"
"12/04/2024","25,940.0","25,782.5","25,947.4","25,757.2","0.00K","1.24%"
"12/03/2024","25,622.5","25,474.3","25,630.3","25,444.4","0.00K","0.31%"
"12/02/2024","25,543.3","25,310.6","25,587.3","25,310.6","0.00K","1.12%"
"11/29/2024","25,260.6","25,068.3","25,291.9","25,045.3","0.00K","0.90%"
"11/27/2024","25,035.2","25,165.4","25,166.2","24,879.4","0.00K","-0.85%"
"11/26/2024","25,248.7","25,186.8","25,275.3","25,139.5","0.00K","0.57%"
"11/25/2024","25,106.3","25,243.7","25,340.0","24,994.7","0.00K","0.14%"
"11/22/2024","25,071.6","25,024.9","25,097.0","24,926.2","0.00K","0.17%"
"11/21/2024","25,028.5","25,070.1","25,117.9","24,661.7","0.00K","0.37%"
"11/20/2024","24,935.0","24,927.4","24,946.4","24,615.8","0.00K","-0.08%"
"11/19/2024","24,956.1","24,655.8","24,970.4","24,640.8","0.00K","0.71%"
"11/18/2024","24,780.4","24,673.1","24,880.7","24,614.0","0.00K","0.72%"
"11/15/2024","24,603.1","24,947.9","24,953.5","24,507.8","","-2.39%"
"11/14/2024","25,205.6","25,393.1","25,411.9","25,166.2","","-0.66%"
"11/13/2024","25,373.5","25,389.7","25,516.7","25,275.8","","-0.16%"
"11/12/2024","25,415.0","25,456.8","25,504.1","25,265.3","","-0.17%"
"11/11/2024","25,458.2","25,536.1","25,549.1","25,321.7","","-0.05%"
"11/08/2024","25,470.9","25,430.4","25,516.5","25,390.3","","0.09%"
"11/07/2024","25,448.4","25,200.9","25,486.0","25,200.9","","1.54%"
"11/06/2024","25,061.6","24,808.3","25,092.6","24,754.5","","2.74%"
"11/05/2024","24,393.7","24,171.1","24,419.9","24,171.1","","1.32%"
"11/04/2024","24,075.5","24,133.3","24,248.4","23,997.0","","-0.35%"
"11/01/2024","24,159.0","24,065.7","24,315.0","24,059.9","","0.72%"
"10/31/2024","23,986.0","24,392.1","24,392.1","23,973.8","","-2.43%"
"10/30/2024","24,583.7","24,732.3","24,790.9","24,572.9","","-0.79%"
"10/29/2024","24,780.2","24,561.3","24,839.8","24,471.4","","0.98%"
"10/28/2024","24,539.3","24,664.6","24,683.2","24,531.8","","0.00%"
"10/25/2024","24,540.4","24,543.9","24,782.6","24,504.5","","0.59%"
"10/24/2024","24,396.4","24,353.9","24,424.8","24,256.6","","0.83%"
"10/23/2024","24,196.4","24,481.6","24,492.8","24,037.1","","-1.55%"
"10/22/2024","24,578.2","24,425.5","24,643.7","24,379.5","","0.11%"
"10/21/2024","24,551.5","24,453.8","24,581.9","24,348.4","","0.18%"
"10/18/2024","24,506.3","24,463.5","24,550.0","24,445.5","","0.66%"
"10/17/2024","24,345.2","24,568.1","24,571.0","24,340.4","","0.08%"
"10/16/2024","24,325.5","24,324.0","24,357.5","24,159.9","","0.07%"
"10/15/2024","24,308.3","24,649.5","24,699.6","24,216.3","","-1.37%"
"10/14/2024","24,645.0","24,557.0","24,711.1","24,543.7","","0.82%"
"10/11/2024","24,443.5","24,302.3","24,493.2","24,287.0","","0.15%"
"10/10/2024","24,407.0","24,314.8","24,494.4","24,256.8","","-0.13%"
"10/09/2024","24,439.2","24,232.7","24,458.0","24,172.8","","0.80%"
"10/08/2024","24,245.0","23,997.2","24,275.0","23,971.7","","1.55%"
"10/07/2024","23,874.7","24,060.3","24,103.0","23,829.2","","-1.17%"
"10/04/2024","24,156.9","24,145.1","24,169.8","23,909.1","","1.22%"
"10/03/2024","23,865.6","23,767.9","23,997.4","23,738.8","","-0.05%"
"10/02/2024","23,876.7","23,784.3","23,966.0","23,669.7","","0.17%"
"10/01/2024","23,836.9","24,165.7","24,177.9","23,654.9","","-1.43%"
"09/30/2024","24,183.4","24,061.1","24,197.5","23,932.8","","0.26%"
"09/27/2024","24,119.6","24,286.7","24,293.1","24,066.0","","-0.53%"
"09/26/2024","24,248.0","24,438.2","24,438.2","24,068.9","","0.72%"
"09/25/2024","24,075.7","24,015.0","24,161.1","24,013.7","","0.14%"
"09/24/2024","24,042.2","24,009.3","24,090.0","23,794.9","","0.47%"
"09/23/2024","23,930.5","23,926.3","23,979.5","23,865.0","","0.31%"
"09/20/2024","23,857.4","23,887.3","23,922.7","23,666.0","","-0.24%"
"09/19/2024","23,915.6","23,866.1","24,050.6","23,776.0","","2.58%"
"09/18/2024","23,314.7","23,476.2","23,675.1","23,298.2","","-0.45%"
"09/17/2024","23,420.7","23,550.1","23,618.3","23,305.8","","0.05%"
"09/16/2024","23,408.9","23,396.6","23,436.7","23,253.6","","-0.46%"
"09/13/2024","23,518.2","23,375.4","23,569.0","23,361.6","","0.48%"
"09/12/2024","23,404.9","23,180.0","23,445.1","23,096.1","","0.97%"
"09/11/2024","23,180.5","22,733.1","23,215.5","22,330.1","","2.17%"
"09/10/2024","22,688.6","22,559.7","22,708.7","22,377.2","","0.90%"
"09/09/2024","22,485.6","22,388.0","22,525.5","22,255.0","","1.31%"
"09/06/2024","22,195.6","22,776.0","22,809.4","22,171.1","","-2.67%"
"09/05/2024","22,805.4","22,726.0","23,012.7","22,656.7","","0.05%"
"09/04/2024","22,793.2","22,686.2","22,973.1","22,657.5","","-0.19%"
"09/03/2024","22,837.0","23,414.4","23,414.4","22,729.9","","-3.14%"
"08/30/2024","23,578.1","23,495.8","23,587.2","23,279.4","","1.30%"
"08/29/2024","23,275.7","23,395.9","23,633.7","23,222.9","","-0.13%"
"08/28/2024","23,306.2","23,567.1","23,590.7","23,150.4","","-1.18%"
"08/27/2024","23,584.0","23,426.3","23,627.8","23,328.7","","0.33%"
"08/26/2024","23,505.6","23,701.7","23,759.1","23,410.3","","-1.04%"
"08/23/2024","23,751.7","23,690.1","23,869.1","23,517.7","","1.18%"
"08/22/2024","23,475.8","23,981.0","24,014.2","23,437.3","","-1.68%"
"08/21/2024","23,876.0","23,796.0","23,948.8","23,714.3","","0.53%"
"08/20/2024","23,749.5","23,769.4","23,888.7","23,668.0","","-0.24%"
"08/19/2024","23,805.5","23,510.9","23,806.6","23,418.4","","1.32%"
"08/16/2024","23,494.8","23,356.6","23,558.3","23,336.1","","0.11%"
"08/15/2024","23,468.3","23,181.4","23,483.7","23,167.1","","2.48%"
"08/14/2024","22,900.6","22,926.0","22,997.3","22,677.2","","0.09%"
"08/13/2024","22,881.1","22,542.1","22,889.0","22,540.8","","2.50%"
"08/12/2024","22,322.0","22,329.5","22,470.9","22,191.5","","0.17%"
"08/09/2024","22,284.0","22,116.5","22,349.7","22,044.1","","0.54%"
"08/08/2024","22,163.3","21,788.1","22,201.4","21,623.2","","3.06%"
"08/07/2024","21,505.1","22,080.5","22,201.2","21,485.5","","-1.16%"
"08/06/2024","21,757.6","21,617.5","22,107.6","21,494.0","","1.02%"
"08/05/2024","21,537.3","20,994.9","21,867.5","20,984.0","","-2.96%"
"08/02/2024","22,194.1","22,258.4","22,420.3","21,980.7","","-2.38%"
"08/01/2024","22,735.1","23,319.5","23,515.7","22,550.6","","-2.44%"
"07/31/2024","23,303.3","23,135.3","23,380.5","23,063.2","","3.02%"
"07/30/2024","22,620.0","23,021.1","23,064.3","22,464.7","","-1.38%"
"07/29/2024","22,936.8","23,012.6","23,135.5","22,834.5","","0.19%"
"07/26/2024","22,893.4","22,853.2","23,036.7","22,743.8","","1.03%"
"07/25/2024","22,659.9","22,913.3","23,137.2","22,528.9","","-1.06%"
"07/24/2024","22,902.8","23,436.2","23,444.5","22,870.4","","-3.65%"
"07/23/2024","23,771.5","23,806.4","23,952.4","23,749.8","","-0.35%"
"07/22/2024","23,854.0","23,767.6","23,900.8","23,632.0","","1.54%"
"07/19/2024","23,492.7","23,691.5","23,807.8","23,440.7","","-0.93%"
"07/18/2024","23,712.3","23,990.4","24,004.5","23,556.7","","-0.48%"
"07/17/2024","23,825.4","24,116.9","24,163.7","23,819.0","","-2.94%"
"07/16/2024","24,546.8","24,598.5","24,641.1","24,387.9","","0.06%"
"07/15/2024","24,532.7","24,549.7","24,771.3","24,433.6","","0.27%"
"07/12/2024","24,466.1","24,339.4","24,700.2","24,329.5","","0.59%"
"07/11/2024","24,321.4","24,863.0","24,875.8","24,265.6","","-2.24%"
"07/10/2024","24,879.8","24,708.8","24,898.5","24,644.6","0.00K","1.09%"
"07/09/2024","24,611.8","24,673.4","24,721.2","24,542.7","0.00K","0.07%"
"07/08/2024","24,595.6","24,540.7","24,614.7","24,503.9","0.00K","0.23%"
"07/05/2024","24,538.0","24,336.1","24,556.1","24,308.8","0.00K","1.03%"
"07/03/2024","24,288.4","24,058.2","24,288.4","24,058.2","0.00K","0.88%"
"07/02/2024","24,076.2","23,756.6","24,079.9","23,751.3","0.00K","1.01%"
"07/01/2024","23,836.0","23,725.2","23,854.7","23,553.7","0.00K","0.66%"
"06/28/2024","23,680.4","23,841.8","24,083.2","23,659.9","0.00K","-0.53%"
"06/27/2024","23,806.7","23,748.4","23,881.1","23,701.2","0.00K","0.19%"
"06/26/2024","23,761.0","23,664.8","23,776.1","23,644.5","0.00K","0.25%"
"06/25/2024","23,701.0","23,526.2","23,714.6","23,487.3","0.00K","1.16%"
"06/24/2024","23,428.5","23,637.3","23,727.5","23,426.0","0.00K","-1.13%"
"06/21/2024","23,696.2","23,722.6","23,818.4","23,627.8","0.00K","-0.26%"
"06/20/2024","23,758.6","24,012.0","24,032.4","23,677.7","0.00K","-0.79%"
"06/18/2024","23,946.9","23,941.6","23,985.0","23,861.5","0.00K","0.03%"
"06/17/2024","23,939.2","23,673.5","24,029.5","23,603.5","0.00K","1.24%"
"06/14/2024","23,646.9","23,523.6","23,652.7","23,496.4","0.00K","0.44%"
"06/13/2024","23,543.2","23,581.8","23,618.4","23,419.1","0.00K","0.58%"
"06/12/2024","23,408.4","23,279.8","23,518.7","23,266.6","0.00K","1.33%"
"06/11/2024","23,101.7","22,886.7","23,104.7","22,808.8","0.00K","0.71%"
"06/10/2024","22,938.4","22,782.9","22,956.7","22,777.3","0.00K","0.39%"
"06/07/2024","22,848.4","22,838.3","22,984.1","22,797.5","0.00K","-0.09%"
"06/06/2024","22,869.3","22,907.5","22,930.1","22,818.4","0.00K","-0.07%"
"06/05/2024","22,885.2","22,592.1","22,886.1","22,564.4","0.00K","2.04%"
"06/04/2024","22,428.0","22,359.6","22,479.8","22,268.1","0.00K","0.30%"
"06/03/2024","22,361.4","22,440.5","22,489.1","22,110.9","0.00K","0.35%"
"05/31/2024","22,284.1","22,301.1","22,329.7","21,867.1","0.00K","0.00%"
"05/30/2024","22,284.9","22,458.7","22,485.2","22,223.7","0.00K","-1.05%"
"05/29/2024","22,521.5","22,487.0","22,615.3","22,485.3","0.00K","-0.70%"
"05/28/2024","22,680.7","22,663.6","22,687.7","22,544.3","0.00K","0.32%"
"05/24/2024","22,607.3","22,440.2","22,659.8","22,434.8","0.00K","0.99%"
"05/23/2024","22,385.0","22,726.0","22,726.5","22,302.7","0.00K","-0.44%"
"05/22/2024","22,482.9","22,517.0","22,544.8","22,363.9","0.00K","-0.04%"
"05/21/2024","22,492.7","22,360.7","22,501.6","22,343.8","0.00K","0.21%"
"05/20/2024","22,444.7","22,306.5","22,480.3","22,295.3","0.00K","0.69%"
"05/18/2024","22,290.6","22,321.3","22,290.6","22,290.6","0.00K","0.00%"
"05/17/2024","22,290.6","22,321.3","22,343.6","22,189.7","0.00K","-0.06%"
"05/16/2024","22,304.4","22,342.9","22,438.5","22,298.8","0.00K","-0.19%"
"05/15/2024","22,346.9","22,126.0","22,359.9","22,061.7","0.00K","1.51%"
"05/14/2024","22,014.4","21,851.9","22,034.6","21,837.2","0.00K","0.69%"
"05/13/2024","21,863.9","21,899.7","21,905.8","21,802.6","0.00K","0.21%"
"05/10/2024","21,818.9","21,830.9","21,922.7","21,745.1","0.00K","0.28%"
"05/09/2024","21,758.6","21,737.4","21,788.1","21,637.5","0.00K","0.17%"
"05/08/2024","21,722.4","21,605.6","21,782.9","21,605.6","","-0.04%"
"05/07/2024","21,730.2","21,748.0","21,808.1","21,694.3","","0.00%"
"05/06/2024","21,730.8","21,559.6","21,731.9","21,543.1","","1.14%"
"05/03/2024","21,486.5","21,435.9","21,529.9","21,359.2","","1.99%"
"05/02/2024","21,066.7","20,986.7","21,107.8","20,765.4","","1.29%"
"05/01/2024","20,798.9","20,876.0","21,218.4","20,757.8","","-0.70%"
"04/30/2024","20,945.6","21,281.4","21,339.7","20,945.6","","-1.92%"
"04/29/2024","21,356.3","21,378.5","21,401.1","21,222.2","","0.36%"
"04/26/2024","21,279.0","21,096.3","21,344.4","21,056.5","","1.65%"
"04/25/2024","20,933.1","20,662.6","20,985.9","20,623.2","","-0.55%"
"04/24/2024","21,047.9","21,152.2","21,200.3","20,938.1","","0.32%"
"04/23/2024","20,981.1","20,771.9","21,031.4","20,747.9","","1.51%"
"04/22/2024","20,668.2","20,608.4","20,781.4","20,427.3","","1.02%"
"04/19/2024","20,460.1","20,816.9","20,850.0","20,383.6","","-2.05%"
"04/18/2024","20,888.5","21,033.1","21,124.4","20,867.1","","-0.57%"
"04/17/2024","21,007.7","21,358.6","21,361.9","20,966.8","","-1.24%"
"04/16/2024","21,271.9","21,245.3","21,396.9","21,208.6","","0.04%"
"04/15/2024","21,263.7","21,787.8","21,798.4","21,227.1","","-1.65%"
"04/12/2024","21,620.0","21,757.1","21,815.7","21,558.3","","-1.66%"
"04/11/2024","21,985.6","21,718.0","22,020.7","21,613.7","","1.65%"
"04/10/2024","21,629.7","21,565.2","21,664.7","21,534.6","","-0.87%"
"04/09/2024","21,819.7","21,842.5","21,867.9","21,583.4","","0.39%"
"04/08/2024","21,735.6","21,772.0","21,829.9","21,676.2","","-0.05%"
"04/05/2024","21,745.6","21,543.6","21,859.0","21,510.7","","1.28%"
"04/04/2024","21,469.8","22,012.8","22,050.4","21,466.1","","-1.55%"
"04/03/2024","21,807.6","21,680.6","21,901.8","21,669.7","","0.22%"
"04/02/2024","21,758.9","21,704.4","21,775.4","21,615.4","","-0.93%"
"04/01/2024","21,962.7","21,947.9","22,080.8","21,864.4","","0.21%"
"03/28/2024","21,916.5","21,927.0","21,980.9","21,888.5","","-0.14%"
"03/27/2024","21,947.7","22,016.5","22,023.6","21,812.5","","0.39%"
"03/26/2024","21,861.9","22,004.5","22,063.8","21,858.7","","-0.36%"
"03/25/2024","21,941.8","21,867.9","22,014.1","21,836.4","","-0.34%"
"03/22/2024","22,016.7","21,961.1","22,072.9","21,930.3","","0.10%"
"03/21/2024","21,993.8","22,135.3","22,167.0","21,989.8","","0.44%"
"03/20/2024","21,897.4","21,690.5","21,908.2","21,613.1","","1.17%"
"03/19/2024","21,643.6","21,487.9","21,652.7","21,375.9","","0.26%"
"03/18/2024","21,586.9","21,634.0","21,754.2","21,572.6","","0.99%"
"03/15/2024","21,374.8","21,517.2","21,521.5","21,322.9","","-1.15%"
"03/14/2024","21,622.7","21,742.6","21,776.4","21,501.3","","-0.29%"
"03/13/2024","21,684.8","21,784.8","21,799.1","21,639.1","","-0.83%"
"03/12/2024","21,865.6","21,678.3","21,876.7","21,505.8","","1.49%"
"03/11/2024","21,544.2","21,553.8","21,605.9","21,450.2","","-0.37%"
"03/08/2024","21,624.4","21,977.6","22,102.3","21,596.7","","-1.53%"
"03/07/2024","21,959.8","21,796.3","22,007.8","21,724.0","","1.57%"
"03/06/2024","21,621.0","21,700.1","21,771.3","21,529.8","","0.67%"
"03/05/2024","21,477.3","21,706.3","21,716.9","21,365.3","","-1.80%"
"03/04/2024","21,871.5","21,947.8","21,975.8","21,861.6","","-0.41%"
"03/01/2024","21,961.6","21,681.3","21,998.0","21,675.4","","1.44%"
"02/29/2024","21,650.1","21,587.5","21,679.7","21,437.1","","0.97%"
"02/28/2024","21,441.8","21,466.5","21,509.6","21,400.9","","-0.53%"
"02/27/2024","21,555.8","21,545.7","21,575.6","21,435.9","","0.21%"
"02/26/2024","21,510.5","21,554.8","21,607.4","21,502.5","","-0.02%"
"02/23/2024","21,515.6","21,653.6","21,700.4","21,473.9","","-0.37%"
"02/22/2024","21,596.0","21,419.7","21,632.1","21,360.4","","3.01%"
"02/21/2024","20,964.0","20,884.7","20,967.9","20,772.8","","-0.37%"
"02/20/2024","21,042.9","21,096.9","21,176.0","20,866.9","","-0.79%"
"02/16/2024","21,210.6","21,411.6","21,424.3","21,183.5","","-0.89%"
"02/15/2024","21,401.6","21,365.1","21,424.2","21,253.6","","0.22%"
"02/14/2024","21,353.7","21,259.3","21,362.7","21,128.6","","1.20%"
"02/13/2024","21,101.3","21,004.7","21,241.9","20,954.8","","-1.58%"
"02/12/2024","21,439.7","21,511.2","21,630.1","21,412.1","","-0.44%"
"02/09/2024","21,534.5","21,364.9","21,565.0","21,338.4","","1.02%"
"02/08/2024","21,317.3","21,286.6","21,354.4","21,251.8","","0.17%"
"02/07/2024","21,281.7","21,185.2","21,316.5","21,141.0","","1.04%"
"02/06/2024","21,063.1","21,173.0","21,192.4","20,946.5","","-0.22%"
"02/05/2024","21,110.6","21,136.5","21,161.8","20,938.7","","-0.17%"
"02/02/2024","21,145.9","20,874.1","21,193.4","20,829.1","","1.72%"
"02/01/2024","20,788.7","20,635.7","20,803.2","20,586.3","","1.21%"
"01/31/2024","20,539.4","20,698.4","20,824.7","20,529.2","","-1.94%"
"01/30/2024","20,945.9","21,041.5","21,067.8","20,906.4","","-0.67%"
"01/29/2024","21,087.2","20,897.6","21,096.5","20,869.6","","1.01%"
"01/26/2024","20,877.2","20,891.4","20,989.6","20,846.7","","-0.55%"
"01/25/2024","20,992.2","21,078.9","21,129.3","20,888.4","","0.10%"
"01/24/2024","20,971.0","21,046.6","21,169.9","20,950.3","","0.55%"
"01/23/2024","20,857.1","20,788.5","20,865.1","20,715.4","","0.43%"
"01/22/2024","20,768.6","20,856.4","20,912.3","20,744.0","","0.09%"
"01/19/2024","20,749.0","20,444.8","20,752.8","20,422.8","","1.95%"
"01/18/2024","20,351.5","20,246.0","20,369.1","20,154.7","","1.47%"
"01/17/2024","20,056.6","20,019.8","20,072.0","19,847.2","","-0.56%"
"01/16/2024","20,169.8","20,103.2","20,247.2","20,045.0","","-0.01%"
"01/12/2024","20,172.4","20,198.9","20,253.3","20,105.3","","0.07%"
"01/11/2024","20,158.0","20,195.5","20,250.6","19,915.9","","0.17%"
"01/10/2024","20,124.6","20,016.2","20,165.8","19,958.9","","0.69%"
"01/09/2024","19,987.6","19,811.8","20,026.2","19,789.9","","0.18%"
"01/08/2024","19,952.7","19,598.4","19,959.1","19,592.6","","2.11%"
"01/05/2024","19,540.4","19,511.4","19,671.5","19,472.4","","0.15%"
"01/04/2024","19,511.7","19,522.2","19,676.4","19,505.0","","-0.53%"
"01/03/2024","19,614.8","19,668.4","19,737.7","19,595.2","","-1.05%"
"01/02/2024","19,822.4","19,970.2","19,993.4","19,713.7","","-1.67%"
"12/29/2023","20,158.4","20,250.1","20,270.5","20,076.9","","-0.43%"
"12/28/2023","20,245.1","20,323.0","20,329.8","20,236.6","","-0.04%"
"12/27/2023","20,254.2","20,241.4","20,272.4","20,197.6","","0.17%"
"12/26/2023","20,219.8","20,145.9","20,254.6","20,142.0","","0.60%"
"12/22/2023","20,098.7","20,124.6","20,172.8","20,010.3","","0.12%"
"12/21/2023","20,074.7","20,029.5","20,087.5","19,912.0","","1.23%"
"12/20/2023","19,831.3","20,082.2","20,198.5","19,828.8","","-1.53%"
"12/19/2023","20,140.0","20,047.0","20,141.4","20,046.0","","0.51%"
"12/18/2023","20,037.8","19,919.6","20,079.1","19,917.4","","0.64%"
"12/15/2023","19,910.4","19,866.7","19,965.9","19,830.8","","0.52%"
"12/14/2023","19,807.8","19,886.5","19,955.0","19,665.8","","-0.14%"
"12/13/2023","19,835.7","19,631.9","19,858.1","19,590.0","","1.27%"
"12/12/2023","19,586.5","19,413.3","19,586.5","19,372.4","","0.82%"
"12/11/2023","19,427.0","19,244.8","19,439.6","19,235.5","","0.85%"
"12/08/2023","19,262.8","19,105.0","19,282.2","19,086.7","","0.39%"
"12/07/2023","19,188.4","19,027.6","19,212.3","19,012.3","","1.49%"
"12/06/2023","18,906.7","19,148.8","19,149.7","18,893.4","","-0.56%"
"12/05/2023","19,014.1","18,877.5","19,078.9","18,873.8","","0.24%"
"12/04/2023","18,968.4","18,965.4","18,983.7","18,795.9","","-0.99%"
"12/01/2023","19,157.3","19,031.6","19,176.7","18,962.6","","0.32%"
"11/30/2023","19,097.1","19,144.8","19,175.7","18,950.9","","-0.22%"
"11/29/2023","19,139.9","19,288.1","19,354.1","19,126.9","","-0.13%"
"11/28/2023","19,165.6","19,081.6","19,190.8","19,058.6","","0.30%"
"11/27/2023","19,107.5","19,116.8","19,207.2","19,071.8","","-0.13%"
"11/24/2023","19,131.5","19,122.9","19,161.9","19,081.9","","-0.12%"
"11/22/2023","19,154.7","19,183.8","19,295.8","19,109.9","","0.43%"
"11/21/2023","19,073.1","19,094.6","19,114.4","18,993.2","","-0.58%"
"11/20/2023","19,184.4","18,966.7","19,219.9","18,966.2","","1.19%"
"11/17/2023","18,957.8","18,917.1","19,004.4","18,872.8","","0.03%"
"11/16/2023","18,952.1","18,870.7","18,963.4","18,838.4","","0.11%"
"11/15/2023","18,931.0","19,008.3","19,035.7","18,869.0","","0.06%"
"11/14/2023","18,920.5","18,839.0","18,965.8","18,817.2","","2.14%"
"11/13/2023","18,524.8","18,508.6","18,574.9","18,431.4","","-0.29%"
"11/10/2023","18,579.1","18,248.0","18,586.4","18,229.9","","2.26%"
"11/09/2023","18,168.3","18,363.5","18,400.5","18,148.4","","-0.80%"
"11/08/2023","18,315.4","18,316.2","18,351.2","18,204.9","","0.11%"
"11/07/2023","18,294.8","18,182.1","18,341.9","18,124.1","","0.93%"
"11/06/2023","18,126.0","18,104.8","18,156.3","18,018.4","","0.37%"
"11/03/2023","18,058.8","17,922.0","18,118.9","17,898.3","","1.21%"
"11/02/2023","17,843.3","17,768.4","17,856.7","17,691.7","","1.74%"
"11/01/2023","17,538.1","17,285.4","17,553.5","17,271.3","","1.77%"
"10/31/2023","17,232.7","17,150.3","17,245.5","17,020.6","","0.52%"
"10/30/2023","17,143.9","17,082.3","17,206.9","17,012.8","","1.10%"
"10/27/2023","16,956.7","17,034.8","17,124.8","16,896.8","","0.50%"
"10/26/2023","16,871.9","17,116.4","17,186.4","16,810.7","","-1.89%"
"10/25/2023","17,197.3","17,508.7","17,510.6","17,174.1","","-2.47%"
"10/24/2023","17,632.5","17,551.8","17,666.3","17,470.4","","0.97%"
"10/23/2023","17,463.9","17,355.4","17,633.1","17,241.7","","0.30%"
"10/20/2023","17,411.3","17,640.5","17,674.8","17,400.8","","-1.50%"
"10/19/2023","17,677.1","17,913.8","17,965.0","17,636.6","","-0.85%"
"10/18/2023","17,827.9","17,963.0","18,060.6","17,775.9","","-1.41%"
"10/17/2023","18,082.3","17,947.4","18,160.0","17,856.0","","-0.33%"
"10/16/2023","18,142.9","18,001.5","18,186.9","17,992.9","","1.18%"
"10/13/2023","17,930.5","18,206.3","18,214.2","17,868.7","","-1.24%"
"10/12/2023","18,156.5","18,252.2","18,335.7","18,044.8","","-0.37%"
"10/11/2023","18,224.7","18,169.0","18,233.2","18,079.4","","0.72%"
"10/10/2023","18,093.6","18,024.9","18,225.7","17,996.8","","0.56%"
"10/09/2023","17,992.8","17,782.8","18,020.8","17,716.7","","0.49%"
"10/06/2023","17,904.4","17,484.6","17,961.9","17,429.3","","1.70%"
"10/05/2023","17,605.2","17,660.6","17,678.7","17,439.2","","-0.36%"
"10/04/2023","17,668.2","17,473.2","17,700.2","17,448.5","","1.45%"
"10/03/2023","17,416.3","17,629.6","17,720.2","17,342.8","","-1.81%"
"10/02/2023","17,737.2","17,594.1","17,802.4","17,574.5","","0.83%"
"09/29/2023","17,590.9","17,756.0","17,814.0","17,530.6","","0.08%"
"09/28/2023","17,576.0","17,370.6","17,677.4","17,345.8","","0.85%"
"09/27/2023","17,428.1","17,452.0","17,520.2","17,251.7","","0.24%"
"09/26/2023","17,387.1","17,533.7","17,545.6","17,339.1","","-1.51%"
"09/25/2023","17,653.7","17,526.8","17,656.4","17,470.3","","0.46%"
"09/22/2023","17,572.7","17,639.1","17,757.7","17,555.6","","0.05%"
"09/21/2023","17,564.5","17,707.0","17,749.8","17,561.4","","-1.84%"
"09/20/2023","17,894.0","18,199.3","18,223.0","17,891.2","","-1.44%"
"09/19/2023","18,155.6","18,109.4","18,189.9","18,010.0","","-0.22%"
"09/18/2023","18,196.4","18,119.7","18,248.5","18,112.9","","0.15%"
"09/15/2023","18,169.0","18,436.1","18,447.5","18,134.7","","-1.75%"
"09/14/2023","18,493.4","18,444.6","18,539.9","18,330.1","","0.83%"
"09/13/2023","18,341.7","18,275.6","18,420.7","18,231.8","","0.38%"
"09/12/2023","18,271.4","18,391.9","18,460.4","18,258.5","","-1.11%"
"09/11/2023","18,476.3","18,414.1","18,501.4","18,316.8","","1.19%"
"09/08/2023","18,259.3","18,241.7","18,371.6","18,216.0","","0.14%"
"09/07/2023","18,233.3","18,132.6","18,268.8","18,090.2","","-0.73%"
"09/06/2023","18,367.5","18,482.0","18,505.5","18,269.5","","-0.88%"
"09/05/2023","18,530.8","18,473.8","18,588.9","18,425.4","","0.11%"
"09/01/2023","18,510.0","18,641.6","18,663.0","18,436.5","","-0.06%"
"08/31/2023","18,521.4","18,490.8","18,609.7","18,480.0","","0.27%"
"08/30/2023","18,471.6","18,381.1","18,498.4","18,327.7","","0.57%"
"08/29/2023","18,367.3","17,969.0","18,385.3","17,958.8","","2.15%"
"08/28/2023","17,980.1","17,959.9","18,020.5","17,856.5","","0.74%"
"08/25/2023","17,848.0","17,749.0","17,919.0","17,577.5","","0.85%"
"08/24/2023","17,698.2","18,250.6","18,251.0","17,696.3","","-2.19%"
"08/23/2023","18,093.6","17,854.2","18,142.4","17,854.2","","1.61%"
"08/22/2023","17,807.6","17,958.3","17,961.5","17,777.8","","-0.19%"
"08/21/2023","17,840.8","17,632.1","17,867.2","17,605.1","","1.65%"
"08/18/2023","17,551.6","17,426.0","17,610.9","17,387.9","","-0.14%"
"08/17/2023","17,575.7","17,847.5","17,854.9","17,554.8","","-1.07%"
"08/16/2023","17,765.9","17,939.2","18,005.4","17,763.0","","-1.05%"
"08/15/2023","17,954.3","18,114.8","18,139.6","17,926.5","","-1.10%"
"08/14/2023","18,154.8","17,895.5","18,155.6","17,875.9","","1.19%"
"08/11/2023","17,941.8","17,920.9","18,030.7","17,876.9","","-0.65%"
"08/10/2023","18,059.3","18,164.9","18,342.7","17,992.1","","0.19%"
"08/09/2023","18,024.5","18,245.7","18,247.8","17,996.1","","-1.11%"
"08/08/2023","18,227.7","18,235.3","18,254.8","18,078.7","","-0.87%"
"08/07/2023","18,388.6","18,326.2","18,392.1","18,210.8","","0.87%"
"08/04/2023","18,229.4","18,403.5","18,525.9","18,210.1","","-0.51%"
"08/03/2023","18,322.5","18,244.0","18,421.6","18,223.7","","-0.11%"
"08/02/2023","18,343.0","18,570.2","18,570.5","18,284.2","","-2.21%"
"08/01/2023","18,757.4","18,732.3","18,793.7","18,660.2","","-0.25%"
"07/31/2023","18,803.7","18,824.4","18,859.3","18,739.0","","0.04%"
"07/28/2023","18,796.5","18,652.4","18,841.3","18,637.6","","1.86%"
"07/27/2023","18,453.5","18,774.6","18,848.0","18,395.2","","-0.22%"
"07/26/2023","18,494.5","18,512.1","18,580.3","18,390.3","","-0.40%"
"07/25/2023","18,568.3","18,474.9","18,641.5","18,473.6","","0.73%"
"07/24/2023","18,433.0","18,465.4","18,500.6","18,345.5","","0.14%"
"07/21/2023","18,406.4","18,560.6","18,615.0","18,388.3","","-0.26%"
"07/20/2023","18,454.6","18,754.8","18,819.4","18,411.4","","-2.28%"
"07/19/2023","18,884.5","18,958.2","19,010.6","18,831.5","","-0.09%"
"07/18/2023","18,902.4","18,700.0","18,967.2","18,623.6","","0.82%"
"07/17/2023","18,749.5","18,624.3","18,788.2","18,586.3","","0.95%"
"07/14/2023","18,573.3","18,626.3","18,757.6","18,532.0","","-0.04%"
"07/13/2023","18,580.9","18,414.5","18,617.6","18,400.4","","1.73%"
"07/12/2023","18,265.0","18,231.8","18,332.9","18,148.7","","1.24%"
"07/11/2023","18,040.5","17,979.7","18,059.9","17,867.6","","0.49%"
"07/10/2023","17,952.9","17,936.6","17,977.7","17,808.5","","0.06%"
"07/07/2023","17,942.4","17,982.6","18,149.8","17,937.3","","-0.35%"
"07/06/2023","18,004.8","17,962.6","18,025.0","17,861.2","","-0.75%"
"07/05/2023","18,141.1","18,095.3","18,226.3","18,092.0","","-0.02%"
"07/03/2023","18,145.1","18,123.4","18,174.0","18,079.3","","0.20%"
"06/30/2023","18,108.4","17,996.3","18,149.6","17,991.9","","1.60%"
"06/29/2023","17,823.0","17,853.5","17,879.0","17,747.8","","-0.16%"
"06/28/2023","17,851.4","17,746.0","17,954.6","17,733.6","","0.12%"
"06/27/2023","17,829.1","17,597.3","17,860.6","17,567.7","","1.75%"
"06/26/2023","17,522.7","17,734.6","17,873.2","17,520.3","","-1.36%"
"06/23/2023","17,764.2","17,749.6","17,874.3","17,681.1","","-1.00%"
"06/22/2023","17,944.2","17,652.6","17,946.4","17,649.1","","1.18%"
"06/21/2023","17,735.5","17,916.3","17,940.0","17,686.1","","-1.33%"
"06/20/2023","17,975.0","17,934.9","18,043.3","17,827.8","","-0.09%"
"06/16/2023","17,991.4","18,216.5","18,230.9","17,978.9","","-0.67%"
"06/15/2023","18,112.6","17,831.3","18,185.5","17,808.0","","1.20%"
"06/14/2023","17,898.1","17,765.0","17,911.7","17,634.5","","0.71%"
"06/13/2023","17,771.6","17,784.0","17,808.5","17,615.7","","0.79%"
"06/12/2023","17,632.0","17,432.9","17,638.3","17,378.0","","1.76%"
"06/09/2023","17,326.7","17,381.4","17,499.0","17,278.0","","0.30%"
"06/08/2023","17,274.5","17,077.3","17,296.8","17,071.9","","1.27%"
"06/07/2023","17,057.7","17,379.7","17,468.7","17,034.5","","-1.75%"
"06/06/2023","17,361.4","17,323.3","17,403.7","17,264.7","","0.01%"
"06/05/2023","17,359.5","17,351.9","17,486.4","17,312.2","","0.07%"
"06/02/2023","17,347.0","17,311.7","17,405.6","17,222.4","","0.73%"
"06/01/2023","17,221.1","17,015.5","17,282.9","16,956.9","","1.33%"
"05/31/2023","16,995.6","17,042.6","17,140.2","16,950.3","","-0.70%"
"05/30/2023","17,114.6","17,246.5","17,311.6","17,050.3","","0.40%"
"05/26/2023","17,046.8","16,679.8","17,083.9","16,669.8","","2.58%"
"05/25/2023","16,617.6","16,596.5","16,675.2","16,466.9","","2.46%"
"05/24/2023","16,219.1","16,200.7","16,280.2","16,119.5","","-0.50%"
"05/23/2023","16,299.9","16,420.5","16,484.2","16,288.4","","-1.28%"
"05/22/2023","16,511.2","16,458.2","16,563.6","16,443.5","","0.34%"
"05/19/2023","16,456.0","16,502.8","16,540.6","16,408.8","","-0.22%"
"05/18/2023","16,492.9","16,223.9","16,505.0","16,221.3","","1.81%"
"05/17/2023","16,199.7","16,063.0","16,222.5","15,997.3","","1.25%"
"05/16/2023","15,999.2","15,950.7","16,085.5","15,950.0","","0.09%"
"05/15/2023","15,984.1","15,911.1","15,991.6","15,846.3","","0.55%"
"05/12/2023","15,896.7","15,976.4","16,000.7","15,797.1","","-0.35%"
"05/11/2023","15,952.2","15,936.8","15,978.3","15,852.5","","0.32%"
"05/10/2023","15,900.6","15,853.6","15,944.2","15,730.2","","1.11%"
"05/09/2023","15,725.3","15,758.0","15,789.2","15,716.6","","-0.68%"
"05/08/2023","15,832.6","15,779.5","15,845.4","15,715.2","","0.25%"
"05/05/2023","15,793.9","15,569.4","15,831.9","15,556.6","","2.14%"
"05/04/2023","15,463.0","15,500.6","15,560.1","15,410.6","","-0.36%"
"05/03/2023","15,518.6","15,629.2","15,758.5","15,513.6","","-0.64%"
"05/02/2023","15,618.0","15,751.1","15,770.2","15,538.3","","-0.89%"
"05/01/2023","15,758.3","15,755.5","15,825.0","15,704.6","","-0.11%"
"04/28/2023","15,775.4","15,648.4","15,777.0","15,597.8","","0.65%"
"04/27/2023","15,673.0","15,438.6","15,691.6","15,409.2","","2.76%"
"04/26/2023","15,251.9","15,154.8","15,398.6","15,224.5","","0.64%"
"04/25/2023","15,154.8","15,369.1","15,402.7","15,153.7","","-1.89%"
"04/24/2023","15,446.1","15,460.4","15,534.8","15,343.7","","-0.24%"
"04/21/2023","15,483.1","15,446.8","15,518.9","15,362.6","","0.11%"
"04/20/2023","15,465.5","15,437.2","15,610.7","15,403.3","","-0.78%"
"04/19/2023","15,587.8","15,473.2","15,634.9","15,468.1","","-0.02%"
"04/18/2023","15,591.5","15,696.9","15,715.8","15,534.8","","0.03%"
"04/17/2023","15,586.6","15,545.6","15,608.0","15,459.8","","0.06%"
"04/14/2023","15,576.9","15,535.4","15,663.5","15,437.5","","-0.23%"
"04/13/2023","15,612.4","15,390.3","15,630.3","15,386.9","","2.03%"
"04/12/2023","15,301.5","15,534.5","15,567.9","15,283.6","","-0.89%"
"04/11/2023","15,439.5","15,530.4","15,541.2","15,419.8","","-0.67%"
"04/10/2023","15,543.2","15,406.6","15,543.9","15,317.2","","-0.09%"
"04/06/2023","15,556.7","15,354.6","15,575.2","15,298.8","","0.74%"
"04/05/2023","15,442.7","15,549.4","15,559.5","15,356.0","","-1.01%"
"04/04/2023","15,600.5","15,678.2","15,724.3","15,540.9","","-0.35%"
"04/03/2023","15,654.6","15,578.1","15,665.5","15,521.5","","-0.25%"
"03/31/2023","15,693.9","15,441.0","15,702.8","15,439.9","","1.68%"
"03/30/2023","15,434.1","15,400.6","15,463.7","15,352.0","","0.92%"
"03/29/2023","15,293.7","15,201.0","15,319.1","15,161.2","","1.87%"
"03/28/2023","15,013.4","15,066.2","15,066.2","14,903.0","","-0.49%"
"03/27/2023","15,087.8","15,236.4","15,285.9","15,057.9","","-0.74%"
"03/24/2023","15,199.7","15,120.5","15,203.5","15,010.5","","0.30%"
"03/23/2023","15,154.7","15,162.2","15,358.1","15,014.7","","1.29%"
"03/22/2023","14,961.7","15,170.3","15,409.9","14,957.7","","-1.37%"
"03/21/2023","15,169.2","15,052.4","15,194.2","14,980.3","","1.44%"
"03/20/2023","14,954.0","14,865.0","14,972.8","14,769.8","","0.34%"
"03/17/2023","14,903.2","14,963.0","15,087.0","14,812.9","","-0.49%"
"03/16/2023","14,976.4","14,536.5","14,993.4","14,511.3","","2.69%"
"03/15/2023","14,583.5","14,383.4","14,605.1","14,315.5","","0.42%"
"03/14/2023","14,522.1","14,377.7","14,543.7","14,326.3","","2.33%"
"03/13/2023","14,190.8","13,987.2","14,370.3","13,919.7","","0.79%"
"03/10/2023","14,080.1","14,284.1","14,365.0","14,032.0","","-1.38%"
"03/09/2023","14,277.2","14,556.8","14,687.3","14,246.8","","-1.79%"
"03/08/2023","14,537.0","14,496.2","14,563.6","14,402.4","","0.52%"
"03/07/2023","14,461.8","14,641.5","14,690.2","14,435.4","","-1.22%"
"03/06/2023","14,640.6","14,690.8","14,836.2","14,634.7","","0.10%"
"03/03/2023","14,626.7","14,412.4","14,638.2","14,394.0","","2.04%"
"03/02/2023","14,334.0","14,078.5","14,369.4","14,078.5","","0.91%"
"03/01/2023","14,205.0","14,309.9","14,342.9","14,167.0","","-0.85%"
"02/28/2023","14,327.2","14,326.8","14,451.4","14,302.5","","-0.13%"
"02/27/2023","14,345.7","14,404.0","14,466.9","14,318.2","","0.74%"
"02/24/2023","14,240.6","14,252.7","14,298.5","14,158.7","","-1.72%"
"02/23/2023","14,489.9","14,542.6","14,546.2","14,279.6","","0.96%"
"02/22/2023","14,352.8","14,375.9","14,459.8","14,281.2","","0.05%"
"02/21/2023","14,345.4","14,517.8","14,579.5","14,343.0","","-2.41%"
"02/17/2023","14,699.8","14,692.8","14,732.3","14,551.8","","-0.68%"
"02/16/2023","14,799.8","14,862.4","15,050.7","14,796.8","","-1.93%"
"02/15/2023","15,091.5","14,905.7","15,093.2","14,852.0","","0.80%"
"02/14/2023","14,971.0","14,759.7","15,014.4","14,692.2","","0.72%"
"02/13/2023","14,864.2","14,690.9","14,888.6","14,639.7","","1.61%"
"02/10/2023","14,629.4","14,631.4","14,713.6","14,509.7","","-0.60%"
"02/09/2023","14,717.1","15,069.4","15,071.7","14,653.2","","-0.91%"
"02/08/2023","14,851.6","15,071.1","15,106.0","14,822.8","","-1.83%"
"02/07/2023","15,128.0","14,826.9","15,179.4","14,761.2","","2.12%"
"02/06/2023","14,814.5","14,819.6","14,926.6","14,751.9","","-0.85%"
"02/03/2023","14,941.9","14,879.6","15,245.3","14,879.6","","-1.79%"
"02/02/2023","15,214.7","15,038.9","15,307.2","14,974.2","","3.56%"
"02/01/2023","14,691.3","14,364.3","14,805.1","14,272.6","","2.16%"
"01/31/2023","14,380.7","14,159.7","14,383.3","14,159.7","","1.59%"
"01/30/2023","14,155.5","14,315.6","14,363.8","14,148.0","","-2.08%"
"01/27/2023","14,456.2","14,258.5","14,553.1","14,258.1","","0.96%"
"01/26/2023","14,319.4","14,225.7","14,324.6","14,084.0","","2.00%"
"01/25/2023","14,038.1","13,825.8","14,070.3","13,723.7","","-0.27%"
"01/24/2023","14,076.0","14,024.1","14,126.8","13,997.0","","-0.22%"
"01/23/2023","14,106.8","13,844.8","14,161.9","13,804.2","","2.18%"
"01/20/2023","13,805.6","13,502.4","13,810.6","13,461.6","","2.86%"
"01/19/2023","13,421.4","13,480.2","13,531.6","13,369.4","","-1.00%"
"01/18/2023","13,557.6","13,826.5","13,890.2","13,549.3","","-1.27%"
"01/17/2023","13,732.1","13,701.7","13,801.9","13,645.2","","0.14%"
"01/13/2023","13,713.5","13,500.4","13,721.2","13,483.1","","0.71%"
"01/12/2023","13,616.2","13,594.6","13,665.2","13,362.4","","0.50%"
"01/11/2023","13,548.4","13,378.0","13,550.0","13,332.4","","1.76%"
"01/10/2023","13,314.6","13,152.1","13,316.7","13,130.3","","0.88%"
"01/09/2023","13,198.9","13,228.2","13,432.3","13,171.5","","0.62%"
"01/06/2023","13,117.8","12,841.0","13,168.0","12,709.1","","2.78%"
"01/05/2023","12,762.3","12,876.4","12,882.5","12,746.9","","-1.59%"
"01/04/2023","12,968.2","13,009.2","13,047.4","12,814.6","","0.49%"
"01/03/2023","12,904.4","13,113.2","13,178.1","12,795.4","","-0.69%"
"12/30/2022","12,994.6","12,870.8","12,998.3","12,803.2","","-0.10%"
"12/29/2022","13,007.8","12,829.4","13,043.5","12,800.6","","2.55%"
"12/28/2022","12,684.5","12,836.2","12,944.9","12,674.8","","-1.32%"
"12/27/2022","12,854.2","12,998.9","13,014.5","12,836.5","","-1.48%"
"12/23/2022","13,047.7","12,959.4","13,073.4","12,864.2","","0.27%"
"12/22/2022","13,012.9","13,183.0","13,200.7","12,808.5","","-2.49%"
"12/21/2022","13,345.2","13,196.4","13,404.4","13,164.0","","1.48%"
"12/20/2022","13,151.0","13,092.9","13,235.6","13,025.9","","-0.11%"
"12/19/2022","13,165.5","13,353.6","13,363.8","13,100.4","","-1.40%"
"12/16/2022","13,352.2","13,435.3","13,518.1","13,271.3","","-0.89%"
"12/15/2022","13,472.8","13,743.7","13,765.0","13,419.5","","-3.37%"
"12/14/2022","13,942.7","14,042.0","14,180.6","13,796.0","","-0.78%"
"12/13/2022","14,051.9","14,416.5","14,446.4","13,922.1","","1.09%"
"12/12/2022","13,899.9","13,740.6","13,901.4","13,689.7","","1.24%"
"12/09/2022","13,730.0","13,766.9","13,900.7","13,714.5","","-0.64%"
"12/08/2022","13,818.0","13,706.7","13,859.2","13,620.0","","1.22%"
"12/07/2022","13,651.0","13,643.4","13,746.4","13,573.3","","-0.45%"
"12/06/2022","13,713.1","13,980.9","13,999.5","13,640.6","","-2.01%"
"12/05/2022","13,994.6","14,128.5","14,197.1","13,929.7","","-1.73%"
"12/02/2022","14,240.8","14,064.2","14,280.4","14,040.5","","-0.39%"
"12/01/2022","14,296.8","14,283.0","14,384.0","14,162.4","","0.11%"
"11/30/2022","14,280.6","13,658.3","14,282.2","13,630.0","","4.59%"
"11/29/2022","13,654.2","13,757.3","13,784.6","13,591.2","","-0.72%"
"11/28/2022","13,753.9","13,868.3","13,964.1","13,715.4","","-1.43%"
"11/25/2022","13,953.7","13,979.0","14,010.5","13,945.1","","-0.70%"
"11/23/2022","14,051.8","13,917.0","14,084.7","13,913.3","","0.98%"
"11/22/2022","13,915.7","13,756.7","13,924.0","13,652.9","","1.48%"
"11/21/2022","13,712.2","13,795.1","13,844.5","13,677.7","","-1.06%"
"11/18/2022","13,858.4","13,994.7","13,998.1","13,742.9","","0.00%"
"11/17/2022","13,858.3","13,674.0","13,930.4","13,671.4","","-0.19%"
"11/16/2022","13,884.5","13,965.5","14,000.6","13,853.7","","-1.41%"
"11/15/2022","14,083.3","14,243.8","14,265.8","13,922.2","","1.45%"
"11/14/2022","13,881.4","13,913.6","14,074.6","13,843.6","","-0.97%"
"11/11/2022","14,017.5","13,765.2","14,044.8","13,683.6","","1.82%"
"11/10/2022","13,767.1","13,464.0","13,774.5","13,328.0","","7.49%"
"11/09/2022","12,808.2","13,014.4","13,063.3","12,799.6","","-2.35%"
"11/08/2022","13,116.5","13,092.8","13,273.5","12,924.4","","0.75%"
"11/07/2022","13,018.3","12,927.9","13,046.9","12,829.2","","1.11%"
"11/04/2022","12,876.0","12,941.1","12,968.0","12,609.7","","1.59%"
"11/03/2022","12,673.9","12,767.3","12,865.4","12,662.3","","-1.98%"
"11/02/2022","12,929.5","13,396.5","13,527.7","12,926.1","","-3.39%"
"11/01/2022","13,383.1","13,718.1","13,721.5","13,370.4","","-1.02%"
"10/31/2022","13,521.3","13,592.0","13,613.1","13,433.2","","-1.22%"
"10/28/2022","13,688.0","13,250.4","13,708.1","13,250.4","","3.18%"
"10/27/2022","13,266.3","13,498.7","13,533.5","13,252.4","","-1.87%"
"10/26/2022","13,519.7","13,524.3","13,817.4","13,498.9","","-2.26%"
"10/25/2022","13,832.5","13,610.7","13,846.6","13,607.8","","2.10%"
"10/24/2022","13,548.4","13,419.0","13,593.3","13,235.7","","1.06%"
"10/21/2022","13,406.2","13,036.2","13,426.9","12,993.4","","2.39%"
"10/20/2022","13,093.8","13,134.7","13,370.0","13,039.9","","-0.51%"
"10/19/2022","13,160.9","13,135.4","13,312.7","13,048.0","","-0.40%"
"10/18/2022","13,213.5","13,475.5","13,482.1","13,080.8","","0.77%"
"10/17/2022","13,112.5","12,999.6","13,146.1","12,990.7","","3.46%"
"10/14/2022","12,673.4","13,192.6","13,219.6","12,656.1","","-3.10%"
"10/13/2022","13,078.2","12,423.9","13,142.3","12,375.4","","2.30%"
"10/12/2022","12,784.3","12,813.5","12,903.8","12,747.8","","-0.05%"
"10/11/2022","12,791.1","12,878.8","13,016.9","12,702.2","","-1.24%"
"10/10/2022","12,951.8","13,095.9","13,113.3","12,830.1","","-1.02%"
"10/07/2022","13,085.2","13,361.3","13,386.5","13,028.5","","-3.88%"
"10/06/2022","13,613.7","13,697.7","13,821.2","13,598.7","","-0.76%"
"10/05/2022","13,717.3","13,546.9","13,805.5","13,408.3","","-0.08%"
"10/04/2022","13,728.3","13,604.3","13,760.0","13,586.0","","3.17%"
"10/03/2022","13,306.7","13,104.6","13,385.8","13,016.7","","2.36%"
"09/30/2022","13,000.4","13,180.4","13,385.4","12,995.3","","-1.73%"
"09/29/2022","13,229.8","13,430.9","13,437.3","13,080.7","","-2.86%"
"09/28/2022","13,618.6","13,340.0","13,681.4","13,283.3","","1.97%"
"09/27/2022","13,355.5","13,520.8","13,628.7","13,241.2","","0.16%"
"09/26/2022","13,334.5","13,369.0","13,594.3","13,312.8","","-0.51%"
"09/23/2022","13,402.3","13,505.9","13,510.3","13,234.5","","-1.66%"
"09/22/2022","13,627.8","13,714.0","13,765.7","13,565.3","","-1.17%"
"09/21/2022","13,789.2","14,091.2","14,292.3","13,787.3","","-1.79%"
"09/20/2022","14,040.2","14,045.3","14,158.2","13,933.8","","-0.85%"
"09/19/2022","14,160.8","13,924.2","14,164.9","13,922.8","","0.77%"
"09/16/2022","14,051.9","13,950.7","14,068.1","13,872.9","","-0.55%"
"09/15/2022","14,130.2","14,256.9","14,397.8","14,059.6","","-1.71%"
"09/14/2022","14,375.3","14,325.1","14,417.8","14,235.6","","0.85%"
"09/13/2022","14,254.1","14,646.4","14,711.8","14,219.5","","-5.54%"
"09/12/2022","15,090.2","14,983.0","15,105.7","14,971.8","","1.20%"
"09/09/2022","14,910.8","14,716.4","14,937.0","14,716.4","","2.17%"
"09/08/2022","14,594.4","14,379.3","14,657.1","14,356.4","","0.51%"
"09/07/2022","14,520.7","14,258.6","14,566.5","14,245.4","","2.07%"
"09/06/2022","14,226.7","14,339.5","14,393.8","14,129.0","","-0.72%"
"09/02/2022","14,329.9","14,678.1","14,747.8","14,255.3","","-1.43%"
"09/01/2022","14,538.4","14,401.3","14,557.0","14,228.5","","0.04%"
"08/31/2022","14,533.3","14,741.7","14,805.8","14,528.6","","-0.56%"
"08/30/2022","14,615.7","14,875.8","14,888.2","14,495.0","","-1.13%"
"08/29/2022","14,783.0","14,787.9","14,913.3","14,731.0","","-0.96%"
"08/26/2022","14,925.6","15,546.9","15,600.6","14,923.5","","-4.10%"
"08/25/2022","15,563.1","15,375.0","15,567.0","15,335.8","","1.75%"
"08/24/2022","15,295.2","15,245.9","15,386.7","15,207.3","","0.28%"
"08/23/2022","15,252.1","15,256.2","15,392.9","15,217.7","","-0.07%"
"08/22/2022","15,262.5","15,458.8","15,478.6","15,226.1","","-2.66%"
"08/19/2022","15,679.7","15,830.4","15,868.8","15,641.7","","-1.95%"
"08/18/2022","15,991.2","15,953.6","16,047.1","15,872.5","","0.27%"
"08/17/2022","15,948.6","15,982.2","16,091.5","15,852.7","","-1.17%"
"08/16/2022","16,138.1","16,117.3","16,239.5","15,988.1","","-0.23%"
"08/15/2022","16,175.8","16,013.0","16,197.7","16,007.0","","0.75%"
"08/12/2022","16,055.9","15,841.4","16,055.9","15,790.5","","2.07%"
"08/11/2022","15,730.9","15,942.7","16,042.5","15,706.4","","-0.63%"
"08/10/2022","15,831.1","15,774.7","15,841.2","15,643.8","","2.85%"
"08/09/2022","15,392.7","15,459.1","15,496.3","15,318.7","","-1.14%"
"08/08/2022","15,570.9","15,651.3","15,849.4","15,505.4","","-0.37%"
"08/05/2022","15,628.3","15,509.7","15,721.0","15,465.8","","-0.76%"
"08/04/2022","15,747.7","15,680.0","15,766.2","15,581.4","","0.45%"
"08/03/2022","15,677.2","15,358.2","15,719.7","15,347.8","","2.73%"
"08/02/2022","15,261.2","15,203.7","15,464.3","15,151.7","","-0.30%"
"08/01/2022","15,307.5","15,232.1","15,477.7","15,180.2","","-0.06%"
"07/29/2022","15,316.0","15,122.3","15,361.8","15,053.8","","1.82%"
"07/28/2022","15,042.5","14,880.2","15,070.8","14,706.2","","0.93%"
"07/27/2022","14,904.3","14,547.0","14,974.5","14,496.8","","4.26%"
"07/26/2022","14,295.7","14,486.5","14,499.3","14,253.5","","-1.96%"
"07/25/2022","14,581.1","14,655.4","14,684.3","14,481.8","","-0.55%"
"07/22/2022","14,661.6","14,873.7","14,976.7","14,574.5","","-1.77%"
"07/21/2022","14,925.3","14,744.0","14,926.6","14,608.3","","1.44%"
"07/20/2022","14,712.7","14,511.0","14,770.3","14,467.3","","1.55%"
"07/19/2022","14,487.7","14,247.9","14,498.3","14,154.8","","3.13%"
"07/18/2022","14,047.8","14,298.8","14,377.3","13,999.4","","-0.89%"
"07/15/2022","14,173.3","14,069.9","14,178.0","13,989.5","","1.83%"
"07/14/2022","13,918.8","13,763.6","13,957.5","13,587.5","","0.34%"
"07/13/2022","13,871.6","13,629.6","13,979.5","13,600.1","","-0.14%"
"07/12/2022","13,891.1","14,106.2","14,181.4","13,819.0","","-0.97%"
"07/11/2022","14,027.5","14,203.1","14,223.5","13,992.7","","-2.19%"
"07/08/2022","14,341.4","14,166.7","14,404.8","14,140.7","","0.14%"
"07/07/2022","14,321.3","14,090.3","14,355.2","14,071.1","","2.16%"
"07/06/2022","14,017.9","13,964.1","14,122.8","13,869.8","","0.62%"
"07/05/2022","13,931.9","13,505.6","13,934.1","13,442.6","","1.70%"
"07/01/2022","13,698.7","13,565.1","13,707.2","13,453.9","","0.71%"
"06/30/2022","13,601.8","13,635.6","13,775.9","13,388.0","","-1.32%"
"06/29/2022","13,784.2","13,737.8","13,845.6","13,641.7","","0.18%"
"06/28/2022","13,759.3","14,212.8","14,345.9","13,753.9","","-3.09%"
"06/27/2022","14,197.4","14,374.3","14,395.7","14,147.0","","-0.81%"
"06/24/2022","14,312.8","13,983.0","14,321.0","13,965.6","","3.49%"
"06/23/2022","13,830.2","13,740.8","13,867.9","13,614.8","","1.47%"
"06/22/2022","13,629.2","13,511.0","13,842.5","13,505.7","","-0.16%"
"06/21/2022","13,651.8","13,533.8","13,760.2","13,533.8","","2.51%"
"06/17/2022","13,317.7","13,207.4","13,426.4","13,109.6","","1.24%"
"06/16/2022","13,154.1","13,342.4","13,371.0","13,047.3","","-4.02%"
"06/15/2022","13,705.2","13,556.7","13,891.4","13,412.9","","2.49%"
"06/14/2022","13,371.7","13,458.6","13,497.6","13,246.7","","0.22%"
"06/13/2022","13,342.0","13,559.3","13,673.3","13,301.6","","-4.60%"
"06/10/2022","13,985.5","14,245.3","14,280.9","13,976.7","","-3.56%"
"06/09/2022","14,502.0","14,825.3","14,970.8","14,497.4","","-2.73%"
"06/08/2022","14,909.6","14,989.6","15,100.5","14,866.4","","-0.76%"
"06/07/2022","15,023.6","14,722.0","15,053.9","14,671.3","","0.89%"
"06/06/2022","14,891.0","15,063.9","15,133.1","14,814.1","","0.41%"
"06/03/2022","14,829.9","14,950.9","15,038.8","14,779.9","","-2.67%"
"06/02/2022","15,237.5","14,771.6","15,243.1","14,711.5","","2.76%"
"06/01/2022","14,828.3","15,066.9","15,149.8","14,721.4","","-0.73%"
"05/31/2022","14,938.0","14,993.3","15,080.7","14,749.2","","-0.31%"
"05/27/2022","14,984.3","14,677.5","14,985.6","14,658.0","","3.30%"
"05/26/2022","14,505.4","14,068.3","14,577.4","14,062.4","","2.79%"
"05/25/2022","14,111.5","13,861.6","14,211.9","13,840.2","","1.48%"
"05/24/2022","13,905.5","13,950.3","13,991.7","13,676.6","","-2.20%"
"05/23/2022","14,217.9","14,020.4","14,233.9","13,924.3","","1.68%"
"05/20/2022","13,983.1","14,221.1","14,230.1","13,577.5","","-0.34%"
"05/19/2022","14,030.4","14,026.8","14,256.3","13,936.1","","-0.44%"
"05/18/2022","14,091.7","14,593.2","14,637.0","14,042.9","","-5.04%"
"05/17/2022","14,839.0","14,759.4","14,849.5","14,567.3","","2.62%"
"05/16/2022","14,460.5","14,523.7","14,639.9","14,404.5","","-1.15%"
"05/13/2022","14,629.0","14,320.2","14,678.4","14,253.1","","3.70%"
"05/12/2022","14,106.7","13,923.2","14,323.0","13,807.5","","-0.17%"
"05/11/2022","14,130.6","14,452.6","14,724.9","14,097.0","","-3.06%"
"05/10/2022","14,576.9","14,755.2","14,803.7","14,373.4","","1.30%"
"05/09/2022","14,390.1","14,718.5","14,808.7","14,329.2","","-3.98%"
"05/06/2022","14,986.8","15,085.1","15,261.8","14,785.2","","-1.19%"
"05/05/2022","15,167.9","15,751.2","15,751.2","15,002.7","","-5.05%"
"05/04/2022","15,974.5","15,472.4","15,999.2","15,209.5","","3.41%"
"05/03/2022","15,448.3","15,395.8","15,553.2","15,321.8","","0.11%"
"05/02/2022","15,431.3","15,182.3","15,440.4","15,007.4","","1.72%"
"04/29/2022","15,170.4","15,666.3","15,847.5","15,147.6","","-4.47%"
"04/28/2022","15,880.0","15,642.7","15,982.1","15,386.9","","3.48%"
"04/27/2022","15,345.3","15,352.4","15,626.8","15,266.3","","-0.05%"
"04/26/2022","15,352.8","15,869.6","15,869.6","15,352.7","","-3.87%"
"04/25/2022","15,970.3","15,666.1","15,980.4","15,624.0","","1.32%"
"04/22/2022","15,762.2","16,184.4","16,249.0","15,745.6","","-2.65%"
"04/21/2022","16,191.3","16,727.6","16,848.3","16,146.7","","-1.99%"
"04/20/2022","16,519.4","16,811.7","16,832.2","16,477.3","","-1.49%"
"04/19/2022","16,769.3","16,382.8","16,800.3","16,337.9","","2.15%"
"04/18/2022","16,415.8","16,355.3","16,518.7","16,272.1","","0.13%"
"04/14/2022","16,395.1","16,787.2","16,798.9","16,385.2","","-2.28%"
"04/13/2022","16,777.6","16,449.9","16,826.6","16,426.1","","1.99%"
"04/12/2022","16,450.2","16,728.0","16,833.1","16,382.3","","-0.36%"
"04/11/2022","16,509.1","16,697.2","16,742.2","16,496.1","","-2.35%"
"04/08/2022","16,906.9","17,052.3","17,099.1","16,883.8","","-1.41%"
"04/07/2022","17,147.9","17,074.3","17,256.9","16,892.8","","0.23%"
"04/06/2022","17,108.9","17,228.6","17,274.7","16,986.8","","-2.17%"
"04/05/2022","17,488.6","17,829.1","17,842.6","17,443.7","","-2.22%"
"04/04/2022","17,884.9","17,582.7","17,887.7","17,560.5","","2.01%"
"04/01/2022","17,532.9","17,563.2","17,609.3","17,370.8","","0.15%"
"03/31/2022","17,506.1","17,784.2","17,800.9","17,502.2","","-1.54%"
"03/30/2022","17,780.7","17,905.3","17,966.5","17,708.5","","-1.10%"
"03/29/2022","17,978.0","17,864.3","18,008.8","17,742.4","","1.68%"
"03/28/2022","17,680.8","17,416.3","17,682.8","17,348.8","","1.58%"
"03/25/2022","17,405.9","17,420.7","17,466.7","17,197.4","","-0.08%"
"03/24/2022","17,419.3","17,140.9","17,421.7","17,035.8","","2.20%"
"03/23/2022","17,044.0","17,135.6","17,319.8","17,042.2","","-1.41%"
"03/22/2022","17,287.9","16,983.2","17,328.8","16,970.8","","1.94%"
"03/21/2022","16,959.7","16,960.9","17,071.2","16,740.8","","-0.29%"
"03/18/2022","17,009.4","16,586.2","17,018.1","16,530.9","","2.14%"
"03/17/2022","16,653.8","16,371.2","16,662.1","16,310.2","","1.16%"
"03/16/2022","16,462.9","16,081.1","16,467.0","15,894.7","","3.70%"
"03/15/2022","15,875.2","15,540.7","15,910.2","15,443.4","","3.16%"
"03/14/2022","15,389.1","15,626.7","15,790.1","15,358.2","","-1.91%"
"03/11/2022","15,688.1","16,159.8","16,174.7","15,668.5","","-2.13%"
"03/10/2022","16,029.1","16,013.6","16,079.5","15,803.2","","-1.09%"
"03/09/2022","16,206.1","16,050.8","16,266.1","15,925.8","","3.58%"
"03/08/2022","15,646.3","15,655.2","16,112.8","15,483.3","","-0.39%"
"03/07/2022","15,707.2","16,337.2","16,367.3","15,701.4","","-3.75%"
"03/04/2022","16,318.6","16,459.9","16,501.6","16,201.6","","-1.41%"
"03/03/2022","16,551.4","16,910.4","16,913.8","16,468.8","","-1.45%"
"03/02/2022","16,795.3","16,596.6","16,853.2","16,464.0","","1.70%"
"03/01/2022","16,514.0","16,740.0","16,827.2","16,397.2","","-1.63%"
"02/28/2022","16,787.3","16,576.0","16,856.6","16,517.9","","0.34%"
"02/25/2022","16,729.9","16,476.1","16,734.4","16,330.4","","1.54%"
"02/24/2022","16,476.8","15,404.9","16,493.8","15,404.9","","3.46%"
"02/23/2022","15,925.7","16,524.0","16,546.4","15,917.6","","-2.60%"
"02/22/2022","16,351.4","16,377.7","16,632.8","16,175.0","","-0.99%"
"02/18/2022","16,515.0","16,748.4","16,769.8","16,408.0","","-1.14%"
"02/17/2022","16,705.9","17,075.3","17,089.8","16,686.7","","-2.95%"
"02/16/2022","17,214.3","17,109.7","17,266.3","16,973.5","","-0.10%"
"02/15/2022","17,231.0","17,067.5","17,235.3","17,023.1","","2.47%"
"02/14/2022","16,815.9","16,774.4","16,971.6","16,640.4","","0.11%"
"02/11/2022","16,797.0","17,369.2","17,404.8","16,727.1","","-3.07%"
"02/10/2022","17,329.2","17,405.8","17,719.9","17,247.8","","-2.33%"
"02/09/2022","17,742.3","17,593.9","17,743.4","17,522.4","","2.10%"
"02/08/2022","17,376.6","17,124.7","17,421.6","17,068.8","","1.21%"
"02/07/2022","17,169.5","17,340.6","17,455.4","17,114.6","","-0.84%"
"02/04/2022","17,314.4","17,163.5","17,476.6","17,029.2","","1.36%"
"02/03/2022","17,082.0","17,309.0","17,500.6","17,046.7","","-4.22%"
"02/02/2022","17,833.8","17,873.0","17,900.6","17,623.1","","0.80%"
"02/01/2022","17,692.4","17,629.9","17,709.7","17,374.1","","0.60%"
"01/31/2022","17,586.6","17,086.0","17,591.8","17,012.7","","3.29%"
"01/28/2022","17,026.5","16,598.6","17,030.3","16,350.3","","3.23%"
"01/27/2022","16,493.1","16,897.5","16,983.5","16,457.5","","-1.20%"
"01/26/2022","16,692.9","17,069.5","17,250.9","16,497.0","","0.17%"
"01/25/2022","16,665.1","16,769.3","16,972.8","16,529.3","","-2.48%"
"01/24/2022","17,089.6","16,679.0","17,116.7","16,165.4","","0.49%"
"01/21/2022","17,005.8","17,347.7","17,512.3","16,999.0","","-2.75%"
"01/20/2022","17,486.4","17,875.0","18,076.7","17,470.2","","-1.34%"
"01/19/2022","17,723.6","18,005.6","18,117.2","17,712.5","","-1.07%"
"01/18/2022","17,915.5","18,112.5","18,192.9","17,882.8","","-2.57%"
"01/14/2022","18,387.6","18,134.2","18,394.2","18,134.2","","0.75%"
"01/13/2022","18,251.0","18,809.8","18,833.7","18,218.6","","-2.57%"
"01/12/2022","18,733.3","18,792.6","18,865.6","18,628.3","","0.38%"
"01/11/2022","18,661.5","18,353.6","18,666.7","18,252.5","","1.47%"
"01/10/2022","18,390.9","18,118.6","18,406.8","17,862.2","","0.14%"
"01/07/2022","18,364.7","18,579.0","18,650.7","18,287.7","","-1.10%"
"01/06/2022","18,568.5","18,462.3","18,727.7","18,383.8","","-0.04%"
"01/05/2022","18,575.9","19,069.2","19,138.3","18,566.6","","-3.12%"
"01/04/2022","19,173.9","19,449.6","19,449.6","19,023.3","","-1.33%"
"01/03/2022","19,431.9","19,306.8","19,434.7","19,202.1","","1.11%"
"12/31/2021","19,217.9","19,325.3","19,388.1","19,214.6","","-0.66%"
"12/30/2021","19,346.2","19,412.5","19,511.6","19,329.7","","-0.37%"
"12/29/2021","19,418.5","19,441.6","19,486.7","19,306.8","","0.01%"
"12/28/2021","19,415.7","19,550.2","19,555.3","19,380.2","","-0.48%"
"12/27/2021","19,508.5","19,265.4","19,508.7","19,265.4","","1.59%"
"12/23/2021","19,203.2","19,080.2","19,265.1","19,061.7","","0.79%"
"12/22/2021","19,052.4","18,797.3","19,059.6","18,778.5","","1.21%"
"12/21/2021","18,824.1","18,598.2","18,837.5","18,389.9","","2.31%"
"12/20/2021","18,399.4","18,327.8","18,440.6","18,259.4","","-1.10%"
"12/17/2021","18,604.1","18,501.7","18,791.0","18,442.3","","-0.39%"
"12/16/2021","18,677.6","19,232.3","19,238.8","18,605.4","","-2.61%"
"12/15/2021","19,178.8","18,730.0","19,192.5","18,539.9","","2.35%"
"12/14/2021","18,737.6","18,693.8","18,832.2","18,535.0","","-1.03%"
"12/13/2021","18,933.4","19,210.4","19,227.8","18,925.1","","-1.53%"
"12/10/2021","19,227.0","19,163.8","19,235.4","18,999.8","","1.13%"
"12/09/2021","19,012.3","19,233.9","19,322.7","19,002.7","","-1.49%"
"12/08/2021","19,299.9","19,205.2","19,307.8","19,130.4","","0.42%"
"12/07/2021","19,219.0","18,999.9","19,240.2","18,986.9","","3.03%"
"12/06/2021","18,654.5","18,535.3","18,716.2","18,315.0","","0.85%"
"12/03/2021","18,496.5","18,881.9","18,941.0","18,297.8","","-1.74%"
"12/02/2021","18,824.6","18,589.8","18,913.5","18,565.8","","0.72%"
"12/01/2021","18,689.2","19,242.7","19,336.0","18,673.1","","-1.59%"
"11/30/2021","18,992.1","19,225.1","19,367.1","18,918.9","","-1.60%"
"11/29/2021","19,301.8","19,141.9","19,346.4","19,084.4","","2.33%"
"11/26/2021","18,861.7","19,111.0","19,187.7","18,818.6","","-2.09%"
"11/24/2021","19,264.5","19,069.7","19,267.8","18,956.4","","0.38%"
"11/23/2021","19,191.7","19,219.3","19,322.1","18,974.0","","-0.45%"
"11/22/2021","19,279.1","19,589.5","19,730.8","19,271.8","","-1.16%"
"11/19/2021","19,505.3","19,487.9","19,567.1","19,447.1","","0.55%"
"11/18/2021","19,399.0","19,299.9","19,421.3","19,194.8","","1.07%"
"11/17/2021","19,192.8","19,217.5","19,299.8","19,156.0","","0.01%"
"11/16/2021","19,191.0","19,026.9","19,214.2","19,010.9","","0.75%"
"11/15/2021","19,049.1","19,093.6","19,128.6","18,939.9","","-0.06%"
"11/12/2021","19,060.3","18,917.1","19,082.3","18,840.2","","1.05%"
"11/11/2021","18,862.1","18,958.1","18,960.7","18,846.7","","0.29%"
"11/10/2021","18,806.9","18,926.3","19,088.0","18,712.5","","-1.44%"
"11/09/2021","19,081.1","19,281.1","19,295.1","19,020.7","","-0.71%"
"11/08/2021","19,217.1","19,235.3","19,294.7","19,191.2","","-0.14%"
"11/05/2021","19,244.6","19,289.6","19,356.5","19,177.2","","0.10%"
"11/04/2021","19,226.1","19,046.1","19,275.1","19,018.3","","1.26%"
"11/03/2021","18,987.0","18,817.7","19,002.4","18,758.9","","1.08%"
"11/02/2021","18,784.7","18,682.2","18,803.3","18,672.7","","0.42%"
"11/01/2021","18,705.4","18,675.2","18,711.4","18,564.3","","0.35%"
"10/29/2021","18,641.0","18,392.0","18,648.5","18,392.0","","0.47%"
"10/28/2021","18,554.3","18,432.3","18,561.2","18,403.6","","1.15%"
"10/27/2021","18,342.5","18,348.1","18,497.0","18,319.3","","0.25%"
"10/26/2021","18,296.8","18,362.4","18,474.7","18,248.7","","0.29%"
"10/25/2021","18,243.5","18,129.5","18,292.2","18,036.9","","1.04%"
"10/22/2021","18,056.2","18,134.9","18,196.3","17,981.9","","-0.87%"
"10/21/2021","18,214.4","18,068.8","18,223.8","18,050.8","","0.66%"
"10/20/2021","18,095.7","18,165.4","18,176.2","18,030.7","","-0.14%"
"10/19/2021","18,121.6","18,049.6","18,126.6","18,015.7","","0.72%"
"10/18/2021","17,992.5","17,746.3","18,000.3","17,726.5","","1.02%"
"10/15/2021","17,811.4","17,764.4","17,815.2","17,714.6","","0.63%"
"10/14/2021","17,700.3","17,551.1","17,709.1","17,522.9","","1.88%"
"10/13/2021","17,373.6","17,346.8","17,404.4","17,258.3","","0.77%"
"10/12/2021","17,241.3","17,370.9","17,385.6","17,211.0","","-0.35%"
"10/11/2021","17,302.0","17,363.1","17,530.0","17,296.5","","-0.72%"
"10/08/2021","17,427.9","17,570.9","17,577.9","17,409.9","","-0.51%"
"10/07/2021","17,517.7","17,520.0","17,650.8","17,495.4","","0.88%"
"10/06/2021","17,364.1","17,085.6","17,374.5","17,049.8","","0.63%"
"10/05/2021","17,255.2","17,089.7","17,360.4","17,074.2","","1.40%"
"10/04/2021","17,016.2","17,300.1","17,316.6","16,913.7","","-2.15%"
"10/01/2021","17,390.2","17,319.1","17,436.0","17,111.9","","0.70%"
"09/30/2021","17,270.0","17,435.4","17,503.5","17,264.0","","-0.43%"
"09/29/2021","17,343.9","17,441.0","17,534.4","17,314.0","","-0.11%"
"09/28/2021","17,363.8","17,636.1","17,681.5","17,350.5","","-2.86%"
"09/27/2021","17,874.6","17,875.1","17,916.6","17,758.9","","-0.81%"
"09/24/2021","18,021.1","17,895.7","18,039.8","17,879.4","","0.09%"
"09/23/2021","18,005.6","17,905.3","18,053.1","17,867.9","","0.92%"
"09/22/2021","17,841.0","17,720.4","17,904.3","17,668.6","","0.99%"
"09/21/2021","17,666.1","17,747.5","17,797.9","17,618.2","","0.11%"
"09/20/2021","17,646.0","17,712.3","17,816.5","17,421.3","","-2.10%"
"09/17/2021","18,023.6","18,197.5","18,202.0","17,973.8","","-1.18%"
"09/16/2021","18,238.1","18,163.7","18,265.4","18,067.6","","0.08%"
"09/15/2021","18,223.5","18,125.3","18,241.6","18,003.6","","0.78%"
"09/14/2021","18,081.7","18,226.2","18,249.9","18,045.5","","-0.33%"
"09/13/2021","18,140.7","18,271.4","18,290.9","18,043.4","","-0.04%"
"09/10/2021","18,148.0","18,391.6","18,421.5","18,139.4","","-0.77%"
"09/09/2021","18,289.3","18,381.5","18,423.8","18,284.3","","-0.38%"
"09/08/2021","18,359.2","18,415.8","18,415.8","18,250.6","","-0.35%"
"09/07/2021","18,423.7","18,407.9","18,453.8","18,346.7","","0.15%"
"09/03/2021","18,396.8","18,309.9","18,414.7","18,281.7","","0.31%"
"09/02/2021","18,339.5","18,400.7","18,430.6","18,280.8","","-0.04%"
"09/01/2021","18,346.3","18,376.3","18,446.0","18,337.0","","0.19%"
"08/31/2021","18,311.2","18,333.3","18,337.0","18,241.0","","-0.14%"
"08/30/2021","18,336.6","18,167.2","18,354.8","18,165.8","","1.12%"
"08/27/2021","18,134.1","17,984.6","18,150.6","17,969.3","","1.01%"
"08/26/2021","17,952.6","18,035.4","18,059.3","17,937.0","","-0.59%"
"08/25/2021","18,058.5","18,077.2","18,100.2","18,026.8","","0.07%"
"08/24/2021","18,045.0","18,023.0","18,076.4","18,000.2","","0.29%"
"08/23/2021","17,992.3","17,789.4","18,025.9","17,789.4","","1.46%"
"08/20/2021","17,733.5","17,594.2","17,746.8","17,588.1","","1.06%"
"08/19/2021","17,547.1","17,358.2","17,624.9","17,358.2","","0.52%"
"08/18/2021","17,456.9","17,594.5","17,670.7","17,443.5","","-0.95%"
"08/17/2021","17,623.7","17,642.7","17,694.1","17,510.2","","-0.91%"
"08/16/2021","17,785.6","17,726.0","17,787.1","17,539.4","","0.03%"
"08/13/2021","17,779.4","17,738.5","17,795.7","17,712.1","","0.32%"
"08/12/2021","17,723.2","17,633.5","17,733.7","17,567.3","","0.42%"
"08/11/2021","17,649.9","17,736.9","17,767.4","17,585.1","","-0.17%"
"08/10/2021","17,679.6","17,801.5","17,815.7","17,628.6","","-0.53%"
"08/09/2021","17,773.0","17,776.5","17,798.3","17,712.7","","0.16%"
"08/06/2021","17,744.6","17,763.9","17,806.8","17,690.2","","-0.46%"
"08/05/2021","17,826.5","17,737.0","17,829.6","17,711.7","","0.66%"
"08/04/2021","17,709.3","17,680.9","17,749.3","17,631.6","","0.15%"
"08/03/2021","17,683.6","17,608.2","17,686.2","17,452.4","","0.65%"
"08/02/2021","17,568.7","17,665.6","17,681.8","17,547.0","","0.02%"
"07/30/2021","17,564.3","17,473.4","17,600.7","17,473.4","","-0.59%"
"07/29/2021","17,667.9","17,629.1","17,719.1","17,616.3","","0.20%"
"07/28/2021","17,632.0","17,616.8","17,703.3","17,509.2","","0.41%"
"07/27/2021","17,560.2","17,731.7","17,737.2","17,361.6","","-1.12%"
"07/26/2021","17,758.6","17,714.4","17,777.8","17,667.3","","0.09%"
"07/23/2021","17,741.8","17,615.7","17,758.3","17,549.5","","1.16%"
"07/22/2021","17,539.1","17,451.4","17,540.5","17,451.4","","0.66%"
"07/21/2021","17,424.6","17,284.9","17,425.2","17,269.0","","0.78%"
"07/20/2021","17,290.3","17,141.3","17,363.5","17,058.5","","1.23%"
"07/19/2021","17,080.0","17,043.5","17,115.1","16,969.6","","-0.90%"
"07/16/2021","17,235.3","17,424.0","17,463.8","17,218.5","","-0.77%"
"07/15/2021","17,368.3","17,496.1","17,500.8","17,277.8","","-0.71%"
"07/14/2021","17,492.5","17,591.6","17,610.7","17,458.8","","0.17%"
"07/13/2021","17,462.1","17,458.0","17,612.0","17,426.0","","-0.02%"
"07/12/2021","17,466.0","17,467.0","17,491.3","17,390.8","","0.35%"
"07/09/2021","17,405.2","17,268.1","17,420.0","17,240.2","","0.71%"
"07/08/2021","17,282.9","17,113.4","17,331.7","17,082.9","","-0.60%"
"07/07/2021","17,386.7","17,479.7","17,481.3","17,298.9","","0.16%"
"07/06/2021","17,358.3","17,321.7","17,371.3","17,181.0","","0.41%"
"07/02/2021","17,287.9","17,177.4","17,300.2","17,169.6","","1.16%"
"07/01/2021","17,089.3","17,054.7","17,108.8","16,999.3","","0.04%"
"06/30/2021","17,083.1","17,089.3","17,115.4","17,055.0","","-0.12%"
"06/29/2021","17,103.8","17,046.2","17,106.7","16,997.2","","0.33%"
"06/28/2021","17,047.2","16,902.5","17,053.2","16,901.2","","1.25%"
"06/25/2021","16,836.2","16,896.6","16,902.6","16,811.7","","-0.14%"
"06/24/2021","16,860.5","16,851.5","16,934.7","16,827.3","","0.64%"
"06/23/2021","16,752.9","16,753.9","16,812.1","16,721.6","","0.03%"
"06/22/2021","16,748.4","16,595.7","16,769.6","16,581.2","","0.94%"
"06/21/2021","16,592.1","16,495.6","16,608.1","16,393.3","","0.63%"
"06/18/2021","16,487.4","16,576.0","16,594.2","16,458.1","","-0.81%"
"06/17/2021","16,621.4","16,366.6","16,670.3","16,366.4","","1.29%"
"06/16/2021","16,409.3","16,491.5","16,546.7","16,245.6","","-0.34%"
"06/15/2021","16,464.9","16,571.0","16,577.3","16,439.7","","-0.69%"
"06/14/2021","16,579.4","16,431.5","16,580.7","16,386.7","","0.94%"
"06/11/2021","16,425.3","16,379.7","16,425.7","16,349.8","","0.27%"
"06/10/2021","16,380.8","16,232.8","16,383.9","16,213.5","","1.06%"
"06/09/2021","16,209.7","16,269.0","16,310.3","16,205.1","","0.03%"
"06/08/2021","16,204.7","16,278.2","16,325.0","16,129.1","","0.06%"
"06/07/2021","16,195.4","16,126.5","16,201.9","16,086.5","","0.23%"
"06/04/2021","16,157.6","15,980.4","16,174.0","15,973.1","","1.78%"
"06/03/2021","15,874.7","15,920.7","15,967.2","15,804.5","","-1.06%"
"06/02/2021","16,044.3","16,020.7","16,087.5","15,967.3","","0.16%"
"06/01/2021","16,018.3","16,147.0","16,157.7","15,956.8","","-0.23%"
"05/28/2021","16,055.7","16,091.5","16,148.7","16,053.7","","0.21%"
"05/27/2021","16,021.9","16,056.0","16,100.4","16,015.2","","-0.32%"
"05/26/2021","16,073.4","16,055.8","16,100.7","16,024.5","","0.33%"
"05/25/2021","16,020.3","16,071.4","16,110.3","15,969.7","","0.12%"
"05/24/2021","16,001.6","15,840.5","16,055.3","15,835.4","","1.72%"
"05/21/2021","15,731.7","15,921.1","15,921.8","15,719.7","","-0.61%"
"05/20/2021","15,828.3","15,594.3","15,865.7","15,592.5","","1.94%"
"05/19/2021","15,527.2","15,246.5","15,534.3","15,241.5","","0.18%"
"05/18/2021","15,499.8","15,657.6","15,714.2","15,494.2","","-0.72%"
"05/17/2021","15,611.5","15,631.4","15,655.2","15,475.1","","-0.60%"
"05/14/2021","15,705.4","15,524.7","15,748.7","15,502.7","","2.18%"
"05/13/2021","15,371.0","15,399.8","15,508.8","15,251.0","","0.83%"
"05/12/2021","15,244.4","15,424.3","15,520.2","15,204.0","","-2.61%"
"05/11/2021","15,653.7","15,362.2","15,689.3","15,352.9","","-0.06%"
"05/10/2021","15,662.4","16,000.8","16,001.7","15,661.8","","-2.63%"
"05/07/2021","16,085.1","16,080.3","16,196.5","16,026.7","","0.80%"
"05/06/2021","15,957.5","15,813.6","15,961.7","15,711.0","","0.83%"
"05/05/2021","15,826.3","15,997.1","16,029.6","15,797.2","","-0.30%"
"05/04/2021","15,874.7","16,034.0","16,063.0","15,700.6","","-1.85%"
"05/03/2021","16,173.6","16,318.2","16,355.6","16,156.0","","-0.44%"
"04/30/2021","16,245.0","16,241.5","16,372.1","16,219.3","","-0.78%"
"04/29/2021","16,372.1","16,481.9","16,493.1","16,214.9","","0.50%"
"04/28/2021","16,291.3","16,352.2","16,397.3","16,283.7","","-0.42%"
"04/27/2021","16,360.0","16,462.9","16,463.2","16,325.9","","-0.47%"
"04/26/2021","16,437.2","16,353.8","16,452.7","16,312.7","","0.61%"
"04/23/2021","16,337.9","16,165.7","16,394.2","16,159.8","","1.30%"
"04/22/2021","16,127.9","16,313.6","16,352.5","16,074.4","","-1.24%"
"04/21/2021","16,330.4","16,135.5","16,335.7","16,075.2","","0.91%"
"04/20/2021","16,182.9","16,279.7","16,330.0","16,090.6","","-0.71%"
"04/19/2021","16,298.2","16,372.2","16,436.4","16,213.9","","-0.96%"
"04/16/2021","16,455.5","16,448.5","16,465.4","16,367.1","","0.11%"
"04/15/2021","16,437.1","16,330.0","16,453.3","16,325.5","","1.61%"
"04/14/2021","16,176.6","16,393.3","16,395.3","16,151.1","","-1.30%"
"04/13/2021","16,390.1","16,258.9","16,408.9","16,258.9","","1.21%"
"04/12/2021","16,194.2","16,163.0","16,217.7","16,110.2","","-0.19%"
"04/09/2021","16,224.3","16,065.7","16,229.3","16,025.0","","0.63%"
"04/08/2021","16,122.7","16,090.1","16,128.2","16,058.2","","1.04%"
"04/07/2021","15,956.5","15,882.9","15,994.1","15,858.0","","0.28%"
"04/06/2021","15,911.7","15,898.5","16,007.5","15,880.2","","-0.14%"
"04/05/2021","15,933.3","15,741.0","15,963.1","15,725.5","","2.03%"
"04/01/2021","15,616.5","15,545.5","15,621.1","15,530.2","","1.82%"
"03/31/2021","15,337.6","15,195.7","15,426.2","15,191.4","","1.51%"
"03/30/2021","15,109.0","15,117.8","15,147.6","14,993.6","","-0.53%"
"03/29/2021","15,189.5","15,171.7","15,245.5","15,038.2","","-0.10%"
"03/26/2021","15,205.2","14,968.7","15,220.7","14,903.6","","1.55%"
"03/25/2021","14,972.5","14,887.1","15,048.8","14,793.8","","-0.14%"
"03/24/2021","14,994.0","15,315.0","15,320.4","14,992.8","","-1.68%"
"03/23/2021","15,250.5","15,378.7","15,441.3","15,222.0","","-0.53%"
"03/22/2021","15,331.0","15,163.1","15,425.8","15,163.1","","1.71%"
"03/19/2021","15,073.8","14,986.8","15,119.6","14,883.0","","0.62%"
"03/18/2021","14,980.8","15,235.2","15,275.1","14,971.9","","-3.13%"
"03/17/2021","15,464.9","15,256.9","15,556.2","15,169.3","","0.38%"
"03/16/2021","15,406.2","15,411.3","15,576.3","15,335.3","","0.53%"
"03/15/2021","15,324.3","15,152.8","15,327.2","15,093.7","","1.12%"
"03/12/2021","15,154.0","15,079.2","15,161.4","14,967.6","","-0.87%"
"03/11/2021","15,287.8","15,179.6","15,363.8","15,132.1","","2.37%"
"03/10/2021","14,934.3","15,166.4","15,200.5","14,904.8","","-0.33%"
"03/09/2021","14,984.0","14,797.7","15,070.7","14,747.8","","4.03%"
"03/08/2021","14,403.5","14,790.5","14,894.8","14,390.0","","-2.92%"
"03/05/2021","14,836.2","14,749.1","14,874.2","14,297.3","","1.64%"
"03/04/2021","14,596.2","14,820.9","14,988.5","14,420.8","","-1.72%"
"03/03/2021","14,851.3","15,245.6","15,289.1","14,847.2","","-2.88%"
"03/02/2021","15,291.3","15,569.8","15,574.3","15,282.1","","-1.68%"
"03/01/2021","15,552.3","15,345.2","15,565.0","15,281.6","","2.89%"
"02/26/2021","15,115.0","15,173.0","15,326.8","14,945.1","","0.63%"
"02/25/2021","15,019.9","15,452.4","15,565.8","14,956.0","","-3.56%"
"02/24/2021","15,574.1","15,332.5","15,586.1","15,187.3","","0.82%"
"02/23/2021","15,447.9","15,199.3","15,524.2","14,936.8","","-0.22%"
"02/22/2021","15,481.9","15,704.7","15,743.8","15,478.5","","-2.63%"
"02/19/2021","15,899.9","16,023.4","16,041.5","15,858.6","","-0.42%"
"02/18/2021","15,966.2","15,870.8","16,004.2","15,778.5","","-0.45%"
"02/17/2021","16,038.4","15,964.0","16,054.1","15,866.3","","-0.51%"
"02/16/2021","16,120.8","16,199.5","16,244.8","16,065.8","","-0.25%"
"02/12/2021","16,160.5","16,029.6","16,170.5","15,983.8","","0.53%"
"02/11/2021","16,074.5","16,062.0","16,089.6","15,960.8","","0.59%"
"02/10/2021","15,980.6","16,093.1","16,115.9","15,836.3","","-0.23%"
"02/09/2021","16,017.8","15,994.5","16,081.8","15,991.6","","-0.05%"
"02/08/2021","16,026.6","16,000.0","16,030.5","15,924.7","","0.67%"
"02/05/2021","15,919.9","15,906.8","15,965.5","15,830.8","","0.34%"
"02/04/2021","15,866.6","15,742.6","15,869.3","15,686.0","","1.20%"
"02/03/2021","15,679.0","15,857.6","15,865.1","15,676.3","","-0.40%"
"02/02/2021","15,741.9","15,642.8","15,794.7","15,633.9","","1.57%"
"02/01/2021","15,499.3","15,287.3","15,535.9","15,188.3","","2.50%"
"01/29/2021","15,120.8","15,354.0","15,404.5","15,027.3","","-2.08%"
"01/28/2021","15,442.4","15,397.7","15,676.7","15,382.2","","0.68%"
"01/27/2021","15,338.4","15,640.8","15,667.0","15,246.6","","-2.80%"
"01/26/2021","15,780.0","15,800.3","15,834.0","15,721.7","","0.05%"
"01/25/2021","15,772.0","15,809.8","15,866.0","15,447.2","","0.87%"
"01/22/2021","15,635.3","15,623.3","15,680.1","15,600.7","","-0.29%"
"01/21/2021","15,680.4","15,623.9","15,714.0","15,555.0","","0.82%"
"01/20/2021","15,553.4","15,388.1","15,595.3","15,368.4","","2.31%"
"01/19/2021","15,202.6","15,115.0","15,220.8","15,044.4","","1.50%"
"01/15/2021","14,977.3","15,087.5","15,138.0","14,923.7","","-0.73%"
"01/14/2021","15,088.2","15,219.5","15,250.0","15,073.5","","-0.58%"
"01/13/2021","15,175.8","15,103.6","15,217.0","15,064.0","","0.63%"
"01/12/2021","15,080.4","15,108.5","15,156.9","14,953.7","","-0.08%"
"01/11/2021","15,092.6","15,161.6","15,233.8","15,070.5","","-1.55%"
"01/08/2021","15,329.7","15,250.2","15,339.0","15,136.2","","1.28%"
"01/07/2021","15,135.8","14,908.7","15,167.5","14,908.0","","2.51%"
"01/06/2021","14,765.6","14,739.8","14,976.1","14,702.5","","-1.40%"
"01/05/2021","14,975.0","14,812.2","14,983.6","14,812.2","","0.86%"
"01/04/2021","14,847.8","15,146.6","15,146.6","14,663.9","","-1.49%"
"12/31/2020","15,072.3","15,031.0","15,090.8","14,974.6","","0.33%"
"12/30/2020","15,022.1","15,086.0","15,106.4","15,002.7","","0.02%"
"12/29/2020","15,019.3","15,097.0","15,115.3","14,987.9","","0.04%"
"12/28/2020","15,013.9","14,984.8","15,040.9","14,906.6","","1.01%"
"12/24/2020","14,864.4","14,814.3","14,889.6","14,811.5","","0.46%"
"12/23/2020","14,796.7","14,890.9","14,895.4","14,792.5","","-0.51%"
"12/22/2020","14,872.0","14,869.6","14,923.1","14,742.0","","0.22%"
"12/21/2020","14,839.7","14,705.7","14,858.7","14,586.9","","-0.38%"
"12/18/2020","14,895.8","14,952.8","14,960.4","14,747.3","","-0.10%"
"12/17/2020","14,910.3","14,898.2","14,920.8","14,833.1","","0.66%"
"12/16/2020","14,812.3","14,741.8","14,847.3","14,696.0","","0.57%"
"12/15/2020","14,727.8","14,692.0","14,728.9","14,577.7","","1.07%"
"12/14/2020","14,571.4","14,531.3","14,667.4","14,529.4","","0.71%"
"12/11/2020","14,468.8","14,412.3","14,472.5","14,306.8","","-0.21%"
"12/10/2020","14,499.6","14,343.8","14,553.5","14,294.3","","0.30%"
"12/09/2020","14,455.8","14,762.5","14,781.5","14,393.4","","-2.15%"
"12/08/2020","14,772.7","14,701.5","14,791.0","14,619.8","","0.31%"
"12/07/2020","14,726.6","14,641.3","14,742.4","14,640.8","","0.54%"
"12/04/2020","14,647.0","14,590.3","14,650.2","14,555.9","","0.49%"
"12/03/2020","14,575.3","14,577.7","14,659.2","14,549.9","","0.10%"
"12/02/2020","14,560.7","14,483.8","14,579.2","14,399.2","","0.01%"
"12/01/2020","14,558.6","14,479.4","14,622.5","14,421.9","","1.52%"
"11/30/2020","14,339.9","14,352.2","14,376.5","14,132.6","","0.08%"
"11/27/2020","14,328.0","14,283.8","14,384.7","14,276.8","","0.87%"
"11/25/2020","14,203.9","14,157.0","14,230.5","14,121.2","","0.60%"
"11/24/2020","14,118.7","13,970.1","14,135.5","13,883.2","","1.46%"
"11/23/2020","13,915.4","13,978.5","14,027.5","13,812.1","","0.00%"
"11/20/2020","13,916.0","13,997.3","14,045.7","13,912.6","","-0.66%"
"11/19/2020","14,008.3","13,865.4","14,025.7","13,841.5","","0.76%"
"11/18/2020","13,902.2","13,982.4","14,056.9","13,899.6","","-0.66%"
"11/17/2020","13,994.1","14,055.8","14,075.5","13,978.6","","-0.30%"
"11/16/2020","14,036.1","13,933.2","14,061.9","13,894.1","","0.63%"
"11/13/2020","13,947.8","13,916.0","13,970.3","13,797.2","","0.95%"
"11/12/2020","13,816.8","13,930.2","13,991.8","13,768.9","","-0.55%"
"11/11/2020","13,893.7","13,709.0","13,906.8","13,685.0","","2.31%"
"11/10/2020","13,579.8","13,673.5","13,740.7","13,449.2","","-1.74%"
"11/09/2020","13,820.0","14,245.6","14,332.0","13,805.8","","-2.16%"
"11/06/2020","14,124.6","14,069.7","14,154.5","13,895.9","","0.13%"
"11/05/2020","14,105.9","14,040.2","14,151.5","13,988.0","","2.57%"
"11/04/2020","13,752.3","13,578.0","13,833.4","13,504.6","","4.41%"
"11/03/2020","13,171.8","13,026.9","13,260.8","12,979.9","","1.76%"
"11/02/2020","12,943.9","13,023.0","13,104.8","12,794.9","","0.29%"
"10/30/2020","12,906.7","13,155.1","13,187.9","12,798.2","","-2.62%"
"10/29/2020","13,254.1","13,094.9","13,390.3","13,063.0","","1.88%"
"10/28/2020","13,009.9","13,310.8","13,340.7","13,002.1","","-3.93%"
"10/27/2020","13,542.5","13,498.0","13,582.8","13,430.6","","0.82%"
"10/26/2020","13,432.3","13,525.3","13,669.9","13,264.4","","-1.61%"
"10/23/2020","13,651.7","13,637.8","13,652.2","13,507.5","","0.25%"
"10/22/2020","13,617.0","13,675.1","13,706.1","13,461.5","","-0.02%"
"10/21/2020","13,619.9","13,644.2","13,764.8","13,597.8","","-0.11%"
"10/20/2020","13,634.4","13,635.9","13,778.7","13,559.6","","0.37%"
"10/19/2020","13,583.7","13,909.0","13,966.8","13,551.1","","-1.84%"
"10/16/2020","13,838.0","13,954.7","14,050.4","13,805.3","","-0.39%"
"10/15/2020","13,892.2","13,738.9","13,927.3","13,736.8","","-0.72%"
"10/14/2020","13,993.5","14,133.3","14,196.5","13,909.7","","-0.81%"
"10/13/2020","14,107.7","14,163.6","14,229.8","14,048.8","","-0.04%"
"10/12/2020","14,113.5","13,894.0","14,249.6","13,870.8","","3.09%"
"10/09/2020","13,690.5","13,561.7","13,692.5","13,544.6","","1.51%"
"10/08/2020","13,486.3","13,516.1","13,523.5","13,438.8","","0.42%"
"10/07/2020","13,430.4","13,324.7","13,449.5","13,289.4","","1.88%"
"10/06/2020","13,182.9","13,399.4","13,469.1","13,142.1","","-1.88%"
"10/05/2020","13,436.0","13,244.7","13,439.5","13,234.0","","2.25%"
"10/02/2020","13,140.2","13,225.6","13,401.0","13,104.6","","-2.83%"
"10/01/2020","13,522.5","13,489.6","13,550.0","13,412.1","","1.46%"
"09/30/2020","13,328.0","13,223.5","13,464.5","13,223.5","","0.84%"
"09/29/2020","13,217.0","13,254.1","13,302.5","13,197.0","","-0.36%"
"09/28/2020","13,264.7","13,227.2","13,270.5","13,123.2","","1.91%"
"09/25/2020","13,015.7","12,734.8","13,046.8","12,666.2","","2.34%"
"09/24/2020","12,718.5","12,543.3","12,870.2","12,522.3","","0.58%"
"09/23/2020","12,644.7","13,034.4","13,048.9","12,612.9","","-3.16%"
"09/22/2020","13,056.8","12,935.1","13,081.0","12,773.0","","1.88%"
"09/21/2020","12,816.2","12,568.5","12,821.5","12,463.3","","0.41%"
"09/18/2020","12,764.2","13,010.2","13,017.4","12,568.6","","-1.30%"
"09/17/2020","12,932.2","12,797.8","13,024.5","12,764.0","","-1.48%"
"09/16/2020","13,126.7","13,383.8","13,405.0","13,121.3","","-1.67%"
"09/15/2020","13,350.0","13,343.0","13,415.9","13,266.3","","1.43%"
"09/14/2020","13,161.9","13,130.5","13,261.7","13,062.8","","1.73%"
"09/11/2020","12,938.4","13,129.5","13,163.6","12,772.5","","-0.60%"
"09/10/2020","13,016.2","13,421.5","13,497.2","12,948.3","","-2.12%"
"09/09/2020","13,297.8","13,195.6","13,396.4","13,065.9","","2.96%"
"09/08/2020","12,915.5","13,003.8","13,303.2","12,900.2","","-4.77%"
"09/04/2020","13,561.8","13,636.7","13,823.3","13,006.2","","-1.27%"
"09/03/2020","13,736.0","14,231.1","14,276.9","13,608.5","","-5.22%"
"09/02/2020","14,491.8","14,488.2","14,513.9","14,206.7","","1.04%"
"09/01/2020","14,342.0","14,237.6","14,350.8","14,155.2","","1.51%"
"08/31/2020","14,129.2","14,020.4","14,195.4","14,000.2","","0.96%"
"08/28/2020","13,995.1","13,991.4","14,021.1","13,916.7","","0.59%"
"08/27/2020","13,913.5","13,997.2","14,055.7","13,816.3","","-0.38%"
"08/26/2020","13,966.1","13,741.5","13,975.1","13,728.2","","2.14%"
"08/25/2020","13,674.0","13,544.3","13,676.5","13,509.7","","0.82%"
"08/24/2020","13,562.5","13,652.5","13,681.4","13,456.8","","0.62%"
"08/21/2020","13,479.6","13,388.2","13,502.5","13,370.4","","0.68%"
"08/20/2020","13,388.5","13,155.2","13,412.0","13,145.1","","1.40%"
"08/19/2020","13,203.4","13,295.1","13,345.2","13,185.7","","-0.68%"
"08/18/2020","13,293.5","13,224.3","13,319.2","13,153.6","","0.98%"
"08/17/2020","13,164.2","13,098.2","13,185.1","13,093.7","","1.11%"
"08/14/2020","13,019.4","13,046.7","13,076.4","12,952.4","","-0.12%"
"08/13/2020","13,034.4","13,030.1","13,142.7","12,989.3","","0.19%"
"08/12/2020","13,009.9","12,793.5","13,047.8","12,792.0","","2.59%"
"08/11/2020","12,681.4","12,872.2","12,931.9","12,656.9","","-1.89%"
"08/10/2020","12,925.2","13,004.9","13,011.7","12,758.1","","-0.49%"
"08/07/2020","12,988.2","13,099.9","13,147.8","12,877.7","","-1.11%"
"08/06/2020","13,133.9","12,958.3","13,151.5","12,928.0","","1.29%"
"08/05/2020","12,966.5","12,945.3","12,985.5","12,910.9","","0.26%"
"08/04/2020","12,932.9","12,876.9","12,934.4","12,823.3","","0.38%"
"08/03/2020","12,884.5","12,841.3","12,920.0","12,817.6","","1.37%"
"07/31/2020","12,710.7","12,687.9","12,713.5","12,479.3","","1.78%"
"07/30/2020","12,488.5","12,329.0","12,513.6","12,274.4","","0.50%"
"07/29/2020","12,426.0","12,355.4","12,463.2","12,337.7","","1.24%"
"07/28/2020","12,274.0","12,404.3","12,425.1","12,268.0","","-1.33%"
"07/27/2020","12,439.3","12,291.0","12,457.0","12,268.3","","1.83%"
"07/24/2020","12,216.3","12,107.2","12,286.5","12,019.1","","-0.92%"
"07/23/2020","12,329.8","12,647.5","12,685.0","12,272.3","","-2.67%"
"07/22/2020","12,668.0","12,644.8","12,714.0","12,557.8","","0.35%"
"07/21/2020","12,624.0","12,836.7","12,838.9","12,586.5","","-1.09%"
"07/20/2020","12,762.7","12,437.5","12,785.4","12,378.0","","2.88%"
"07/17/2020","12,405.1","12,412.6","12,446.5","12,304.4","","0.18%"
"07/16/2020","12,383.3","12,340.6","12,421.1","12,230.2","","-0.70%"
"07/15/2020","12,470.9","12,529.7","12,562.7","12,318.6","","0.11%"
"07/14/2020","12,456.8","12,239.2","12,471.2","12,085.3","","0.82%"
"07/13/2020","12,355.0","12,762.1","12,899.3","12,322.8","","-2.16%"
"07/10/2020","12,627.8","12,529.3","12,635.4","12,398.5","","0.76%"
"07/09/2020","12,532.6","12,522.4","12,569.2","12,323.3","","0.83%"
"07/08/2020","12,429.9","12,345.7","12,432.7","12,269.2","","1.36%"
"07/07/2020","12,263.6","12,347.4","12,474.4","12,255.0","","-0.75%"
"07/06/2020","12,356.9","12,221.3","12,381.4","12,219.1","","2.53%"
"07/02/2020","12,051.4","12,103.2","12,157.0","12,036.1","","0.62%"
"07/01/2020","11,976.7","11,838.2","12,026.2","11,817.6","","1.21%"
"06/30/2020","11,834.0","11,616.6","11,867.3","11,601.0","","1.97%"
"06/29/2020","11,604.9","11,476.0","11,609.4","11,350.6","","1.14%"
"06/26/2020","11,474.2","11,751.1","11,759.1","11,460.6","","-2.50%"
"06/25/2020","11,768.3","11,653.7","11,778.1","11,534.6","","0.99%"
"06/24/2020","11,652.8","11,863.7","11,920.4","11,583.5","","-2.03%"
"06/23/2020","11,894.1","11,873.8","12,007.2","11,850.1","","0.78%"
"06/22/2020","11,801.5","11,660.1","11,806.5","11,637.4","","1.22%"
"06/19/2020","11,659.7","11,771.5","11,791.4","11,577.2","","-0.02%"
"06/18/2020","11,662.2","11,615.9","11,669.8","11,580.7","","0.30%"
"06/17/2020","11,627.7","11,646.8","11,716.5","11,592.8","","0.33%"
"06/16/2020","11,589.2","11,629.1","11,660.8","11,416.9","","1.77%"
"06/15/2020","11,388.1","11,085.5","11,426.0","11,053.4","","1.17%"
"06/12/2020","11,256.3","11,398.2","11,472.1","11,064.5","","0.79%"
"06/11/2020","11,168.2","11,539.8","11,622.0","11,165.6","","-5.00%"
"06/10/2020","11,755.7","11,690.1","11,826.7","11,672.0","","1.28%"
"06/09/2020","11,607.7","11,484.2","11,654.0","11,481.7","","0.66%"
"06/08/2020","11,531.2","11,419.6","11,534.7","11,359.3","","0.79%"
"06/05/2020","11,441.4","11,265.2","11,467.3","11,249.3","","2.02%"
"06/04/2020","11,214.6","11,264.1","11,345.4","11,154.1","","-0.76%"
"06/03/2020","11,300.1","11,282.7","11,329.2","11,235.2","","0.50%"
"06/02/2020","11,244.1","11,181.1","11,247.3","11,074.8","","0.61%"
"06/01/2020","11,176.1","11,091.7","11,188.3","11,078.8","","0.45%"
"05/29/2020","11,125.6","10,991.8","11,146.6","10,921.2","","1.48%"
"05/28/2020","10,963.8","10,950.0","11,141.0","10,934.9","","-0.26%"
"05/27/2020","10,992.3","10,904.5","10,995.8","10,690.1","","0.56%"
"05/26/2020","10,931.5","11,141.7","11,141.7","10,919.8","","-0.26%"
"05/22/2020","10,959.5","10,900.9","10,968.7","10,856.0","","0.38%"
"05/21/2020","10,917.6","11,045.2","11,077.1","10,898.8","","-1.13%"
"05/20/2020","11,042.1","10,960.9","11,057.5","10,958.1","","2.04%"
"05/19/2020","10,821.2","10,853.5","10,965.9","10,818.5","","-0.35%"
"05/18/2020","10,859.4","10,800.6","10,900.9","10,762.7","","1.96%"
"05/15/2020","10,650.8","10,445.6","10,656.4","10,424.4","","0.65%"
"05/14/2020","10,581.8","10,409.6","10,585.7","10,310.0","","1.05%"
"05/13/2020","10,471.3","10,615.2","10,715.0","10,343.5","","-1.23%"
"05/12/2020","10,602.1","10,850.6","10,883.7","10,598.2","","-2.00%"
"05/11/2020","10,818.9","10,651.7","10,874.0","10,651.7","","0.85%"
"05/08/2020","10,727.4","10,663.8","10,732.2","10,618.8","","1.33%"
"05/07/2020","10,586.3","10,589.6","10,626.3","10,520.5","","1.31%"
"05/06/2020","10,449.6","10,463.8","10,543.5","10,410.1","","0.62%"
"05/05/2020","10,384.9","10,375.4","10,501.7","10,350.0","","1.09%"
"05/04/2020","10,272.7","10,098.1","10,279.9","10,076.5","","1.33%"
"05/01/2020","10,137.9","10,223.6","10,334.9","10,103.5","","-3.13%"
"04/30/2020","10,465.2","10,470.7","10,491.4","10,372.1","","0.20%"
"04/29/2020","10,444.2","10,314.3","10,494.3","10,268.9","","3.52%"
"04/28/2020","10,089.4","10,363.4","10,369.4","10,079.0","","-1.81%"
"04/27/2020","10,275.5","10,308.0","10,333.6","10,236.2","","0.58%"
"04/24/2020","10,216.0","10,076.4","10,221.5","9,999.0","","1.68%"
"04/23/2020","10,047.2","10,107.9","10,227.3","10,027.5","","-0.27%"
"04/22/2020","10,074.0","9,970.5","10,125.0","9,941.5","","3.11%"
"04/21/2020","9,769.9","10,045.1","10,072.3","9,719.7","","-3.71%"
"04/20/2020","10,146.0","10,164.6","10,295.6","10,144.6","","-1.20%"
"04/17/2020","10,269.1","10,320.6","10,323.6","10,120.3","","0.85%"
"04/16/2020","10,182.4","10,102.5","10,223.7","10,005.3","","1.93%"
"04/15/2020","9,989.5","9,939.0","10,075.9","9,883.3","","-1.15%"
"04/14/2020","10,106.0","9,870.2","10,125.1","9,848.6","","4.32%"
"04/13/2020","9,687.8","9,544.8","9,694.1","9,485.3","","1.14%"
"04/09/2020","9,578.3","9,631.5","9,689.5","9,496.2","","0.11%"
"04/08/2020","9,567.7","9,457.0","9,596.6","9,368.7","","2.24%"
"04/07/2020","9,358.1","9,635.0","9,656.1","9,350.9","","-0.40%"
"04/06/2020","9,395.8","9,090.5","9,429.5","9,025.4","","7.35%"
"04/03/2020","8,752.2","8,872.5","8,921.2","8,649.5","","-1.41%"
"04/02/2020","8,877.2","8,656.7","8,884.4","8,640.8","","2.02%"
"04/01/2020","8,701.5","8,813.7","8,951.8","8,629.1","","-4.19%"
"03/31/2020","9,081.8","9,130.9","9,312.0","9,026.0","","-0.94%"
"03/30/2020","9,168.4","8,924.1","9,183.6","8,892.3","","3.97%"
"03/27/2020","8,818.4","8,898.7","9,085.0","8,809.0","","-3.91%"
"03/26/2020","9,177.2","8,773.6","9,195.8","8,773.6","","5.72%"
"03/25/2020","8,680.4","8,766.8","9,038.3","8,588.4","","-1.11%"
"03/24/2020","8,778.3","8,540.3","8,780.7","8,488.4","","7.81%"
"03/23/2020","8,142.5","8,079.6","8,303.3","7,869.5","","0.18%"
"03/20/2020","8,127.9","8,589.0","8,701.3","8,099.4","","-4.02%"
"03/19/2020","8,468.2","8,354.0","8,730.4","8,176.6","","1.58%"
"03/18/2020","8,336.5","8,160.7","8,524.4","7,944.3","","-4.00%"
"03/17/2020","8,683.7","8,363.7","8,772.2","8,085.6","","6.46%"
"03/16/2020","8,156.7","8,716.6","8,787.7","8,125.6","","-12.19%"
"03/13/2020","9,289.2","8,926.5","9,293.0","8,483.6","","10.07%"
"03/12/2020","8,439.1","8,658.8","9,071.7","8,429.8","","-9.25%"
"03/11/2020","9,299.1","9,485.1","9,553.0","9,177.0","","-4.37%"
"03/10/2020","9,724.4","9,540.5","9,729.2","9,224.8","","5.34%"
"03/09/2020","9,231.6","9,189.9","9,572.8","9,189.9","","-6.83%"
"03/06/2020","9,907.9","9,751.8","9,956.1","9,663.5","","-1.63%"
"03/05/2020","10,072.0","10,120.3","10,295.6","10,005.0","","-3.09%"
"03/04/2020","10,392.9","10,156.4","10,396.1","10,068.3","","4.14%"
"03/03/2020","9,980.1","10,326.3","10,451.5","9,889.6","","-3.19%"
"03/02/2020","10,309.1","9,951.4","10,310.7","9,808.0","","4.92%"
"02/28/2020","9,825.9","9,445.0","9,859.1","9,445.0","","0.30%"
"02/27/2020","9,796.5","10,023.9","10,202.9","9,789.4","","-4.92%"
"02/26/2020","10,303.2","10,313.9","10,487.9","10,233.7","","0.44%"
"02/25/2020","10,257.9","10,643.9","10,663.0","10,225.7","","-2.70%"
"02/24/2020","10,542.1","10,513.8","10,675.9","10,483.1","","-3.88%"
"02/21/2020","10,968.2","11,125.9","11,139.2","10,921.4","","-1.88%"
"02/20/2020","11,178.5","11,258.4","11,278.8","11,045.5","","-0.93%"
"02/19/2020","11,283.8","11,243.4","11,304.5","11,234.3","","0.96%"
"02/18/2020","11,176.6","11,104.1","11,197.4","11,104.1","","0.07%"
"02/14/2020","11,168.7","11,157.5","11,181.7","11,121.7","","0.29%"
"02/13/2020","11,136.2","11,072.4","11,183.5","11,063.2","","-0.17%"
"02/12/2020","11,155.5","11,105.1","11,158.6","11,084.5","","1.00%"
"02/11/2020","11,044.8","11,102.8","11,140.2","11,016.7","","0.01%"
"02/10/2020","11,043.6","10,876.9","11,044.6","10,876.9","","1.23%"
"02/07/2020","10,908.9","10,905.1","10,969.4","10,880.9","","-0.45%"
"02/06/2020","10,957.9","10,899.6","10,961.1","10,855.7","","0.86%"
"02/05/2020","10,864.9","10,950.6","10,952.2","10,800.4","","0.36%"
"02/04/2020","10,825.6","10,736.1","10,847.5","10,698.9","","2.28%"
"02/03/2020","10,584.5","10,477.0","10,610.3","10,474.1","","1.50%"
"01/31/2020","10,428.2","10,635.1","10,635.5","10,393.5","","-1.58%"
"01/30/2020","10,595.7","10,483.0","10,601.0","10,460.7","","0.39%"
"01/29/2020","10,554.6","10,600.8","10,614.2","10,514.8","","0.12%"
"01/28/2020","10,542.2","10,452.1","10,565.8","10,430.1","","1.55%"
"01/27/2020","10,381.3","10,336.0","10,438.4","10,333.5","","-2.07%"
"01/24/2020","10,600.8","10,745.6","10,752.6","10,554.4","","-0.82%"
"01/23/2020","10,688.4","10,652.6","10,693.1","10,605.1","","0.31%"
"01/22/2020","10,655.4","10,683.0","10,717.9","10,644.6","","0.24%"
"01/21/2020","10,630.0","10,605.6","10,654.1","10,601.1","","-0.08%"
"01/17/2020","10,638.2","10,621.7","10,641.4","10,574.7","","0.53%"
"01/16/2020","10,581.7","10,538.9","10,582.9","10,513.6","","0.99%"
"01/15/2020","10,478.1","10,482.3","10,528.2","10,447.1","","0.02%"
"01/14/2020","10,475.5","10,515.6","10,529.7","10,461.0","","-0.41%"
"01/13/2020","10,518.6","10,445.9","10,519.7","10,426.7","","1.16%"
"01/10/2020","10,398.0","10,462.1","10,465.6","10,380.9","","-0.26%"
"01/09/2020","10,424.7","10,425.2","10,442.0","10,365.4","","0.87%"
"01/08/2020","10,335.0","10,257.4","10,382.7","10,245.2","","0.75%"
"01/07/2020","10,258.5","10,270.9","10,288.7","10,229.8","","-0.01%"
"01/06/2020","10,259.8","10,103.7","10,261.5","10,103.7","","0.62%"
"01/03/2020","10,196.5","10,151.6","10,254.2","10,151.6","","-0.88%"
"01/02/2020","10,287.3","10,206.1","10,288.9","10,188.4","","1.61%"
"12/31/2019","10,124.0","10,064.0","10,126.7","10,056.0","","0.27%"
"12/30/2019","10,096.9","10,162.6","10,164.8","10,053.1","","-0.69%"
"12/27/2019","10,167.4","10,207.8","10,213.9","10,142.9","","-0.08%"
"12/26/2019","10,175.9","10,105.9","10,175.9","10,103.7","","0.91%"
"12/24/2019","10,084.4","10,091.2","10,094.5","10,066.6","","0.04%"
"12/23/2019","10,080.1","10,088.3","10,097.4","10,073.3","","0.20%"
"12/20/2019","10,059.8","10,046.0","10,070.5","10,034.3","","0.44%"
"12/19/2019","10,015.3","9,959.0","10,017.0","9,959.0","","0.71%"
"12/18/2019","9,945.0","9,952.6","9,976.8","9,942.6","","0.06%"
"12/17/2019","9,939.3","9,951.6","9,958.7","9,925.9","","0.06%"
"12/16/2019","9,933.1","9,902.9","9,949.8","9,900.7","","0.97%"
"12/13/2019","9,837.3","9,806.8","9,871.9","9,784.2","","0.25%"
"12/12/2019","9,813.1","9,726.2","9,843.5","9,712.5","","0.78%"
"12/11/2019","9,737.2","9,701.4","9,743.6","9,689.5","","0.58%"
"12/10/2019","9,681.2","9,693.1","9,726.0","9,664.0","","-0.10%"
"12/09/2019","9,690.9","9,721.0","9,763.9","9,687.5","","-0.41%"
"12/06/2019","9,731.0","9,699.5","9,740.8","9,693.8","","1.07%"
"12/05/2019","9,627.9","9,642.7","9,642.7","9,586.7","","0.17%"
"12/04/2019","9,612.0","9,606.6","9,635.1","9,599.6","","0.51%"
"12/03/2019","9,562.8","9,501.2","9,567.0","9,461.5","","-0.66%"
"12/02/2019","9,625.9","9,742.5","9,742.5","9,585.8","","-1.12%"
"11/29/2019","9,735.2","9,756.5","9,772.6","9,733.4","","-0.48%"
"11/27/2019","9,782.6","9,739.2","9,783.7","9,730.4","","0.71%"
"11/26/2019","9,714.0","9,700.7","9,728.2","9,689.0","","0.17%"
"11/25/2019","9,697.9","9,625.6","9,698.9","9,625.6","","1.21%"
"11/22/2019","9,582.2","9,599.8","9,605.4","9,532.9","","0.08%"
"11/21/2019","9,574.6","9,584.3","9,594.0","9,547.5","","-0.22%"
"11/20/2019","9,595.6","9,632.5","9,659.9","9,529.1","","-0.62%"
"11/19/2019","9,655.0","9,676.7","9,677.1","9,619.8","","0.12%"
"11/18/2019","9,643.2","9,613.9","9,657.0","9,580.9","","0.16%"
"11/15/2019","9,628.0","9,614.5","9,628.4","9,591.7","","0.70%"
"11/14/2019","9,560.6","9,538.6","9,568.8","9,508.2","","-0.01%"
"11/13/2019","9,561.4","9,533.5","9,578.6","9,530.8","","-0.05%"
"11/12/2019","9,565.9","9,549.5","9,600.0","9,536.5","","0.27%"
"11/11/2019","9,540.1","9,505.9","9,544.7","9,494.3","","-0.17%"
"11/08/2019","9,556.2","9,501.2","9,556.7","9,475.7","","0.44%"
"11/07/2019","9,514.1","9,535.0","9,574.5","9,490.1","","0.33%"
"11/06/2019","9,483.0","9,492.6","9,492.6","9,438.3","","-0.16%"
"11/05/2019","9,497.9","9,515.4","9,519.8","9,475.7","","-0.01%"
"11/04/2019","9,498.4","9,507.9","9,518.8","9,482.9","","0.61%"
"11/01/2019","9,441.0","9,395.7","9,442.0","9,383.8","","0.96%"
"10/31/2019","9,351.6","9,371.0","9,382.3","9,302.8","","0.02%"
"10/30/2019","9,350.1","9,319.8","9,365.4","9,274.7","","0.45%"
"10/29/2019","9,308.0","9,370.5","9,378.7","9,305.9","","-0.78%"
"10/28/2019","9,381.1","9,335.6","9,391.5","9,335.1","","1.01%"
"10/25/2019","9,286.9","9,168.2","9,291.6","9,168.2","","0.78%"
"10/24/2019","9,214.6","9,202.4","9,218.0","9,152.1","","0.98%"
"10/23/2019","9,125.1","9,089.2","9,125.9","9,073.8","","0.19%"
"10/22/2019","9,107.9","9,216.2","9,226.3","9,104.9","","-0.83%"
"10/21/2019","9,183.9","9,150.7","9,185.2","9,123.1","","0.91%"
"10/18/2019","9,100.8","9,181.6","9,191.4","9,056.0","","-0.93%"
"10/17/2019","9,186.0","9,225.9","9,231.1","9,154.5","","0.28%"
"10/16/2019","9,160.6","9,151.1","9,185.6","9,135.3","","-0.29%"
"10/15/2019","9,186.8","9,100.2","9,206.8","9,095.2","","1.28%"
"10/14/2019","9,070.6","9,061.8","9,097.6","9,053.0","","-0.02%"
"10/11/2019","9,072.4","9,063.2","9,142.0","9,057.6","","1.34%"
"10/10/2019","8,952.6","8,892.5","8,990.0","8,885.8","","0.65%"
"10/09/2019","8,895.0","8,881.3","8,926.7","8,854.4","","1.14%"
"10/08/2019","8,795.1","8,872.7","8,914.1","8,794.5","","-1.56%"
"10/07/2019","8,934.9","8,935.5","9,003.9","8,920.5","","-0.37%"
"10/04/2019","8,968.4","8,879.6","8,974.5","8,872.1","","1.52%"
"10/03/2019","8,834.5","8,740.6","8,836.9","8,632.4","","1.18%"
"10/02/2019","8,731.3","8,820.1","8,824.5","8,688.4","","-1.74%"
"10/01/2019","8,885.5","8,999.6","9,044.6","8,875.5","","-0.83%"
"09/30/2019","8,960.0","8,909.8","8,974.4","8,895.3","","0.88%"
"09/27/2019","8,881.4","9,002.1","9,007.6","8,818.1","","-1.16%"
"09/26/2019","8,985.4","9,011.1","9,015.6","8,923.8","","-0.40%"
"09/25/2019","9,021.9","8,909.7","9,043.7","8,841.6","","1.21%"
"09/24/2019","8,913.8","9,082.5","9,102.4","8,884.6","","-1.39%"
"09/23/2019","9,039.2","9,035.3","9,067.4","9,006.5","","-0.06%"
"09/20/2019","9,044.9","9,135.0","9,157.0","9,011.1","","-0.98%"
"09/19/2019","9,134.2","9,137.2","9,190.2","9,118.6","","0.17%"
"09/18/2019","9,118.9","9,106.2","9,122.0","9,006.8","","0.00%"
"09/17/2019","9,119.2","9,074.2","9,122.0","9,064.0","","0.46%"
"09/16/2019","9,077.2","9,055.6","9,096.0","9,053.3","","-0.51%"
"09/13/2019","9,124.0","9,136.5","9,159.2","9,108.6","","-0.31%"
"09/12/2019","9,152.1","9,169.0","9,219.1","9,140.5","","0.39%"
"09/11/2019","9,116.2","9,038.9","9,117.1","9,028.9","","0.94%"
"09/10/2019","9,031.1","9,006.3","9,034.4","8,948.9","","-0.23%"
"09/09/2019","9,051.5","9,102.4","9,103.5","9,009.3","","-0.26%"
"09/06/2019","9,074.8","9,093.7","9,100.7","9,055.5","","-0.13%"
"09/05/2019","9,086.3","9,018.1","9,106.5","9,018.1","","1.87%"
"09/04/2019","8,919.3","8,878.3","8,925.8","8,855.0","","1.44%"
"09/03/2019","8,792.5","8,820.8","8,862.6","8,764.0","","-1.06%"
"08/30/2019","8,886.5","8,946.9","8,951.3","8,830.9","","-0.14%"
"08/29/2019","8,899.4","8,872.1","8,924.4","8,844.0","","1.52%"
"08/28/2019","8,766.5","8,707.4","8,778.4","8,665.2","","0.29%"
"08/27/2019","8,741.0","8,815.5","8,827.3","8,701.7","","-0.12%"
"08/26/2019","8,751.4","8,711.7","8,754.6","8,671.9","","1.47%"
"08/23/2019","8,624.2","8,847.8","8,921.6","8,598.7","","-3.14%"
"08/22/2019","8,904.2","8,954.6","8,970.5","8,837.1","","-0.33%"
"08/21/2019","8,934.0","8,932.3","8,958.7","8,903.2","","0.90%"
"08/20/2019","8,854.0","8,904.6","8,931.2","8,853.7","","-0.70%"
"08/19/2019","8,916.7","8,912.2","8,941.5","8,880.6","","1.52%"
"08/16/2019","8,783.2","8,719.4","8,804.7","8,719.4","","1.59%"
"08/15/2019","8,645.5","8,666.6","8,690.1","8,581.4","","-0.07%"
"08/14/2019","8,651.4","8,772.1","8,803.3","8,640.4","","-3.03%"
"08/13/2019","8,921.7","8,729.6","8,979.7","8,719.9","","2.20%"
"08/12/2019","8,729.5","8,770.4","8,800.7","8,691.7","","-1.11%"
"08/09/2019","8,827.1","8,871.3","8,900.1","8,763.5","","-0.98%"
"08/08/2019","8,914.3","8,779.5","8,916.2","8,743.5","","2.29%"
"08/07/2019","8,714.7","8,581.1","8,735.5","8,523.7","","0.41%"
"08/06/2019","8,679.0","8,645.1","8,702.5","8,576.3","","1.44%"
"08/05/2019","8,555.4","8,664.3","8,686.0","8,486.9","","-3.60%"
"08/02/2019","8,875.1","8,930.6","8,947.0","8,820.2","","-1.39%"
"08/01/2019","9,000.1","9,075.6","9,230.6","8,963.1","","-0.61%"
"07/31/2019","9,055.0","9,198.1","9,205.5","8,969.9","","-1.30%"
"07/30/2019","9,174.4","9,145.6","9,209.7","9,140.9","","-0.45%"
"07/29/2019","9,215.8","9,240.0","9,240.0","9,159.2","","-0.35%"
"07/26/2019","9,248.0","9,219.3","9,259.8","9,213.1","","1.10%"
"07/25/2019","9,147.5","9,204.3","9,209.9","9,137.5","","-1.01%"
"07/24/2019","9,240.6","9,146.2","9,240.9","9,144.2","","0.71%"
"07/23/2019","9,175.9","9,166.0","9,176.5","9,107.2","","0.63%"
"07/22/2019","9,118.8","9,069.5","9,134.2","9,069.4","","0.90%"
"07/19/2019","9,037.8","9,164.7","9,170.8","9,034.9","","-0.88%"
"07/18/2019","9,117.7","9,055.4","9,127.1","9,029.3","","0.19%"
"07/17/2019","9,100.0","9,145.1","9,160.3","9,099.0","","-0.48%"
"07/16/2019","9,144.1","9,180.3","9,188.8","9,118.6","","-0.50%"
"07/15/2019","9,190.1","9,183.4","9,193.4","9,159.6","","0.30%"
"07/12/2019","9,162.8","9,122.8","9,163.8","9,113.4","","0.59%"
"07/11/2019","9,109.2","9,134.4","9,152.8","9,082.0","","-0.08%"
"07/10/2019","9,116.8","9,078.0","9,140.5","9,065.2","","0.98%"
"07/09/2019","9,028.5","8,937.9","9,036.7","8,937.8","","0.53%"
"07/08/2019","8,981.0","8,986.4","8,988.4","8,946.8","","-0.71%"
"07/05/2019","9,045.1","9,004.4","9,060.5","8,968.1","","-0.21%"
"07/03/2019","9,064.0","9,019.4","9,064.0","9,010.5","","0.76%"
"07/02/2019","8,995.5","8,953.1","8,996.2","8,933.4","","0.42%"
"07/01/2019","8,957.9","9,013.8","9,018.7","8,920.5","","1.26%"
"06/28/2019","8,846.0","8,850.0","8,858.9","8,809.5","","0.18%"
"06/27/2019","8,829.8","8,829.4","8,848.2","8,806.4","","0.40%"
"06/26/2019","8,794.6","8,812.9","8,865.6","8,782.9","","0.47%"
"06/25/2019","8,753.6","8,902.8","8,905.3","8,745.1","","-1.70%"
"06/24/2019","8,905.3","8,921.4","8,932.5","8,902.7","","-0.07%"
"06/21/2019","8,911.9","8,901.1","8,962.3","8,888.2","","-0.11%"
"06/20/2019","8,921.5","8,958.5","8,959.0","8,856.2","","0.92%"
"06/19/2019","8,840.4","8,822.9","8,856.3","8,769.5","","0.42%"
"06/18/2019","8,803.1","8,769.9","8,865.0","8,757.2","","1.45%"
"06/17/2019","8,677.6","8,647.3","8,701.2","8,638.0","","0.63%"
"06/14/2019","8,622.9","8,619.8","8,647.8","8,594.9","","-0.42%"
"06/13/2019","8,659.3","8,647.9","8,682.6","8,632.1","","0.53%"
"06/12/2019","8,613.4","8,637.9","8,654.0","8,598.3","","-0.55%"
"06/11/2019","8,661.3","8,743.1","8,755.5","8,633.8","","0.16%"
"06/10/2019","8,647.4","8,613.6","8,729.3","8,608.5","","1.14%"
"06/07/2019","8,549.8","8,432.2","8,582.8","8,424.9","","1.94%"
"06/06/2019","8,386.8","8,333.7","8,406.7","8,301.1","","0.78%"
"06/05/2019","8,321.9","8,333.3","8,338.4","8,236.0","","0.77%"
"06/04/2019","8,258.6","8,131.2","8,262.2","8,093.1","","2.70%"
"06/03/2019","8,041.2","8,193.6","8,212.2","7,993.5","","-2.10%"
"05/31/2019","8,214.0","8,237.9","8,277.6","8,211.7","","-1.62%"
"05/30/2019","8,349.3","8,337.1","8,369.3","8,302.1","","0.41%"
"05/29/2019","8,315.2","8,321.7","8,358.2","8,268.9","","-0.84%"
"05/28/2019","8,385.9","8,435.3","8,482.6","8,381.7","","-0.31%"
"05/24/2019","8,411.9","8,473.0","8,493.0","8,404.0","","-0.10%"
"05/23/2019","8,420.0","8,447.3","8,454.0","8,366.4","","-1.52%"
"05/22/2019","8,549.7","8,541.8","8,592.8","8,538.2","","-0.40%"
"05/21/2019","8,584.4","8,574.4","8,609.4","8,545.3","","1.01%"
"05/20/2019","8,498.5","8,515.8","8,553.7","8,470.0","","-1.69%"
"05/17/2019","8,644.6","8,655.6","8,762.1","8,636.9","","-1.00%"
"05/16/2019","8,732.1","8,651.2","8,786.1","8,643.0","","1.04%"
"05/15/2019","8,642.6","8,471.7","8,666.8","8,470.6","","1.41%"
"05/14/2019","8,522.4","8,481.8","8,576.7","8,448.8","","1.07%"
"05/13/2019","8,432.5","8,503.2","8,558.9","8,408.9","","-3.46%"
"05/10/2019","8,734.5","8,699.4","8,776.5","8,550.6","","0.09%"
"05/09/2019","8,726.7","8,661.1","8,752.3","8,600.0","","-0.45%"
"05/08/2019","8,766.4","8,773.0","8,836.9","8,739.0","","-0.29%"
"05/07/2019","8,791.9","8,876.3","8,910.3","8,714.2","","-1.97%"
"05/06/2019","8,969.0","8,818.1","8,981.0","8,818.1","","-0.64%"
"05/03/2019","9,026.9","8,956.2","9,029.0","8,942.6","","1.58%"
"05/02/2019","8,886.1","8,917.9","8,963.7","8,826.9","","-0.36%"
"05/01/2019","8,918.1","9,005.9","9,032.2","8,915.7","","-0.38%"
"04/30/2019","8,952.1","8,938.2","8,964.6","8,888.4","","-0.73%"
"04/29/2019","9,018.3","9,002.9","9,033.0","8,988.3","","0.16%"
"04/26/2019","9,004.1","8,963.2","9,004.3","8,907.4","","0.13%"
"04/25/2019","8,992.7","9,031.5","9,033.0","8,948.2","","0.42%"
"04/24/2019","8,955.3","8,988.2","9,004.3","8,954.3","","-0.34%"
"04/23/2019","8,985.5","8,886.0","8,995.5","8,880.1","","1.26%"
"04/22/2019","8,873.6","8,810.1","8,875.7","8,805.0","","0.31%"
"04/18/2019","8,846.2","8,845.3","8,851.3","8,797.5","","0.12%"
"04/17/2019","8,835.9","8,864.1","8,875.4","8,811.9","","0.34%"
"04/16/2019","8,806.0","8,801.9","8,824.0","8,779.4","","0.34%"
"04/15/2019","8,776.5","8,778.2","8,785.3","8,718.3","","0.01%"
"04/12/2019","8,775.4","8,770.8","8,778.1","8,739.0","","0.44%"
"04/11/2019","8,737.1","8,767.6","8,767.6","8,720.8","","-0.22%"
"04/10/2019","8,756.2","8,721.6","8,758.4","8,712.3","","0.57%"
"04/09/2019","8,706.7","8,710.6","8,739.3","8,691.9","","-0.41%"
"04/08/2019","8,742.6","8,702.7","8,745.3","8,669.7","","0.28%"
"04/05/2019","8,718.5","8,701.8","8,722.0","8,691.0","","0.51%"
"04/04/2019","8,674.5","8,676.3","8,709.6","8,623.6","","-0.04%"
"04/03/2019","8,677.8","8,670.0","8,729.2","8,649.5","","0.60%"
"04/02/2019","8,625.7","8,595.6","8,634.2","8,581.8","","0.30%"
"04/01/2019","8,600.2","8,568.5","8,604.2","8,535.9","","1.35%"
"03/29/2019","8,485.7","8,484.5","8,489.0","8,433.2","","0.80%"
"03/28/2019","8,418.6","8,423.9","8,448.0","8,369.4","","0.17%"
"03/27/2019","8,403.9","8,468.6","8,483.0","8,339.3","","-0.58%"
"03/26/2019","8,453.0","8,484.1","8,529.0","8,410.7","","0.47%"
"03/25/2019","8,413.6","8,394.0","8,443.0","8,354.2","","-0.12%"
"03/22/2019","8,424.1","8,576.3","8,603.8","8,421.2","","-2.23%"
"03/21/2019","8,616.4","8,459.6","8,630.3","8,459.6","","1.52%"
"03/20/2019","8,487.0","8,450.5","8,535.3","8,415.3","","0.44%"
"03/19/2019","8,449.7","8,459.2","8,496.8","8,418.2","","0.32%"
"03/18/2019","8,423.1","8,406.2","8,448.8","8,385.8","","0.26%"
"03/15/2019","8,400.9","8,363.1","8,428.8","8,353.3","","0.89%"
"03/14/2019","8,327.1","8,343.6","8,355.8","8,324.8","","-0.18%"
"03/13/2019","8,342.1","8,312.3","8,383.3","8,310.9","","0.77%"
"03/12/2019","8,278.1","8,249.3","8,298.9","8,238.6","","0.52%"
"03/11/2019","8,235.2","8,104.2","8,238.6","8,103.6","","2.11%"
"03/08/2019","8,064.7","7,978.7","8,068.4","7,978.5","","-0.16%"
"03/07/2019","8,077.6","8,149.7","8,159.2","8,048.8","","-1.19%"
"03/06/2019","8,175.0","8,225.3","8,232.2","8,165.9","","-0.61%"
"03/05/2019","8,225.1","8,224.9","8,249.8","8,183.6","","0.08%"
"03/04/2019","8,218.2","8,267.7","8,281.6","8,129.3","","-0.01%"
"03/01/2019","8,219.1","8,219.7","8,228.7","8,161.1","","0.76%"
"02/28/2019","8,157.0","8,152.0","8,189.6","8,139.1","","-0.25%"
"02/27/2019","8,177.4","8,152.9","8,187.4","8,095.1","","-0.08%"
"02/26/2019","8,184.2","8,156.3","8,208.8","8,142.7","","0.11%"
"02/25/2019","8,175.2","8,208.4","8,228.4","8,171.0","","0.35%"
"02/22/2019","8,146.6","8,105.9","8,150.9","8,100.0","","0.79%"
"02/21/2019","8,082.9","8,096.6","8,115.0","8,044.6","","-0.38%"
"02/20/2019","8,114.1","8,123.2","8,153.0","8,074.0","","-0.01%"
"02/19/2019","8,115.3","8,077.1","8,141.1","8,076.4","","0.16%"
"02/15/2019","8,102.2","8,115.0","8,123.8","8,064.4","","0.47%"
"02/14/2019","8,064.5","8,023.3","8,093.7","8,003.9","","0.11%"
"02/13/2019","8,055.4","8,081.1","8,109.0","8,048.3","","0.02%"
"02/12/2019","8,054.0","7,991.9","8,062.1","7,977.8","","1.53%"
"02/11/2019","7,932.9","7,969.7","7,989.3","7,915.2","","-0.06%"
"02/08/2019","7,937.3","7,857.2","7,938.9","7,849.6","","0.16%"
"02/07/2019","7,924.6","7,958.3","7,981.7","7,866.5","","-1.32%"
"02/06/2019","8,030.6","8,060.8","8,073.4","7,998.7","","-0.34%"
"02/05/2019","8,058.4","7,996.2","8,065.5","7,994.6","","0.92%"
"02/04/2019","7,985.3","7,889.6","7,986.4","7,885.1","","1.23%"
"02/01/2019","7,888.4","7,885.2","7,941.7","7,867.5","","-0.45%"
"01/31/2019","7,924.4","7,848.7","7,958.2","7,845.3","","1.46%"
"01/30/2019","7,810.6","7,696.6","7,832.4","7,673.4","","2.65%"
"01/29/2019","7,608.8","7,680.9","7,687.6","7,586.6","","-0.96%"
"01/28/2019","7,682.5","7,676.5","7,683.0","7,622.0","","-1.33%"
"01/25/2019","7,786.1","7,749.7","7,801.7","7,724.1","","1.27%"
"01/24/2019","7,688.8","7,663.3","7,698.2","7,636.0","","0.66%"
"01/23/2019","7,638.6","7,673.3","7,700.6","7,553.4","","0.18%"
"01/22/2019","7,624.9","7,727.9","7,730.1","7,575.2","","-2.03%"
"01/18/2019","7,782.9","7,767.9","7,819.2","7,717.9","","0.98%"
"01/17/2019","7,707.0","7,624.1","7,740.1","7,613.7","","0.75%"
"01/16/2019","7,649.8","7,659.9","7,709.3","7,645.8","","-0.02%"
"01/15/2019","7,651.0","7,538.1","7,656.6","7,533.7","","1.97%"
"01/14/2019","7,503.5","7,498.2","7,533.1","7,470.9","","-0.92%"
"01/11/2019","7,572.8","7,548.1","7,576.4","7,527.6","","-0.29%"
"01/10/2019","7,595.2","7,515.0","7,600.0","7,476.6","","0.31%"
"01/09/2019","7,571.9","7,544.2","7,606.8","7,513.1","","0.75%"
"01/08/2019","7,515.8","7,520.4","7,542.0","7,407.0","","0.98%"
"01/07/2019","7,442.8","7,381.2","7,480.9","7,356.5","","1.02%"
"01/04/2019","7,367.6","7,169.6","7,393.4","7,151.9","","4.48%"
"01/03/2019","7,051.5","7,197.9","7,218.5","7,042.7","","-3.34%"
"01/02/2019","7,295.0","7,109.0","7,333.8","7,109.0","","0.49%"
"12/31/2018","7,259.6","7,288.1","7,300.2","7,195.3","","0.72%"
"12/28/2018","7,207.4","7,254.8","7,325.6","7,148.2","","-0.04%"
"12/27/2018","7,210.4","7,073.1","7,214.6","6,929.6","","0.41%"
"12/26/2018","7,180.8","6,844.0","7,182.0","6,789.9","","6.16%"
"12/24/2018","6,764.1","6,872.7","6,965.7","6,759.2","","-2.43%"
"12/21/2018","6,932.9","7,215.5","7,233.0","6,895.5","","-3.15%"
"12/20/2018","7,158.3","7,238.0","7,316.3","7,065.1","","-1.57%"
"12/19/2018","7,272.7","7,430.2","7,539.2","7,205.9","","-2.29%"
"12/18/2018","7,443.0","7,456.3","7,511.3","7,377.8","","0.69%"
"12/17/2018","7,392.3","7,532.8","7,590.9","7,336.3","","-2.22%"
"12/14/2018","7,560.3","7,657.7","7,692.6","7,549.2","","-2.56%"
"12/13/2018","7,758.6","7,801.9","7,834.1","7,708.3","","0.07%"
"12/12/2018","7,752.9","7,794.8","7,871.7","7,750.4","","0.89%"
"12/11/2018","7,684.4","7,774.0","7,781.0","7,623.2","","0.32%"
"12/10/2018","7,659.8","7,568.8","7,691.5","7,489.7","","1.05%"
"12/07/2018","7,580.2","7,801.8","7,850.8","7,558.7","","-3.30%"
"12/06/2018","7,838.7","7,624.8","7,840.6","7,600.3","","0.67%"
"12/04/2018","7,786.5","8,051.9","8,073.5","7,775.8","","-3.78%"
"12/03/2018","8,092.2","8,143.4","8,143.6","8,036.1","","1.63%"
"11/30/2018","7,962.6","7,909.0","7,965.0","7,874.7","","0.82%"
"11/29/2018","7,897.7","7,895.9","7,950.0","7,837.1","","-0.30%"
"11/28/2018","7,921.4","7,741.3","7,923.1","7,692.2","","3.17%"
"11/27/2018","7,677.8","7,607.2","7,694.3","7,572.5","","0.34%"
"11/26/2018","7,651.8","7,581.3","7,653.6","7,551.6","","2.31%"
"11/23/2018","7,478.8","7,476.1","7,552.3","7,475.6","","-0.73%"
"11/21/2018","7,534.1","7,571.3","7,607.1","7,523.4","","0.75%"
"11/20/2018","7,477.9","7,419.1","7,577.6","7,380.9","","-1.74%"
"11/19/2018","7,610.4","7,827.3","7,837.9","7,588.0","","-3.26%"
"11/16/2018","7,867.0","7,816.6","7,902.7","7,787.3","","-0.34%"
"11/15/2018","7,893.8","7,733.7","7,914.9","7,678.5","","1.80%"
"11/14/2018","7,754.0","7,898.6","7,921.4","7,715.4","","-0.84%"
"11/13/2018","7,819.8","7,851.5","7,957.8","7,797.8","","0.03%"
"11/12/2018","7,817.8","8,002.4","8,012.0","7,806.6","","-2.98%"
"11/09/2018","8,058.2","8,122.7","8,132.9","7,993.8","","-1.67%"
"11/08/2018","8,194.8","8,214.9","8,233.3","8,156.5","","-0.56%"
"11/07/2018","8,241.2","8,087.2","8,244.5","8,074.8","","3.07%"
"11/06/2018","7,996.1","7,939.2","8,037.2","7,926.5","","0.76%"
"11/05/2018","7,935.5","7,945.8","7,953.6","7,847.1","","-0.40%"
"11/02/2018","7,967.7","8,055.8","8,104.9","7,903.4","","-1.47%"
"11/01/2018","8,086.5","7,985.4","8,089.6","7,929.9","","1.46%"
"10/31/2018","7,969.8","7,930.9","8,042.3","7,920.6","","2.31%"
"10/30/2018","7,789.9","7,634.0","7,796.9","7,609.7","","1.44%"
"10/29/2018","7,679.1","7,954.5","7,975.7","7,520.0","","-2.02%"
"10/26/2018","7,837.5","7,783.0","7,980.0","7,713.3","","-2.34%"
"10/25/2018","8,025.1","7,882.0","8,079.5","7,853.9","","3.35%"
"10/24/2018","7,765.2","8,122.8","8,140.6","7,751.8","","-4.63%"
"10/23/2018","8,142.1","8,009.4","8,176.9","7,930.4","","-0.31%"
"10/22/2018","8,167.8","8,173.3","8,227.8","8,107.9","","0.48%"
"10/19/2018","8,128.9","8,200.0","8,267.0","8,098.6","","-0.12%"
"10/18/2018","8,139.0","8,293.2","8,293.9","8,099.9","","-2.23%"
"10/17/2018","8,324.9","8,360.8","8,362.9","8,241.6","","0.03%"
"10/16/2018","8,322.4","8,168.3","8,339.4","8,158.7","","2.94%"
"10/15/2018","8,084.8","8,154.1","8,171.1","8,060.5","","-1.24%"
"10/12/2018","8,186.0","8,178.0","8,211.0","8,029.0","","2.77%"
"10/11/2018","7,965.1","8,021.6","8,143.6","7,883.7","","-1.14%"
"10/10/2018","8,057.1","8,372.0","8,382.8","8,054.3","","-4.44%"
"10/09/2018","8,431.3","8,409.3","8,498.5","8,395.0","","0.26%"
"10/08/2018","8,409.6","8,413.9","8,481.4","8,311.5","","-0.63%"
"10/05/2018","8,462.5","8,557.4","8,589.9","8,380.6","","-1.21%"
"10/04/2018","8,566.5","8,695.8","8,701.8","8,505.1","","-1.91%"
"10/03/2018","8,733.6","8,762.9","8,778.7","8,720.1","","0.12%"
"10/02/2018","8,723.1","8,727.8","8,788.4","8,702.5","","-0.22%"
"10/01/2018","8,741.9","8,773.4","8,804.9","8,721.3","","0.23%"
"09/28/2018","8,721.5","8,704.4","8,746.3","8,688.4","","-0.03%"
"09/27/2018","8,723.7","8,690.3","8,756.0","8,686.5","","0.88%"
"09/26/2018","8,647.2","8,648.2","8,732.4","8,636.0","","0.00%"
"09/25/2018","8,647.3","8,634.5","8,653.0","8,603.9","","0.19%"
"09/24/2018","8,630.8","8,549.3","8,637.9","8,514.7","","0.23%"
"09/21/2018","8,610.6","8,675.0","8,693.8","8,600.3","","-0.50%"
"09/20/2018","8,654.0","8,614.0","8,669.3","8,602.4","","1.05%"
"09/19/2018","8,564.0","8,573.0","8,590.3","8,508.2","","-0.05%"
"09/18/2018","8,568.6","8,507.4","8,610.7","8,502.5","","0.81%"
"09/17/2018","8,499.5","8,600.0","8,612.9","8,491.6","","-1.47%"
"09/14/2018","8,626.2","8,660.3","8,667.1","8,591.4","","-0.21%"
"09/13/2018","8,644.7","8,614.5","8,664.2","8,610.4","","1.00%"
"09/12/2018","8,559.5","8,565.6","8,574.5","8,485.0","","-0.26%"
"09/11/2018","8,582.0","8,476.0","8,595.3","8,460.7","","0.81%"
"09/10/2018","8,512.7","8,534.5","8,542.5","8,470.5","","0.23%"
"09/07/2018","8,492.8","8,460.7","8,560.4","8,459.4","","-0.31%"
"09/06/2018","8,519.0","8,603.6","8,609.5","8,464.3","","-0.92%"
"09/05/2018","8,597.8","8,686.6","8,693.7","8,569.4","","-1.30%"
"09/04/2018","8,711.0","8,719.0","8,735.2","8,664.2","","-0.41%"
"08/31/2018","8,746.9","8,723.9","8,772.0","8,717.2","","0.15%"
"08/30/2018","8,733.4","8,736.1","8,788.7","8,707.1","","-0.22%"
"08/29/2018","8,752.8","8,667.0","8,754.8","8,665.2","","1.19%"
"08/28/2018","8,649.8","8,661.9","8,670.9","8,634.3","","0.15%"
"08/27/2018","8,637.1","8,600.8","8,638.9","8,583.2","","0.99%"
"08/24/2018","8,552.8","8,505.2","8,557.5","8,504.4","","0.96%"
"08/23/2018","8,471.1","8,478.5","8,530.5","8,461.4","","-0.14%"
"08/22/2018","8,483.3","8,432.2","8,494.6","8,426.3","","0.38%"
"08/21/2018","8,451.5","8,447.2","8,502.0","8,441.4","","0.35%"
"08/20/2018","8,421.9","8,447.2","8,449.7","8,390.0","","-0.08%"
"08/17/2018","8,428.9","8,400.4","8,448.7","8,354.7","","0.05%"
"08/16/2018","8,424.7","8,465.0","8,480.1","8,410.5","","0.29%"
"08/15/2018","8,400.6","8,436.0","8,463.2","8,347.9","","-1.20%"
"08/14/2018","8,503.0","8,483.9","8,512.4","8,437.7","","0.62%"
"08/13/2018","8,450.3","8,472.0","8,527.6","8,447.3","","-0.10%"
"08/10/2018","8,458.4","8,459.2","8,490.8","8,429.3","","-0.74%"
"08/09/2018","8,521.8","8,522.4","8,557.6","8,512.2","","-0.03%"
"08/08/2018","8,524.7","8,507.4","8,543.7","8,486.1","","0.10%"
"08/07/2018","8,516.3","8,512.5","8,534.9","8,494.9","","0.32%"
"08/06/2018","8,489.2","8,434.3","8,489.9","8,423.7","","0.61%"
"08/03/2018","8,438.1","8,431.1","8,438.1","8,393.4","","0.32%"
"08/02/2018","8,411.5","8,239.4","8,421.1","8,239.4","","1.37%"
"08/01/2018","8,298.2","8,294.0","8,323.2","8,254.5","","0.57%"
"07/31/2018","8,251.5","8,237.5","8,298.3","8,191.5","","0.54%"
"07/30/2018","8,206.9","8,320.5","8,327.8","8,167.7","","-1.41%"
"07/27/2018","8,324.5","8,491.6","8,491.6","8,277.2","","-1.41%"
"07/26/2018","8,443.2","8,447.5","8,476.7","8,426.0","","-1.44%"
"07/25/2018","8,566.2","8,449.3","8,569.4","8,448.7","","1.38%"
"07/24/2018","8,449.4","8,505.6","8,529.0","8,414.6","","0.47%"
"07/23/2018","8,410.0","8,368.5","8,415.8","8,329.6","","0.29%"
"07/20/2018","8,385.4","8,418.4","8,440.6","8,377.6","","-0.03%"
"07/19/2018","8,387.9","8,401.9","8,429.6","8,378.7","","-0.51%"
"07/18/2018","8,430.9","8,450.5","8,455.0","8,406.1","","-0.19%"
"07/17/2018","8,446.6","8,318.4","8,463.2","8,314.8","","0.62%"
"07/16/2018","8,394.2","8,420.6","8,431.5","8,381.0","","-0.24%"
"07/13/2018","8,414.6","8,410.6","8,428.2","8,384.0","","0.13%"
"07/12/2018","8,403.7","8,301.2","8,406.5","8,298.6","","1.69%"
"07/11/2018","8,264.2","8,238.7","8,295.2","8,237.1","","-0.53%"
"07/10/2018","8,308.3","8,313.3","8,325.6","8,279.6","","0.09%"
"07/09/2018","8,300.7","8,272.4","8,302.5","8,238.4","","0.95%"
"07/06/2018","8,222.3","8,116.0","8,233.3","8,106.8","","1.50%"
"07/05/2018","8,101.0","8,058.8","8,106.2","8,014.6","","1.25%"
"07/03/2018","8,000.8","8,123.1","8,123.9","7,995.1","","-1.17%"
"07/02/2018","8,095.8","7,960.9","8,097.4","7,949.1","","0.82%"
"06/29/2018","8,029.9","8,064.9","8,099.5","8,019.2","","0.13%"
"06/28/2018","8,019.4","7,941.6","8,046.4","7,926.6","","0.89%"
"06/27/2018","7,948.3","8,093.0","8,129.7","7,946.7","","-1.39%"
"06/26/2018","8,060.6","8,052.7","8,106.5","8,028.5","","0.43%"
"06/25/2018","8,026.4","8,132.3","8,147.4","7,956.6","","-2.21%"
"06/22/2018","8,208.1","8,256.2","8,256.3","8,185.2","","-0.28%"
"06/21/2018","8,230.9","8,329.6","8,334.4","8,215.4","","-0.87%"
"06/20/2018","8,303.0","8,284.9","8,336.4","8,275.8","","0.73%"
"06/19/2018","8,242.9","8,164.0","8,245.1","8,140.3","","-0.31%"
"06/18/2018","8,268.7","8,211.4","8,274.4","8,194.3","","-0.06%"
"06/15/2018","8,273.6","8,261.5","8,288.5","8,234.0","","-0.33%"
"06/14/2018","8,300.8","8,248.5","8,314.2","8,248.5","","1.04%"
"06/13/2018","8,215.3","8,231.6","8,279.0","8,201.4","","-0.05%"
"06/12/2018","8,219.8","8,188.4","8,225.8","8,179.4","","0.57%"
"06/11/2018","8,173.4","8,151.9","8,195.0","8,147.8","","0.22%"
"06/08/2018","8,155.2","8,120.0","8,165.8","8,096.0","","0.00%"
"06/07/2018","8,155.4","8,223.4","8,223.4","8,113.3","","-0.78%"
"06/06/2018","8,219.6","8,185.6","8,222.3","8,140.7","","0.60%"
"06/05/2018","8,170.2","8,165.2","8,185.1","8,136.4","","0.33%"
"06/04/2018","8,143.6","8,093.4","8,147.2","8,092.9","","0.84%"
"06/01/2018","8,075.6","7,991.4","8,076.6","7,989.1","","1.67%"
"05/31/2018","7,943.1","7,945.6","7,998.6","7,929.8","","-0.12%"
"05/30/2018","7,953.0","7,929.3","7,965.8","7,909.2","","0.72%"
"05/29/2018","7,895.9","7,898.1","7,939.3","7,850.9","","-0.48%"
"05/25/2018","7,934.1","7,923.4","7,958.7","7,912.4","","0.16%"
"05/24/2018","7,921.3","7,923.4","7,937.3","7,844.8","","-0.06%"
"05/23/2018","7,925.8","7,804.6","7,927.0","7,804.2","","0.87%"
"05/22/2018","7,857.1","7,903.9","7,918.4","7,845.8","","-0.17%"
"05/21/2018","7,870.6","7,887.5","7,919.4","7,837.4","","0.57%"
"05/18/2018","7,825.7","7,837.6","7,861.8","7,815.8","","-0.51%"
"05/17/2018","7,865.9","7,870.6","7,924.4","7,829.2","","-0.39%"
"05/16/2018","7,896.9","7,854.7","7,913.5","7,853.3","","0.66%"
"05/15/2018","7,845.4","7,869.1","7,872.1","7,804.6","","-1.09%"
"05/14/2018","7,931.8","7,946.5","7,981.7","7,920.7","","0.17%"
"05/11/2018","7,918.0","7,913.8","7,937.0","7,885.0","","-0.11%"
"05/10/2018","7,926.8","7,864.9","7,930.6","7,862.2","","1.02%"
"05/09/2018","7,846.5","7,775.2","7,849.6","7,748.8","","1.15%"
"05/08/2018","7,757.5","7,755.8","7,775.1","7,706.1","","-0.09%"
"05/07/2018","7,764.6","7,743.6","7,792.6","7,735.2","","0.78%"
"05/04/2018","7,704.5","7,533.4","7,720.7","7,526.2","","1.92%"
"05/03/2018","7,559.6","7,520.0","7,586.6","7,441.6","","-0.01%"
"05/02/2018","7,560.7","7,617.6","7,642.0","7,553.2","","-0.56%"
"05/01/2018","7,603.3","7,502.0","7,607.2","7,485.3","","1.16%"
"04/30/2018","7,516.4","7,589.1","7,638.1","7,502.8","","-0.76%"
"04/27/2018","7,574.1","7,679.1","7,681.5","7,531.9","","0.10%"
"04/26/2018","7,566.4","7,517.4","7,593.6","7,486.1","","2.08%"
"04/25/2018","7,411.9","7,412.4","7,442.4","7,312.5","","0.07%"
"04/24/2018","7,406.4","7,601.9","7,611.0","7,355.9","","-2.10%"
"04/23/2018","7,565.3","7,622.6","7,648.2","7,525.2","","-0.28%"
"04/20/2018","7,586.8","7,685.7","7,689.1","7,558.5","","-1.58%"
"04/19/2018","7,708.7","7,729.4","7,754.4","7,679.4","","-0.85%"
"04/18/2018","7,775.1","7,765.3","7,802.1","7,724.0","","0.25%"
"04/17/2018","7,755.9","7,667.5","7,776.4","7,657.4","","2.11%"
"04/16/2018","7,595.3","7,596.1","7,623.3","7,547.4","","0.71%"
"04/13/2018","7,542.0","7,619.0","7,627.3","7,507.9","","-0.42%"
"04/12/2018","7,573.8","7,540.8","7,603.8","7,531.1","","1.11%"
"04/11/2018","7,490.9","7,485.7","7,567.0","7,481.2","","-0.49%"
"04/10/2018","7,527.8","7,493.3","7,555.2","7,435.7","","2.22%"
"04/09/2018","7,364.5","7,382.9","7,514.6","7,357.3","","0.61%"
"04/06/2018","7,319.9","7,412.3","7,495.3","7,284.4","","-2.45%"
"04/05/2018","7,503.8","7,531.5","7,546.3","7,453.1","","0.53%"
"04/04/2018","7,464.2","7,198.6","7,485.2","7,198.6","","1.59%"
"04/03/2018","7,347.4","7,335.2","7,377.5","7,216.7","","1.08%"
"04/02/2018","7,269.2","7,425.5","7,462.7","7,191.6","","-2.89%"
"03/29/2018","7,485.7","7,386.0","7,553.5","7,320.2","","1.86%"
"03/28/2018","7,348.8","7,379.8","7,461.5","7,291.1","","-1.05%"
"03/27/2018","7,426.6","7,724.1","7,726.4","7,369.4","","-3.32%"
"03/26/2018","7,681.3","7,556.9","7,689.1","7,436.8","","3.78%"
"03/23/2018","7,401.8","7,601.0","7,629.9","7,401.6","","-2.61%"
"03/22/2018","7,599.9","7,692.8","7,745.1","7,596.6","","-2.50%"
"03/21/2018","7,794.6","7,805.8","7,882.5","7,766.7","","-0.46%"
"03/20/2018","7,830.8","7,814.0","7,849.4","7,785.3","","0.31%"
"03/19/2018","7,806.7","7,899.0","7,902.4","7,740.0","","-2.21%"
"03/16/2018","7,983.1","8,026.5","8,030.5","7,973.7","","-0.16%"
"03/15/2018","7,995.5","8,017.9","8,046.2","7,971.7","","-0.13%"
"03/14/2018","8,006.2","8,048.1","8,055.2","7,973.9","","-0.08%"
"03/13/2018","8,012.5","8,155.4","8,171.2","7,988.9","","-1.18%"
"03/12/2018","8,108.3","8,098.5","8,136.9","8,082.1","","0.42%"
"03/09/2018","8,074.3","7,976.1","8,074.4","7,967.5","","1.93%"
"03/08/2018","7,921.1","7,909.1","7,926.3","7,881.2","","0.55%"
"03/07/2018","7,877.7","7,793.8","7,884.6","7,788.5","","0.24%"
"03/06/2018","7,859.0","7,866.7","7,886.3","7,812.5","","0.46%"
"03/05/2018","7,822.9","7,705.0","7,846.0","7,678.0","","1.03%"
"03/02/2018","7,743.0","7,573.5","7,753.6","7,554.3","","0.90%"
"03/01/2018","7,674.2","7,802.0","7,835.5","7,602.5","","-1.52%"
"02/28/2018","7,792.3","7,895.5","7,917.1","7,792.3","","-0.66%"
"02/27/2018","7,844.2","7,940.3","7,961.1","7,844.2","","-1.26%"
"02/26/2018","7,944.3","7,881.4","7,944.6","7,874.2","","1.34%"
"02/23/2018","7,839.1","7,748.0","7,840.2","7,716.9","","1.99%"
"02/22/2018","7,686.0","7,721.5","7,758.9","7,665.8","","0.04%"
"02/21/2018","7,682.8","7,738.9","7,819.4","7,682.8","","-0.30%"
"02/20/2018","7,705.7","7,663.0","7,772.0","7,661.1","","0.14%"
"02/16/2018","7,695.2","7,703.9","7,774.7","7,681.4","","-0.36%"
"02/15/2018","7,722.8","7,653.9","7,723.9","7,576.2","","1.80%"
"02/14/2018","7,586.3","7,413.9","7,596.7","7,410.7","","1.91%"
"02/13/2018","7,444.0","7,363.3","7,459.6","7,358.3","","0.46%"
"02/12/2018","7,409.9","7,356.8","7,457.0","7,296.9","","1.73%"
"02/09/2018","7,283.6","7,263.7","7,329.8","7,001.7","","1.73%"
"02/08/2018","7,159.4","7,488.3","7,499.9","7,157.2","","-4.19%"
"02/07/2018","7,472.6","7,530.4","7,625.0","7,471.9","","-1.25%"
"02/06/2018","7,567.5","7,241.3","7,575.9","7,232.1","","2.64%"
"02/05/2018","7,372.9","7,590.3","7,727.1","7,372.3","","-3.91%"
"02/02/2018","7,672.9","7,793.3","7,819.1","7,668.7","","-2.05%"
"02/01/2018","7,833.2","7,843.5","7,911.8","7,807.7","","-0.70%"
"01/31/2018","7,888.2","7,914.1","7,926.4","7,849.1","","0.28%"
"01/30/2018","7,866.1","7,843.1","7,898.0","7,825.2","","-0.82%"
"01/29/2018","7,930.8","7,944.8","7,967.5","7,915.3","","-0.49%"
"01/26/2018","7,970.1","7,894.9","7,970.1","7,877.6","","1.54%"
"01/25/2018","7,849.1","7,904.3","7,907.3","7,824.7","","-0.04%"
"01/24/2018","7,852.5","7,916.1","7,936.0","7,808.6","","-0.63%"
"01/23/2018","7,902.6","7,862.6","7,909.3","7,860.5","","0.83%"
"01/22/2018","7,837.7","7,750.6","7,837.7","7,743.0","","1.05%"
"01/19/2018","7,756.0","7,750.0","7,766.1","7,718.9","","0.34%"
"01/18/2018","7,730.0","7,722.3","7,747.5","7,699.7","","0.02%"
"01/17/2018","7,728.7","7,680.6","7,739.8","7,647.2","","1.09%"
"01/16/2018","7,645.7","7,726.0","7,757.7","7,625.3","","-0.32%"
"01/12/2018","7,670.0","7,602.8","7,676.2","7,598.5","","0.75%"
"01/11/2018","7,613.2","7,576.0","7,613.2","7,563.6","","0.69%"
"01/10/2018","7,561.2","7,536.2","7,562.2","7,512.1","","-0.23%"
"01/09/2018","7,578.5","7,595.5","7,599.2","7,556.2","","0.02%"
"01/08/2018","7,577.0","7,548.6","7,581.1","7,545.8","","0.35%"
"01/05/2018","7,550.5","7,504.9","7,552.4","7,495.7","","1.04%"
"01/04/2018","7,472.5","7,485.2","7,493.6","7,463.8","","0.15%"
"01/03/2018","7,461.1","7,397.8","7,465.0","7,397.0","","0.99%"
"01/02/2018","7,388.0","7,297.5","7,389.9","7,281.8","","1.81%"
"12/29/2017","7,256.9","7,306.2","7,309.2","7,256.9","","-0.70%"
"12/28/2017","7,307.9","7,317.1","7,320.0","7,298.0","","0.10%"
"12/27/2017","7,300.3","7,302.5","7,315.9","7,289.8","","0.03%"
"12/26/2017","7,298.1","7,291.4","7,303.8","7,269.5","","-0.49%"
"12/22/2017","7,334.4","7,331.4","7,337.4","7,316.0","","-0.12%"
"12/21/2017","7,342.9","7,352.4","7,375.6","7,337.3","","0.00%"
"12/20/2017","7,342.7","7,379.0","7,379.0","7,314.8","","-0.13%"
"12/19/2017","7,351.9","7,379.9","7,386.2","7,331.7","","-0.50%"
"12/18/2017","7,388.8","7,379.2","7,399.4","7,368.2","","0.74%"
"12/15/2017","7,334.8","7,265.4","7,340.0","7,265.3","","1.20%"
"12/14/2017","7,248.1","7,267.8","7,286.4","7,244.0","","-0.06%"
"12/13/2017","7,252.8","7,264.9","7,277.9","7,245.7","","0.17%"
"12/12/2017","7,240.3","7,246.9","7,262.8","7,226.7","","-0.16%"
"12/11/2017","7,251.9","7,203.5","7,252.5","7,199.7","","0.78%"
"12/08/2017","7,195.9","7,218.7","7,233.4","7,185.4","","0.45%"
"12/07/2017","7,163.9","7,146.1","7,183.1","7,134.8","","0.37%"
"12/06/2017","7,137.2","7,081.3","7,149.8","7,070.5","","0.44%"
"12/05/2017","7,105.6","7,079.9","7,187.1","7,072.3","","0.02%"
"12/04/2017","7,103.9","7,236.5","7,236.6","7,096.1","","-1.17%"
"12/01/2017","7,188.0","7,174.1","7,219.1","7,082.5","","-0.43%"
"11/30/2017","7,219.4","7,187.4","7,229.2","7,169.3","","0.86%"
"11/29/2017","7,157.7","7,272.6","7,272.6","7,121.4","","-1.73%"
"11/28/2017","7,283.4","7,279.9","7,287.3","7,241.1","","0.27%"
"11/27/2017","7,263.7","7,267.7","7,279.9","7,247.9","","-0.05%"
"11/24/2017","7,267.5","7,249.4","7,269.2","7,244.9","","0.36%"
"11/22/2017","7,241.2","7,238.9","7,246.9","7,224.9","","0.12%"
"11/21/2017","7,232.3","7,185.0","7,233.9","7,184.2","","1.11%"
"11/20/2017","7,152.8","7,165.2","7,170.9","7,145.1","","-0.09%"
"11/17/2017","7,159.3","7,192.3","7,194.5","7,152.5","","-0.39%"
"11/16/2017","7,187.1","7,135.3","7,202.2","7,135.3","","1.32%"
"11/15/2017","7,093.7","7,097.0","7,114.6","7,059.3","","-0.51%"
"11/14/2017","7,129.9","7,129.6","7,137.7","7,096.1","","-0.35%"
"11/13/2017","7,155.3","7,121.1","7,165.5","7,121.1","","0.11%"
"11/10/2017","7,147.1","7,133.7","7,151.8","7,119.0","","0.00%"
"11/09/2017","7,147.0","7,127.9","7,150.4","7,074.6","","-0.53%"
"11/08/2017","7,184.9","7,154.6","7,186.2","7,142.8","","0.40%"
"11/07/2017","7,156.5","7,149.6","7,165.3","7,132.4","","0.11%"
"11/06/2017","7,148.4","7,124.1","7,154.0","7,123.8","","0.30%"
"11/03/2017","7,126.7","7,093.4","7,129.0","7,061.1","","0.95%"
"11/02/2017","7,059.7","7,061.9","7,068.0","7,012.4","","-0.20%"
"11/01/2017","7,073.6","7,102.6","7,105.3","7,046.3","","0.00%"
"10/31/2017","7,073.4","7,065.9","7,084.6","7,051.5","","0.34%"
"10/30/2017","7,049.5","7,029.3","7,075.8","7,021.1","","0.24%"
"10/27/2017","7,032.9","6,947.7","7,044.2","6,938.2","","2.91%"
"10/26/2017","6,834.1","6,854.7","6,866.6","6,832.0","","-0.28%"
"10/25/2017","6,853.6","6,869.8","6,890.4","6,804.0","","-0.41%"
"10/24/2017","6,882.1","6,879.6","6,894.1","6,856.6","","0.21%"
"10/23/2017","6,867.9","6,929.5","6,929.5","6,860.3","","-0.67%"
"10/20/2017","6,914.3","6,920.7","6,929.9","6,906.8","","0.27%"
"10/19/2017","6,896.0","6,875.2","6,896.3","6,849.4","","-0.36%"
"10/18/2017","6,920.6","6,937.1","6,937.7","6,912.1","","-0.13%"
"10/17/2017","6,929.9","6,917.2","6,930.2","6,908.5","","0.13%"
"10/16/2017","6,920.8","6,914.2","6,921.9","6,899.4","","0.36%"
"10/13/2017","6,895.8","6,898.4","6,904.4","6,889.7","","0.37%"
"10/12/2017","6,870.4","6,872.9","6,897.3","6,863.0","","-0.18%"
"10/11/2017","6,883.1","6,862.2","6,884.3","6,850.5","","0.29%"
"10/10/2017","6,863.1","6,879.8","6,886.4","6,832.7","","0.08%"
"10/09/2017","6,857.4","6,872.6","6,880.4","6,849.3","","-0.10%"
"10/06/2017","6,864.3","6,833.6","6,864.4","6,833.1","","0.12%"
"10/05/2017","6,855.8","6,811.8","6,858.1","6,807.8","","0.97%"
"10/04/2017","6,789.8","6,772.2","6,802.2","6,764.1","","0.08%"
"10/03/2017","6,784.1","6,774.8","6,788.7","6,763.2","","0.23%"
"10/02/2017","6,768.4","6,776.4","6,794.8","6,738.9","","0.04%"
"09/29/2017","6,765.5","6,723.0","6,766.5","6,710.6","","0.78%"
"09/28/2017","6,713.2","6,699.1","6,720.1","6,685.5","","-0.07%"
"09/27/2017","6,718.0","6,689.9","6,740.6","6,675.7","","0.96%"
"09/26/2017","6,654.1","6,667.5","6,684.8","6,633.4","","0.24%"
"09/25/2017","6,638.3","6,679.9","6,684.9","6,607.2","","-1.10%"
"09/22/2017","6,711.8","6,689.1","6,717.8","6,688.2","","-0.04%"
"09/21/2017","6,714.8","6,749.5","6,749.5","6,693.1","","-0.65%"
"09/20/2017","6,758.5","6,774.5","6,782.2","6,706.6","","-0.29%"
"09/19/2017","6,778.3","6,779.3","6,786.4","6,755.8","","0.17%"
"09/18/2017","6,766.9","6,785.4","6,802.9","6,746.6","","-0.11%"
"09/15/2017","6,774.2","6,749.0","6,798.5","6,740.1","","0.32%"
"09/14/2017","6,752.5","6,767.3","6,784.7","6,748.3","","-0.58%"
"09/13/2017","6,792.0","6,767.7","6,792.1","6,758.6","","0.15%"
"09/12/2017","6,782.1","6,785.6","6,790.4","6,751.0","","0.26%"
"09/11/2017","6,764.6","6,744.1","6,776.3","6,742.4","","1.13%"
"09/08/2017","6,688.7","6,738.2","6,740.1","6,682.6","","-0.85%"
"09/07/2017","6,746.3","6,741.9","6,764.2","6,723.2","","0.23%"
"09/06/2017","6,730.9","6,729.2","6,745.9","6,684.4","","0.31%"
"09/05/2017","6,710.1","6,748.4","6,764.6","6,662.0","","-0.92%"
"09/01/2017","6,772.5","6,788.2","6,797.0","6,754.8","","-0.01%"
"08/31/2017","6,773.3","6,728.2","6,781.0","6,725.0","","0.94%"
"08/30/2017","6,710.3","6,640.1","6,718.9","6,633.9","","1.21%"
"08/29/2017","6,630.2","6,543.3","6,641.2","6,543.3","","0.41%"
"08/28/2017","6,602.8","6,604.1","6,619.4","6,584.4","","0.28%"
"08/25/2017","6,584.3","6,620.3","6,638.6","6,576.5","","-0.20%"
"08/24/2017","6,597.8","6,631.2","6,640.1","6,562.0","","-0.30%"
"08/23/2017","6,617.4","6,606.5","6,632.1","6,604.9","","-0.37%"
"08/22/2017","6,641.7","6,578.4","6,648.1","6,578.0","","1.51%"
"08/21/2017","6,543.1","6,548.2","6,563.2","6,502.4","","-0.07%"
"08/18/2017","6,548.0","6,562.7","6,593.4","6,524.5","","-0.09%"
"08/17/2017","6,554.0","6,667.1","6,675.6","6,554.0","","-2.04%"
"08/16/2017","6,690.8","6,694.5","6,722.0","6,670.6","","0.18%"
"08/15/2017","6,678.5","6,689.3","6,692.1","6,662.8","","0.05%"
"08/14/2017","6,675.1","6,641.8","6,684.4","6,641.1","","1.31%"
"08/11/2017","6,588.5","6,544.2","6,603.3","6,536.2","","0.75%"
"08/10/2017","6,539.4","6,643.2","6,651.3","6,534.0","","-2.17%"
"08/09/2017","6,684.3","6,639.3","6,686.1","6,624.2","","-0.12%"
"08/08/2017","6,692.1","6,688.0","6,744.8","6,674.3","","-0.13%"
"08/07/2017","6,701.1","6,672.5","6,703.4","6,666.1","","0.59%"
"08/04/2017","6,661.8","6,661.5","6,676.1","6,636.0","","0.15%"
"08/03/2017","6,651.9","6,679.6","6,681.5","6,638.9","","-0.37%"
"08/02/2017","6,676.6","6,699.0","6,701.3","6,614.9","","0.32%"
"08/01/2017","6,655.1","6,661.2","6,666.5","6,638.4","","0.25%"
"07/31/2017","6,638.3","6,692.9","6,697.1","6,628.7","","-0.48%"
"07/28/2017","6,670.6","6,642.1","6,681.2","6,625.4","","-0.13%"
"07/27/2017","6,679.5","6,766.4","6,768.4","6,600.5","","-0.56%"
"07/26/2017","6,717.0","6,709.6","6,721.1","6,704.0","","0.34%"
"07/25/2017","6,694.4","6,690.4","6,710.6","6,678.2","","-0.18%"
"07/24/2017","6,706.5","6,683.4","6,716.9","6,674.2","","0.34%"
"07/21/2017","6,684.0","6,666.0","6,684.0","6,648.7","","0.01%"
"07/20/2017","6,683.6","6,693.1","6,696.5","6,655.9","","0.09%"
"07/19/2017","6,677.9","6,657.9","6,684.9","6,654.6","","0.61%"
"07/18/2017","6,637.2","6,584.0","6,637.7","6,567.4","","0.69%"
"07/17/2017","6,591.7","6,598.5","6,615.3","6,580.9","","0.03%"
"07/14/2017","6,589.8","6,563.8","6,597.4","6,546.6","","0.77%"
"07/13/2017","6,539.3","6,530.2","6,553.8","6,520.4","","0.25%"
"07/12/2017","6,523.1","6,498.5","6,529.9","6,490.0","","1.21%"
"07/11/2017","6,445.0","6,419.3","6,454.1","6,397.0","","0.28%"
"07/10/2017","6,427.3","6,391.8","6,443.7","6,377.8","","0.67%"
"07/07/2017","6,384.8","6,342.3","6,403.5","6,342.3","","1.05%"
"07/06/2017","6,318.7","6,328.3","6,353.6","6,298.1","","-0.90%"
"07/05/2017","6,376.1","6,333.4","6,392.8","6,313.8","","0.95%"
"07/03/2017","6,316.1","6,410.2","6,415.4","6,311.1","","-0.89%"
"06/30/2017","6,372.5","6,405.8","6,412.0","6,362.1","","-0.10%"
"06/29/2017","6,378.6","6,458.0","6,458.4","6,318.2","","-1.74%"
"06/28/2017","6,491.5","6,424.3","6,496.2","6,387.1","","1.44%"
"06/27/2017","6,399.2","6,490.7","6,500.1","6,399.2","","-1.83%"
"06/26/2017","6,518.8","6,580.5","6,595.0","6,505.5","","-0.44%"
"06/23/2017","6,547.6","6,515.9","6,555.7","6,498.6","","0.40%"
"06/22/2017","6,521.3","6,529.9","6,546.8","6,507.8","","-0.04%"
"06/21/2017","6,524.2","6,477.0","6,527.0","6,473.0","","0.98%"
"06/20/2017","6,460.9","6,502.3","6,512.6","6,459.4","","-0.80%"
"06/19/2017","6,512.7","6,464.5","6,517.4","6,458.9","","1.60%"
"06/16/2017","6,410.1","6,424.5","6,426.2","6,382.1","","-0.34%"
"06/15/2017","6,432.0","6,387.4","6,439.4","6,357.2","","-0.45%"
"06/14/2017","6,461.2","6,514.2","6,514.3","6,410.7","","-0.42%"
"06/13/2017","6,488.4","6,475.3","6,498.3","6,440.3","","0.77%"
"06/12/2017","6,439.1","6,404.1","6,448.2","6,354.7","","-0.59%"
"06/09/2017","6,477.2","6,646.1","6,652.9","6,382.2","","-2.44%"
"06/08/2017","6,638.9","6,649.6","6,650.1","6,602.1","","0.13%"
"06/07/2017","6,630.2","6,623.7","6,636.6","6,594.6","","0.37%"
"06/06/2017","6,605.9","6,620.2","6,644.3","6,596.3","","-0.36%"
"06/05/2017","6,629.9","6,633.4","6,642.1","6,622.0","","-0.06%"
"06/02/2017","6,633.6","6,580.5","6,633.6","6,570.8","","1.12%"
"06/01/2017","6,560.3","6,546.4","6,560.4","6,519.0","","0.48%"
"05/31/2017","6,529.0","6,556.3","6,556.6","6,499.4","","-0.10%"
"05/30/2017","6,535.6","6,525.2","6,541.6","6,520.6","","0.11%"
"05/26/2017","6,528.4","6,521.4","6,530.5","6,509.6","","0.19%"
"05/25/2017","6,516.2","6,482.2","6,532.8","6,471.6","","0.84%"
"05/24/2017","6,461.9","6,451.3","6,464.5","6,433.6","","0.47%"
"05/23/2017","6,431.5","6,444.6","6,446.4","6,416.6","","0.07%"
"05/22/2017","6,426.8","6,385.7","6,428.6","6,384.1","","0.85%"
"05/19/2017","6,372.8","6,360.6","6,397.7","6,360.6","","0.45%"
"05/18/2017","6,344.2","6,280.5","6,365.4","6,279.0","","0.82%"
"05/17/2017","6,292.5","6,397.4","6,414.5","6,289.8","","-2.50%"
"05/16/2017","6,453.6","6,443.2","6,454.0","6,425.5","","0.40%"
"05/15/2017","6,427.8","6,409.2","6,430.2","6,403.7","","0.32%"
"05/12/2017","6,407.1","6,403.4","6,407.8","6,390.4","","0.23%"
"05/11/2017","6,392.7","6,379.6","6,394.1","6,351.2","","-0.08%"
"05/10/2017","6,397.8","6,397.4","6,400.0","6,375.0","","0.06%"
"05/09/2017","6,393.8","6,382.2","6,408.3","6,377.7","","0.35%"
"05/08/2017","6,371.7","6,360.6","6,371.7","6,348.0","","0.23%"
"05/05/2017","6,356.9","6,350.9","6,356.9","6,327.1","","0.35%"
"05/04/2017","6,334.6","6,331.6","6,342.7","6,311.8","","0.02%"
"05/03/2017","6,333.3","6,333.0","6,338.5","6,314.2","","-0.31%"
"05/02/2017","6,353.3","6,351.5","6,354.5","6,332.4","","0.26%"
"05/01/2017","6,337.1","6,306.5","6,349.3","6,304.1","","0.83%"
"04/28/2017","6,285.2","6,302.0","6,303.7","6,275.8","","0.22%"
"04/27/2017","6,271.4","6,253.4","6,273.6","6,249.2","","0.55%"
"04/26/2017","6,236.9","6,250.9","6,262.6","6,233.4","","-0.13%"
"04/25/2017","6,244.9","6,217.1","6,255.8","6,214.8","","0.73%"
"04/24/2017","6,199.7","6,194.3","6,205.9","6,184.4","","1.21%"
"04/21/2017","6,125.3","6,131.2","6,135.2","6,112.0","","-0.03%"
"04/20/2017","6,127.0","6,103.3","6,140.9","6,093.0","","0.81%"
"04/19/2017","6,077.6","6,096.3","6,112.9","6,069.3","","0.15%"
"04/18/2017","6,068.6","6,059.7","6,084.2","6,053.1","","-0.14%"
"04/17/2017","6,077.1","6,043.3","6,077.1","6,041.5","","0.85%"
"04/13/2017","6,025.7","6,045.0","6,076.8","6,025.7","","-0.44%"
"04/12/2017","6,052.1","6,071.9","6,077.5","6,044.5","","-0.40%"
"04/11/2017","6,076.2","6,093.6","6,103.6","6,032.0","","-0.43%"
"04/10/2017","6,102.4","6,104.5","6,126.1","6,085.4","","0.06%"
"04/07/2017","6,098.6","6,101.5","6,116.4","6,078.1","","-0.05%"
"04/06/2017","6,101.5","6,104.6","6,117.4","6,086.8","","0.05%"
"04/05/2017","6,098.7","6,131.1","6,167.8","6,088.1","","-0.40%"
"04/04/2017","6,123.4","6,095.4","6,124.4","6,095.1","","0.18%"
"04/03/2017","6,112.7","6,121.7","6,136.6","6,080.2","","-0.06%"
"03/31/2017","6,116.5","6,110.6","6,133.7","6,106.7","","-0.07%"
"03/30/2017","6,120.5","6,109.9","6,128.1","6,104.2","","0.18%"
"03/29/2017","6,109.8","6,087.2","6,113.3","6,081.5","","0.43%"
"03/28/2017","6,083.4","6,043.7","6,100.3","6,034.0","","0.62%"
"03/27/2017","6,046.1","5,986.2","6,056.2","5,980.6","","0.19%"
"03/24/2017","6,034.6","6,048.9","6,066.4","6,014.3","","0.17%"
"03/23/2017","6,024.6","6,026.4","6,047.4","6,014.7","","-0.23%"
"03/22/2017","6,038.6","5,999.3","6,043.9","5,993.2","","0.66%"
"03/21/2017","5,999.2","6,112.5","6,119.6","5,994.9","","-1.49%"
"03/20/2017","6,090.1","6,081.9","6,104.9","6,075.3","","0.09%"
"03/17/2017","6,084.8","6,090.1","6,101.1","6,082.6","","-0.06%"
"03/16/2017","6,088.5","6,099.1","6,101.5","6,074.1","","-0.07%"
"03/15/2017","6,092.8","6,066.1","6,104.7","6,047.4","","0.63%"
"03/14/2017","6,054.5","6,055.1","6,057.5","6,030.3","","-0.22%"
"03/13/2017","6,067.7","6,060.1","6,069.8","6,053.6","","0.17%"
"03/10/2017","6,057.6","6,062.7","6,067.4","6,033.1","","0.41%"
"03/09/2017","6,032.9","6,023.7","6,040.5","6,001.6","","0.08%"
"03/08/2017","6,028.2","6,018.7","6,046.2","6,015.8","","0.16%"
"03/07/2017","6,018.3","6,014.8","6,043.0","6,007.2","","-0.17%"
"03/06/2017","6,028.4","6,019.7","6,037.4","6,004.0","","-0.24%"
"03/03/2017","6,043.1","6,022.6","6,043.1","6,010.5","","0.19%"
"03/02/2017","6,031.6","6,057.6","6,059.2","6,022.9","","-0.51%"
"03/01/2017","6,062.8","6,037.7","6,071.2","6,022.8","","1.15%"
"02/28/2017","5,993.8","6,009.4","6,013.1","5,978.5","","-0.32%"
"02/27/2017","6,013.1","5,994.0","6,013.5","5,984.5","","0.09%"
"02/24/2017","6,007.6","5,964.8","6,007.6","5,963.4","","0.21%"
"02/23/2017","5,995.1","6,024.0","6,024.5","5,969.9","","-0.37%"
"02/22/2017","6,017.3","6,009.5","6,020.2","5,998.9","","0.03%"
"02/21/2017","6,015.4","5,997.2","6,018.1","5,992.6","","0.49%"
"02/17/2017","5,986.2","5,953.3","5,986.2","5,949.0","","0.46%"
"02/16/2017","5,959.0","5,965.4","5,977.1","5,944.3","","-0.03%"
"02/15/2017","5,960.9","5,920.1","5,963.1","5,918.2","","0.60%"
"02/14/2017","5,925.6","5,903.5","5,925.7","5,889.2","","0.33%"
"02/13/2017","5,906.4","5,890.3","5,912.7","5,888.7","","0.60%"
"02/10/2017","5,871.3","5,863.5","5,879.8","5,855.7","","0.28%"
"02/09/2017","5,854.9","5,841.4","5,865.5","5,836.8","","0.35%"
"02/08/2017","5,834.4","5,811.8","5,840.0","5,803.4","","0.21%"
"02/07/2017","5,822.1","5,814.2","5,833.8","5,809.2","","0.35%"
"02/06/2017","5,801.7","5,786.2","5,801.7","5,779.3","","0.13%"
"02/03/2017","5,794.4","5,785.5","5,798.8","5,778.7","","0.29%"
"02/02/2017","5,777.6","5,770.4","5,794.3","5,756.4","","-0.10%"
"02/01/2017","5,783.2","5,789.0","5,794.2","5,756.5","","0.70%"
"01/31/2017","5,742.9","5,732.5","5,742.9","5,708.7","","-0.24%"
"01/30/2017","5,756.9","5,776.1","5,776.6","5,722.2","","-0.74%"
"01/27/2017","5,800.1","5,801.7","5,805.0","5,780.0","","0.22%"
"01/26/2017","5,787.1","5,795.2","5,799.8","5,778.1","","0.11%"
"01/25/2017","5,781.0","5,760.1","5,782.9","5,755.8","","0.99%"
"01/24/2017","5,724.4","5,700.4","5,732.4","5,687.7","","0.70%"
"01/23/2017","5,684.7","5,673.8","5,693.2","5,650.8","","0.05%"
"01/20/2017","5,681.9","5,689.7","5,706.8","5,667.1","","0.24%"
"01/19/2017","5,668.4","5,679.6","5,699.0","5,657.3","","-0.09%"
"01/18/2017","5,673.7","5,667.4","5,676.3","5,655.0","","0.22%"
"01/17/2017","5,661.1","5,659.3","5,670.7","5,644.2","","-0.29%"
"01/13/2017","5,677.8","5,664.4","5,686.1","5,662.5","","0.36%"
"01/12/2017","5,657.5","5,643.9","5,660.8","5,605.5","","-0.17%"
"01/11/2017","5,667.4","5,649.0","5,667.4","5,625.2","","0.30%"
"01/10/2017","5,650.5","5,641.9","5,666.9","5,629.2","","0.21%"
"01/09/2017","5,638.9","5,626.5","5,648.4","5,621.6","","0.36%"
"01/06/2017","5,618.9","5,581.7","5,634.2","5,563.7","","0.85%"
"01/05/2017","5,571.6","5,539.5","5,574.9","5,538.4","","0.56%"
"01/04/2017","5,540.5","5,522.1","5,548.9","5,520.9","","0.55%"
"01/03/2017","5,510.2","5,498.4","5,529.4","5,480.1","","0.98%"
"12/30/2016","5,456.6","5,525.9","5,527.9","5,445.8","","-1.10%"
"12/29/2016","5,517.3","5,523.7","5,534.6","5,500.5","","-0.16%"
"12/28/2016","5,526.3","5,582.5","5,584.8","5,521.6","","-0.79%"
"12/27/2016","5,570.2","5,551.2","5,599.7","5,549.8","","0.52%"
"12/23/2016","5,541.3","5,527.3","5,541.3","5,522.1","","0.11%"
"12/22/2016","5,535.0","5,550.6","5,550.6","5,515.8","","-0.29%"
"12/21/2016","5,551.2","5,554.8","5,560.8","5,539.3","","-0.10%"
"12/20/2016","5,556.7","5,550.6","5,565.4","5,546.1","","0.38%"
"12/19/2016","5,535.5","5,517.9","5,567.1","5,509.6","","0.41%"
"12/16/2016","5,512.9","5,546.7","5,554.7","5,501.1","","-0.38%"
"12/15/2016","5,533.7","5,525.0","5,563.4","5,518.4","","0.25%"
"12/14/2016","5,520.0","5,545.1","5,558.2","5,508.3","","-0.29%"
"12/13/2016","5,536.0","5,488.7","5,563.6","5,484.8","","1.28%"
"12/12/2016","5,466.3","5,470.5","5,476.0","5,443.9","","-0.44%"
"12/09/2016","5,490.5","5,471.0","5,492.0","5,469.5","","0.76%"
"12/08/2016","5,449.3","5,438.7","5,460.9","5,431.2","","0.15%"
"12/07/2016","5,441.2","5,359.2","5,443.8","5,344.2","","1.33%"
"12/06/2016","5,370.0","5,367.0","5,378.8","5,348.3","","0.22%"
"12/05/2016","5,358.2","5,340.4","5,377.4","5,319.3","","0.82%"
"12/02/2016","5,314.6","5,309.0","5,336.7","5,294.5","","0.11%"
"12/01/2016","5,308.7","5,390.2","5,394.3","5,296.9","","-1.59%"
"11/30/2016","5,394.7","5,468.2","5,473.2","5,394.7","","-1.27%"
"11/29/2016","5,463.9","5,448.9","5,490.1","5,436.6","","0.34%"
"11/28/2016","5,445.6","5,450.9","5,470.1","5,440.8","","-0.25%"
"11/25/2016","5,459.3","5,449.7","5,460.3","5,440.2","","0.33%"
"11/23/2016","5,441.2","5,444.4","5,447.7","5,417.3","","-0.41%"
"11/22/2016","5,463.5","5,466.9","5,475.6","5,449.2","","0.31%"
"11/21/2016","5,446.5","5,405.1","5,450.1","5,402.3","","1.06%"
"11/18/2016","5,389.3","5,417.0","5,426.0","5,385.2","","-0.38%"
"11/17/2016","5,409.9","5,368.7","5,410.1","5,359.6","","0.72%"
"11/16/2016","5,371.3","5,318.4","5,373.9","5,316.1","","0.58%"
"11/15/2016","5,340.1","5,305.5","5,356.0","5,299.2","","1.40%"
"11/14/2016","5,266.3","5,322.9","5,323.7","5,238.7","","-1.04%"
"11/11/2016","5,321.5","5,295.9","5,330.3","5,276.7","","0.10%"
"11/10/2016","5,316.0","5,430.9","5,437.8","5,247.3","","-1.62%"
"11/09/2016","5,403.5","5,318.1","5,412.2","5,316.3","","0.42%"
"11/08/2016","5,380.8","5,337.7","5,403.2","5,327.4","","0.65%"
"11/07/2016","5,345.8","5,305.8","5,349.6","5,298.9","","2.43%"
"11/04/2016","5,218.9","5,204.5","5,260.9","5,204.5","","-0.40%"
"11/03/2016","5,239.7","5,283.9","5,299.1","5,233.0","","-0.92%"
"11/02/2016","5,288.5","5,331.0","5,340.8","5,278.1","","-0.84%"
"11/01/2016","5,333.1","5,381.6","5,382.4","5,287.7","","-0.71%"
"10/31/2016","5,371.5","5,394.0","5,396.9","5,371.4","","-0.09%"
"10/28/2016","5,376.4","5,393.1","5,424.4","5,363.5","","-0.63%"
"10/27/2016","5,410.7","5,462.9","5,466.0","5,405.4","","-0.50%"
"10/26/2016","5,437.8","5,441.0","5,466.5","5,421.9","","-0.63%"
"10/25/2016","5,472.3","5,491.0","5,495.0","5,466.1","","-0.38%"
"10/24/2016","5,493.0","5,464.1","5,494.8","5,460.3","","1.20%"
"10/21/2016","5,428.0","5,410.8","5,429.9","5,395.4","","0.40%"
"10/20/2016","5,406.5","5,404.9","5,417.2","5,376.4","","-0.08%"
"10/19/2016","5,410.8","5,407.7","5,420.3","5,404.2","","-0.06%"
"10/18/2016","5,414.3","5,425.7","5,437.8","5,411.6","","0.91%"
"10/17/2016","5,365.6","5,379.4","5,386.5","5,359.2","","-0.26%"
"10/14/2016","5,379.4","5,402.2","5,421.3","5,377.4","","0.11%"
"10/13/2016","5,373.4","5,353.8","5,388.1","5,325.2","","-0.34%"
"10/12/2016","5,391.9","5,397.0","5,410.8","5,377.0","","-0.05%"
"10/11/2016","5,394.4","5,470.8","5,470.8","5,374.6","","-1.47%"
"10/10/2016","5,474.8","5,468.0","5,487.0","5,465.6","","0.60%"
"10/07/2016","5,442.1","5,463.8","5,464.6","5,415.7","","-0.19%"
"10/06/2016","5,452.6","5,450.4","5,463.8","5,427.5","","-0.08%"
"10/05/2016","5,456.9","5,451.5","5,472.1","5,449.1","","0.38%"
"10/04/2016","5,436.3","5,459.9","5,472.1","5,416.4","","-0.15%"
"10/03/2016","5,444.3","5,442.1","5,450.4","5,423.7","","-0.15%"
"09/30/2016","5,452.5","5,430.6","5,467.7","5,420.3","","0.77%"
"09/29/2016","5,410.7","5,444.4","5,452.3","5,389.1","","-0.76%"
"09/28/2016","5,452.0","5,448.2","5,454.3","5,423.8","","0.18%"
"09/27/2016","5,442.0","5,382.9","5,443.9","5,380.0","","1.03%"
"09/26/2016","5,386.6","5,401.1","5,409.1","5,381.2","","-0.86%"
"09/23/2016","5,433.3","5,458.5","5,459.6","5,427.1","","-0.66%"
"09/22/2016","5,469.6","5,456.1","5,474.2","5,452.8","","0.78%"
"09/21/2016","5,427.4","5,397.1","5,432.8","5,365.0","","1.01%"
"09/20/2016","5,373.1","5,382.7","5,394.3","5,364.8","","0.19%"
"09/19/2016","5,362.9","5,405.1","5,416.2","5,353.2","","-0.45%"
"09/16/2016","5,387.3","5,380.2","5,391.5","5,360.6","","-0.04%"
"09/15/2016","5,389.3","5,310.8","5,396.2","5,309.7","","1.56%"
"09/14/2016","5,306.6","5,285.0","5,333.8","5,285.0","","0.50%"
"09/13/2016","5,280.0","5,299.2","5,317.3","5,256.4","","-0.88%"
"09/12/2016","5,326.7","5,205.9","5,335.4","5,205.8","","1.78%"
"09/09/2016","5,233.4","5,324.6","5,336.6","5,233.4","","-2.55%"
"09/08/2016","5,370.3","5,384.3","5,384.3","5,356.1","","-0.58%"
"09/07/2016","5,401.5","5,399.3","5,410.1","5,381.5","","0.05%"
"09/06/2016","5,398.6","5,373.1","5,398.6","5,362.7","","0.64%"
"09/02/2016","5,364.2","5,372.5","5,384.3","5,345.1","","0.31%"
"09/01/2016","5,347.7","5,337.5","5,352.2","5,310.0","","0.27%"
"08/31/2016","5,333.3","5,332.4","5,337.9","5,311.6","","-0.10%"
"08/30/2016","5,338.8","5,351.9","5,362.9","5,321.2","","-0.31%"
"08/29/2016","5,355.6","5,352.1","5,370.5","5,348.4","","0.17%"
"08/26/2016","5,346.4","5,345.0","5,382.0","5,317.8","","0.17%"
"08/25/2016","5,337.1","5,335.2","5,356.2","5,328.9","","-0.17%"
"08/24/2016","5,346.2","5,378.6","5,388.4","5,331.9","","-0.71%"
"08/23/2016","5,384.4","5,396.0","5,404.5","5,382.5","","0.21%"
"08/22/2016","5,373.1","5,361.2","5,382.9","5,353.5","","0.05%"
"08/19/2016","5,370.3","5,363.7","5,381.4","5,348.1","","-0.05%"
"08/18/2016","5,373.1","5,366.0","5,379.6","5,357.0","","0.07%"
"08/17/2016","5,369.3","5,362.2","5,371.1","5,332.4","","0.18%"
"08/16/2016","5,359.7","5,378.7","5,379.6","5,359.4","","-0.57%"
"08/15/2016","5,390.3","5,376.5","5,402.1","5,373.9","","0.43%"
"08/12/2016","5,367.2","5,353.0","5,367.7","5,348.7","","0.08%"
"08/11/2016","5,363.0","5,360.0","5,374.2","5,348.9","","0.42%"
"08/10/2016","5,340.7","5,359.1","5,359.1","5,328.0","","-0.25%"
"08/09/2016","5,354.2","5,345.4","5,371.2","5,343.7","","0.23%"
"08/08/2016","5,341.8","5,348.9","5,352.3","5,325.6","","-0.14%"
"08/05/2016","5,349.1","5,324.4","5,358.7","5,318.2","","1.00%"
"08/04/2016","5,296.1","5,282.4","5,302.0","5,268.4","","0.26%"
"08/03/2016","5,282.5","5,262.7","5,282.5","5,257.8","","0.34%"
"08/02/2016","5,264.4","5,297.0","5,301.3","5,231.4","","-0.77%"
"08/01/2016","5,305.2","5,281.1","5,317.7","5,274.7","","0.55%"
"07/29/2016","5,276.4","5,281.4","5,290.9","5,260.3","","0.19%"
"07/28/2016","5,266.6","5,254.1","5,271.4","5,238.3","","0.40%"
"07/27/2016","5,245.4","5,254.5","5,260.1","5,225.6","","0.66%"
"07/26/2016","5,211.1","5,202.1","5,228.7","5,185.2","","0.13%"
"07/25/2016","5,204.2","5,200.8","5,205.4","5,186.9","","0.00%"
"07/22/2016","5,204.3","5,187.5","5,209.3","5,169.9","","0.41%"
"07/21/2016","5,183.0","5,200.8","5,208.1","5,168.5","","-0.22%"
"07/20/2016","5,194.3","5,164.9","5,203.8","5,157.2","","1.17%"
"07/19/2016","5,134.2","5,132.4","5,150.0","5,125.4","","-0.36%"
"07/18/2016","5,152.5","5,125.0","5,161.3","5,121.4","","0.65%"
"07/15/2016","5,119.2","5,132.8","5,138.5","5,108.0","","-0.14%"
"07/14/2016","5,126.6","5,127.4","5,135.9","5,114.6","","0.67%"
"07/13/2016","5,092.3","5,118.4","5,119.3","5,092.2","","-0.26%"
"07/12/2016","5,105.5","5,108.0","5,117.4","5,097.6","","0.50%"
"07/11/2016","5,080.0","5,068.4","5,097.0","5,068.4","","0.58%"
"07/08/2016","5,050.6","5,002.1","5,052.1","4,992.8","","1.54%"
"07/07/2016","4,973.8","4,964.4","4,983.5","4,950.6","","0.33%"
"07/06/2016","4,957.2","4,894.4","4,960.0","4,880.3","","0.77%"
"07/05/2016","4,919.3","4,923.4","4,927.5","4,892.4","","-0.58%"
"07/01/2016","4,947.9","4,919.2","4,966.1","4,919.2","","0.46%"
"06/30/2016","4,925.2","4,881.8","4,925.5","4,860.4","","1.21%"
"06/29/2016","4,866.1","4,820.0","4,876.4","4,818.9","","1.73%"
"06/28/2016","4,783.2","4,732.8","4,784.2","4,732.8","","2.14%"
"06/27/2016","4,683.2","4,735.2","4,736.7","4,659.5","","-1.98%"
"06/24/2016","4,777.6","4,787.7","4,875.1","4,765.2","","-4.07%"
"06/23/2016","4,980.2","4,946.9","4,980.2","4,927.5","","1.23%"
"06/22/2016","4,919.9","4,920.0","4,951.9","4,906.0","","0.00%"
"06/21/2016","4,919.9","4,919.9","4,919.9","4,919.9","","0.30%"
"06/20/2016","4,905.2","4,931.9","4,954.1","4,902.1","","0.59%"
"06/17/2016","4,876.4","4,915.9","4,915.9","4,864.5","","-1.13%"
"06/16/2016","4,932.0","4,891.5","4,936.5","4,862.8","","0.33%"
"06/15/2016","4,915.6","4,942.6","4,949.2","4,910.1","","-0.34%"
"06/14/2016","4,932.6","4,920.1","4,949.1","4,896.4","","0.06%"
"06/13/2016","4,929.5","4,944.4","4,972.5","4,926.2","","-0.86%"
"06/10/2016","4,972.1","4,985.5","4,993.8","4,956.8","","-1.14%"
"06/09/2016","5,029.6","5,016.8","5,036.1","5,009.7","","-0.18%"
"06/08/2016","5,038.5","5,039.0","5,047.9","5,021.5","","0.18%"
"06/07/2016","5,029.4","5,045.9","5,050.8","5,027.6","","-0.23%"
"06/06/2016","5,041.2","5,034.8","5,055.6","5,026.4","","0.31%"
"06/03/2016","5,025.7","5,038.1","5,040.8","4,993.4","","-0.47%"
"06/02/2016","5,049.6","5,026.7","5,049.6","5,001.4","","0.25%"
"06/01/2016","5,037.1","5,022.7","5,048.6","5,017.8","","-0.08%"
"05/31/2016","5,041.3","5,030.1","5,044.6","5,012.1","","0.25%"
"05/27/2016","5,028.7","5,004.6","5,028.7","5,002.6","","0.56%"
"05/26/2016","5,000.5","4,990.1","5,007.3","4,980.2","","0.26%"
"05/25/2016","4,987.5","4,968.4","5,001.0","4,961.4","","0.74%"
"05/24/2016","4,950.9","4,880.8","4,956.4","4,879.8","","2.06%"
"05/23/2016","4,851.2","4,862.0","4,881.6","4,849.3","","-0.18%"
"05/20/2016","4,859.9","4,823.3","4,878.9","4,822.8","","1.10%"
"05/19/2016","4,807.2","4,811.9","4,825.0","4,772.4","","-0.52%"
"05/18/2016","4,832.4","4,805.8","4,857.7","4,796.2","","0.36%"
"05/17/2016","4,814.9","4,875.0","4,884.4","4,802.2","","-1.26%"
"05/16/2016","4,876.3","4,826.0","4,893.2","4,820.0","","1.26%"
"05/13/2016","4,815.8","4,828.4","4,857.8","4,807.1","","-0.36%"
"05/12/2016","4,833.2","4,870.2","4,872.2","4,799.9","","-0.42%"
"05/11/2016","4,853.4","4,892.2","4,905.6","4,853.1","","-0.93%"
"05/10/2016","4,899.0","4,853.0","4,901.3","4,842.4","","1.40%"
"05/09/2016","4,831.3","4,820.6","4,854.2","4,818.7","","0.26%"
"05/06/2016","4,819.0","4,774.6","4,819.0","4,765.4","","0.48%"
"05/05/2016","4,795.8","4,815.1","4,822.0","4,784.8","","0.01%"
"05/04/2016","4,795.4","4,798.1","4,813.4","4,783.2","","-0.65%"
"05/03/2016","4,826.9","4,835.4","4,857.3","4,813.9","","-0.90%"
"05/02/2016","4,870.9","4,837.1","4,877.2","4,819.0","","0.92%"
"04/29/2016","4,826.4","4,855.6","4,861.6","4,788.4","","-0.52%"
"04/28/2016","4,851.6","4,912.9","4,944.1","4,842.0","","-1.19%"
"04/27/2016","4,909.8","4,905.5","4,920.5","4,870.4","","-0.81%"
"04/26/2016","4,950.0","4,980.7","4,991.2","4,934.9","","-0.47%"
"04/25/2016","4,973.5","4,957.4","4,974.2","4,949.9","","0.00%"
"04/22/2016","4,973.6","4,978.3","5,004.9","4,935.7","","-1.46%"
"04/21/2016","5,047.5","5,047.4","5,067.4","5,027.6","","0.01%"
"04/20/2016","5,047.1","5,045.8","5,071.5","5,028.7","","0.07%"
"04/19/2016","5,043.4","5,084.0","5,084.9","5,019.9","","-0.62%"
"04/18/2016","5,074.9","5,041.3","5,080.6","5,036.8","","0.49%"
"04/15/2016","5,050.1","5,058.1","5,067.7","5,036.6","","-0.25%"
"04/14/2016","5,062.9","5,062.9","5,079.7","5,048.5","","0.00%"
"04/13/2016","5,063.0","5,032.1","5,069.0","5,029.1","","1.30%"
"04/12/2016","4,997.8","4,962.2","5,006.5","4,930.0","","0.84%"
"04/11/2016","4,956.3","4,998.0","5,020.1","4,956.0","","-0.36%"
"04/08/2016","4,974.3","5,009.9","5,019.9","4,957.2","","-0.01%"
"04/07/2016","4,974.7","5,023.3","5,030.7","4,957.4","","-1.51%"
"04/06/2016","5,050.8","4,975.8","5,051.7","4,975.8","","1.64%"
"04/05/2016","4,969.5","4,978.8","4,996.1","4,963.1","","-0.91%"
"04/04/2016","5,015.0","5,031.3","5,039.2","5,006.1","","-0.41%"
"04/01/2016","5,035.8","4,957.6","5,038.2","4,946.9","","1.08%"
"03/31/2016","4,981.9","4,990.1","5,004.8","4,975.8","","-0.16%"
"03/30/2016","4,990.0","4,994.2","5,020.3","4,979.9","","0.52%"
"03/29/2016","4,964.1","4,879.1","4,968.6","4,871.4","","1.59%"
"03/28/2016","4,886.5","4,905.3","4,908.1","4,880.9","","-0.17%"
"03/24/2016","4,894.6","4,866.5","4,895.1","4,860.3","","0.07%"
"03/23/2016","4,891.3","4,923.8","4,927.1","4,882.8","","-0.79%"
"03/22/2016","4,930.2","4,892.3","4,944.8","4,889.8","","0.24%"
"03/21/2016","4,918.4","4,891.9","4,922.3","4,888.8","","0.37%"
"03/18/2016","4,900.5","4,898.2","4,911.6","4,874.9","","0.24%"
"03/17/2016","4,888.7","4,877.4","4,903.0","4,862.7","","-0.09%"
"03/16/2016","4,893.1","4,843.6","4,906.3","4,841.5","","0.87%"
"03/15/2016","4,851.1","4,837.0","4,855.8","4,820.8","","-0.01%"
"03/14/2016","4,851.4","4,829.8","4,863.6","4,829.4","","0.14%"
"03/11/2016","4,844.6","4,817.2","4,844.6","4,798.8","","1.75%"
"03/10/2016","4,761.5","4,784.7","4,815.2","4,700.5","","-0.14%"
"03/09/2016","4,768.4","4,754.9","4,768.4","4,729.4","","0.66%"
"03/08/2016","4,737.2","4,745.2","4,785.4","4,729.8","","-0.88%"
"03/07/2016","4,779.2","4,779.8","4,809.1","4,743.9","","-0.59%"
"03/04/2016","4,807.4","4,813.0","4,837.8","4,776.7","","0.07%"
"03/03/2016","4,803.9","4,808.9","4,810.2","4,771.1","","-0.20%"
"03/02/2016","4,813.4","4,807.1","4,814.5","4,776.4","","0.02%"
"03/01/2016","4,812.5","4,706.4","4,812.5","4,692.9","","3.15%"
"02/29/2016","4,665.4","4,695.9","4,734.4","4,664.3","","-0.80%"
"02/26/2016","4,702.9","4,745.0","4,747.5","4,693.6","","-0.13%"
"02/25/2016","4,708.9","4,677.2","4,709.1","4,633.6","","0.96%"
"02/24/2016","4,663.9","4,569.9","4,669.8","4,538.9","","0.92%"
"02/23/2016","4,621.4","4,673.4","4,683.0","4,617.0","","-1.62%"
"02/22/2016","4,697.6","4,666.8","4,701.8","4,662.8","","1.61%"
"02/19/2016","4,623.0","4,584.9","4,635.2","4,575.8","","0.30%"
"02/18/2016","4,609.0","4,676.4","4,676.8","4,603.0","","-1.13%"
"02/17/2016","4,661.7","4,594.4","4,667.8","4,580.4","","2.31%"
"02/16/2016","4,556.5","4,526.6","4,556.5","4,496.1","","2.19%"
"02/12/2016","4,458.7","4,433.7","4,462.0","4,399.4","","1.44%"
"02/11/2016","4,395.4","4,338.1","4,424.8","4,329.6","","-0.08%"
"02/10/2016","4,399.1","4,432.9","4,486.9","4,395.1","","0.48%"
"02/09/2016","4,378.3","4,329.6","4,445.1","4,328.3","","-0.32%"
"02/08/2016","4,392.5","4,378.4","4,412.9","4,312.8","","-1.58%"
"02/05/2016","4,463.2","4,602.8","4,605.4","4,445.4","","-3.43%"
"02/04/2016","4,621.9","4,611.2","4,658.8","4,569.6","","-0.04%"
"02/03/2016","4,623.8","4,670.0","4,675.0","4,543.2","","-0.48%"
"02/02/2016","4,646.0","4,722.9","4,725.8","4,632.2","","-2.18%"
"02/01/2016","4,749.3","4,713.7","4,766.0","4,695.7","","0.17%"
"01/29/2016","4,741.1","4,638.3","4,741.1","4,636.0","","2.23%"
"01/28/2016","4,637.9","4,650.3","4,650.6","4,560.9","","1.39%"
"01/27/2016","4,574.1","4,669.4","4,681.8","4,555.3","","-2.48%"
"01/26/2016","4,690.3","4,666.0","4,709.3","4,628.3","","0.89%"
"01/25/2016","4,648.9","4,703.2","4,728.2","4,645.4","","-1.49%"
"01/22/2016","4,719.0","4,682.1","4,719.9","4,663.0","","2.83%"
"01/21/2016","4,589.2","4,593.5","4,653.2","4,541.2","","0.15%"
"01/20/2016","4,582.2","4,517.9","4,629.1","4,423.4","","-0.26%"
"01/19/2016","4,594.2","4,652.3","4,655.1","4,543.2","","0.15%"
"01/15/2016","4,587.5","4,568.4","4,635.8","4,526.3","","-3.09%"
"01/14/2016","4,733.6","4,654.2","4,772.7","4,578.9","","2.15%"
"01/13/2016","4,634.1","4,821.9","4,829.5","4,627.6","","-3.47%"
"01/12/2016","4,800.9","4,788.8","4,822.5","4,733.6","","1.17%"
"01/11/2016","4,745.3","4,764.6","4,775.9","4,672.3","","0.30%"
"01/08/2016","4,731.2","4,803.6","4,832.7","4,724.5","","-0.81%"
"01/07/2016","4,769.9","4,818.0","4,878.3","4,767.6","","-3.11%"
"01/06/2016","4,923.0","4,885.1","4,949.1","4,884.7","","-0.89%"
"01/05/2016","4,967.4","4,998.3","5,009.5","4,947.4","","-0.31%"
"01/04/2016","4,982.6","4,968.4","4,982.6","4,917.6","","-2.04%"
"12/31/2015","5,086.6","5,131.9","5,141.2","5,086.2","","-1.26%"
"12/30/2015","5,151.7","5,190.6","5,192.3","5,151.4","","-0.83%"
"12/29/2015","5,194.9","5,144.0","5,207.9","5,143.2","","1.51%"
"12/28/2015","5,117.4","5,105.2","5,117.7","5,071.7","","-0.03%"
"12/24/2015","5,118.9","5,122.9","5,133.1","5,116.8","","-0.04%"
"12/23/2015","5,120.9","5,107.2","5,122.7","5,099.7","","0.77%"
"12/22/2015","5,081.8","5,072.2","5,089.4","5,050.0","","0.63%"
"12/21/2015","5,050.0","5,036.1","5,050.2","5,004.9","","1.03%"
"12/18/2015","4,998.7","5,069.4","5,085.7","4,997.0","","-1.81%"
"12/17/2015","5,091.0","5,182.3","5,182.9","5,090.4","","-1.42%"
"12/16/2015","5,164.5","5,130.5","5,174.5","5,074.1","","1.46%"
"12/15/2015","5,090.0","5,100.9","5,133.6","5,084.9","","0.59%"
"12/14/2015","5,059.9","5,021.6","5,061.5","4,958.1","","0.73%"
"12/11/2015","5,023.2","5,073.6","5,093.3","5,019.3","","-2.27%"
"12/10/2015","5,139.7","5,122.8","5,174.0","5,114.2","","0.45%"
"12/09/2015","5,116.5","5,174.8","5,200.8","5,086.5","","-1.54%"
"12/08/2015","5,196.7","5,143.2","5,211.9","5,140.1","","0.03%"
"12/07/2015","5,195.4","5,223.0","5,225.5","5,171.3","","-0.48%"
"12/04/2015","5,220.2","5,115.5","5,227.2","5,105.1","","2.37%"
"12/03/2015","5,099.2","5,207.0","5,208.8","5,069.5","","-1.69%"
"12/02/2015","5,187.1","5,224.8","5,246.4","5,180.3","","-0.63%"
"12/01/2015","5,220.2","5,186.5","5,220.2","5,182.8","","1.11%"
"11/30/2015","5,163.0","5,194.0","5,196.8","5,151.9","","-0.34%"
"11/27/2015","5,180.6","5,180.6","5,190.7","5,164.6","","0.18%"
"11/25/2015","5,171.5","5,172.9","5,183.3","5,164.1","","0.08%"
"11/24/2015","5,167.6","5,141.2","5,181.7","5,114.8","","-0.12%"
"11/23/2015","5,173.6","5,190.4","5,208.8","5,152.3","","-0.24%"
"11/20/2015","5,186.2","5,179.8","5,192.0","5,173.2","","0.67%"
"11/19/2015","5,151.9","5,154.4","5,177.0","5,144.8","","0.04%"
"11/18/2015","5,149.7","5,075.3","5,154.3","5,069.2","","1.93%"
"11/17/2015","5,052.4","5,058.8","5,088.3","5,040.3","","0.07%"
"11/16/2015","5,048.9","4,970.5","5,049.6","4,961.1","","1.41%"
"11/13/2015","4,978.9","5,049.7","5,060.4","4,975.6","","-1.89%"
"11/12/2015","5,074.9","5,106.8","5,130.5","5,073.9","","-1.00%"
"11/11/2015","5,126.2","5,148.6","5,171.4","5,119.7","","-0.10%"
"11/10/2015","5,131.5","5,117.3","5,137.7","5,103.9","","-0.29%"
"11/09/2015","5,146.4","5,181.6","5,189.3","5,115.0","","-1.09%"
"11/06/2015","5,203.3","5,190.7","5,206.8","5,157.0","","0.09%"
"11/05/2015","5,198.5","5,215.7","5,230.1","5,171.8","","-0.26%"
"11/04/2015","5,211.8","5,224.5","5,233.4","5,191.1","","-0.01%"
"11/03/2015","5,212.2","5,182.3","5,230.1","5,175.6","","0.33%"
"11/02/2015","5,195.3","5,145.5","5,199.6","5,138.5","","1.18%"
"10/30/2015","5,134.5","5,164.8","5,170.2","5,134.5","","-0.47%"
"10/29/2015","5,158.7","5,144.4","5,166.9","5,139.1","","-0.16%"
"10/28/2015","5,167.2","5,134.6","5,167.2","5,091.4","","0.85%"
"10/27/2015","5,123.4","5,099.4","5,130.8","5,099.3","","0.18%"
"10/26/2015","5,114.1","5,103.4","5,122.8","5,087.4","","0.15%"
"10/23/2015","5,106.6","5,106.2","5,130.8","5,078.6","","2.68%"
"10/22/2015","4,973.1","4,915.8","4,974.7","4,901.7","","2.03%"
"10/21/2015","4,874.0","4,927.8","4,930.6","4,870.0","","-0.55%"
"10/20/2015","4,901.2","4,919.4","4,928.8","4,885.9","","-0.54%"
"10/19/2015","4,927.6","4,890.1","4,930.6","4,882.0","","0.53%"
"10/16/2015","4,901.7","4,881.1","4,901.9","4,865.6","","0.46%"
"10/15/2015","4,879.2","4,817.1","4,879.2","4,811.8","","1.64%"
"10/14/2015","4,800.5","4,811.4","4,830.0","4,780.6","","-0.14%"
"10/13/2015","4,807.1","4,808.3","4,859.0","4,802.9","","-0.68%"
"10/12/2015","4,839.8","4,835.5","4,847.8","4,819.3","","0.29%"
"10/09/2015","4,825.9","4,809.6","4,835.1","4,794.5","","0.46%"
"10/08/2015","4,804.0","4,766.5","4,812.8","4,721.7","","0.38%"
"10/07/2015","4,785.6","4,783.8","4,795.7","4,725.7","","0.62%"
"10/06/2015","4,755.9","4,765.4","4,783.9","4,719.5","","-0.57%"
"10/05/2015","4,783.2","4,744.7","4,791.8","4,737.7","","1.51%"
"10/02/2015","4,712.0","4,567.9","4,712.0","4,554.2","","1.78%"
"10/01/2015","4,629.7","4,621.2","4,631.1","4,558.4","","0.31%"
"09/30/2015","4,615.6","4,567.1","4,615.6","4,553.9","","2.40%"
"09/29/2015","4,507.6","4,537.2","4,587.0","4,474.2","","-0.49%"
"09/28/2015","4,529.8","4,643.7","4,644.1","4,517.4","","-2.86%"
"09/25/2015","4,663.3","4,752.4","4,756.0","4,634.9","","-0.85%"
"09/24/2015","4,703.4","4,680.0","4,719.5","4,633.9","","-0.29%"
"09/23/2015","4,717.2","4,724.3","4,740.6","4,696.8","","-0.01%"
"09/22/2015","4,717.7","4,716.8","4,731.5","4,673.3","","-1.43%"
"09/21/2015","4,786.2","4,794.6","4,826.2","4,746.2","","0.28%"
"09/18/2015","4,772.6","4,774.2","4,829.0","4,765.2","","-1.39%"
"09/17/2015","4,840.1","4,833.5","4,912.6","4,822.2","","0.03%"
"09/16/2015","4,838.6","4,809.6","4,843.8","4,797.6","","0.54%"
"09/15/2015","4,812.7","4,770.9","4,827.0","4,750.5","","1.19%"
"09/14/2015","4,755.9","4,784.7","4,784.8","4,739.3","","-0.32%"
"09/11/2015","4,771.2","4,716.5","4,771.2","4,710.4","","0.63%"
"09/10/2015","4,741.3","4,688.5","4,774.9","4,683.2","","1.01%"
"09/09/2015","4,694.0","4,796.5","4,803.8","4,681.9","","-1.16%"
"09/08/2015","4,749.0","4,709.2","4,752.3","4,686.8","","2.84%"
"09/04/2015","4,617.9","4,607.9","4,646.7","4,591.1","","-1.17%"
"09/03/2015","4,672.7","4,708.8","4,745.1","4,659.1","","-0.51%"
"09/02/2015","4,696.5","4,642.9","4,696.5","4,597.0","","2.74%"
"09/01/2015","4,571.1","4,610.0","4,666.7","4,548.1","","-3.08%"
"08/31/2015","4,716.6","4,744.6","4,772.0","4,702.9","","-1.25%"
"08/28/2015","4,776.1","4,751.7","4,788.8","4,739.0","","0.10%"
"08/27/2015","4,771.3","4,723.7","4,775.9","4,668.0","","2.49%"
"08/26/2015","4,655.2","4,568.8","4,664.3","4,470.9","","5.06%"
"08/25/2015","4,430.8","4,619.4","4,641.6","4,430.3","","-0.55%"
"08/24/2015","4,455.2","4,244.0","4,633.1","4,178.0","","-3.78%"
"08/21/2015","4,630.1","4,757.9","4,811.0","4,630.1","","-4.28%"
"08/20/2015","4,837.3","4,928.5","4,946.8","4,837.3","","-2.79%"
"08/19/2015","4,976.0","4,991.9","5,019.9","4,948.7","","-0.69%"
"08/18/2015","5,010.4","5,026.0","5,032.6","5,003.8","","-0.48%"
"08/17/2015","5,034.6","4,980.0","5,037.0","4,970.2","","0.79%"
"08/14/2015","4,994.9","4,975.2","5,000.9","4,965.2","","0.25%"
"08/13/2015","4,982.3","5,001.8","5,022.9","4,976.9","","-0.18%"
"08/12/2015","4,991.4","4,933.8","5,003.5","4,890.4","","0.32%"
"08/11/2015","4,975.4","5,013.8","5,034.6","4,950.2","","-1.29%"
"08/10/2015","5,040.6","5,024.7","5,052.2","5,020.2","","1.17%"
"08/07/2015","4,982.1","4,981.4","4,995.8","4,944.0","","-0.18%"
"08/06/2015","4,991.2","5,079.5","5,083.9","4,969.0","","-1.54%"
"08/05/2015","5,069.4","5,059.1","5,105.2","5,056.2","","0.78%"
"08/04/2015","5,030.1","5,036.4","5,048.8","5,012.9","","-0.28%"
"08/03/2015","5,044.0","5,060.3","5,073.8","5,010.0","","-0.18%"
"07/31/2015","5,053.3","5,083.7","5,083.7","5,048.2","","-0.21%"
"07/30/2015","5,064.0","5,033.4","5,072.9","5,000.5","","0.37%"
"07/29/2015","5,045.1","5,032.8","5,050.8","5,013.3","","0.48%"
"07/28/2015","5,021.2","4,998.3","5,030.6","4,961.7","","0.91%"
"07/27/2015","4,975.9","4,988.3","5,012.1","4,968.0","","-0.84%"
"07/24/2015","5,018.1","5,099.1","5,100.3","5,012.6","","-0.98%"
"07/23/2015","5,068.0","5,095.2","5,110.7","5,056.6","","-0.43%"
"07/22/2015","5,089.9","5,069.7","5,112.5","5,069.2","","-1.09%"
"07/21/2015","5,146.2","5,151.8","5,159.3","5,132.2","","-0.11%"
"07/20/2015","5,152.0","5,141.6","5,167.9","5,128.1","","0.39%"
"07/17/2015","5,132.1","5,103.3","5,132.1","5,091.4","","1.45%"
"07/16/2015","5,058.6","5,028.0","5,058.8","5,018.4","","1.47%"
"07/15/2015","4,985.4","4,988.6","5,006.1","4,973.3","","0.11%"
"07/14/2015","4,980.0","4,957.7","4,995.1","4,954.9","","0.64%"
"07/13/2015","4,948.1","4,907.7","4,952.8","4,906.3","","1.68%"
"07/10/2015","4,866.3","4,850.7","4,881.6","4,837.5","","1.57%"
"07/09/2015","4,791.3","4,855.4","4,860.0","4,790.7","","0.01%"
"07/08/2015","4,790.8","4,835.8","4,847.5","4,785.1","","-1.75%"
"07/07/2015","4,875.9","4,869.0","4,882.4","4,782.5","","0.23%"
"07/06/2015","4,864.5","4,837.8","4,892.9","4,837.8","","-0.33%"
"07/02/2015","4,880.7","4,888.2","4,894.4","4,863.2","","0.09%"
"07/01/2015","4,876.1","4,881.2","4,894.5","4,854.3","","0.76%"
"06/30/2015","4,839.4","4,859.3","4,865.5","4,823.1","","0.39%"
"06/29/2015","4,820.6","4,879.2","4,908.9","4,817.7","","-2.32%"
"06/26/2015","4,934.9","4,968.0","4,978.6","4,918.4","","-0.65%"
"06/25/2015","4,967.4","4,996.4","5,002.7","4,961.5","","-0.23%"
"06/24/2015","4,979.0","4,998.2","5,019.8","4,978.2","","-0.53%"
"06/23/2015","5,005.5","5,006.4","5,008.9","4,984.9","","0.10%"
"06/22/2015","5,000.3","4,997.9","5,015.7","4,990.1","","0.68%"
"06/19/2015","4,966.6","4,994.5","4,995.3","4,964.2","","-0.41%"
"06/18/2015","4,986.9","4,933.8","4,996.7","4,933.8","","1.41%"
"06/17/2015","4,917.8","4,913.6","4,932.4","4,887.3","","0.30%"
"06/16/2015","4,903.2","4,872.9","4,911.3","4,870.6","","0.52%"
"06/15/2015","4,878.0","4,859.5","4,883.5","4,837.5","","-0.47%"
"06/12/2015","4,900.9","4,915.9","4,925.6","4,895.9","","-0.76%"
"06/11/2015","4,938.4","4,949.4","4,963.5","4,933.3","","0.07%"
"06/10/2015","4,934.9","4,885.5","4,948.2","4,879.8","","1.32%"
"06/09/2015","4,870.6","4,863.3","4,886.0","4,831.9","","-0.09%"
"06/08/2015","4,874.9","4,924.6","4,925.8","4,866.4","","-1.02%"
"06/05/2015","4,925.0","4,931.9","4,942.9","4,897.6","","-0.22%"
"06/04/2015","4,935.8","4,951.9","4,978.9","4,922.6","","-0.73%"
"06/03/2015","4,971.9","4,984.2","4,993.3","4,963.7","","0.24%"
"06/02/2015","4,959.8","4,954.1","4,984.2","4,934.8","","-0.29%"
"06/01/2015","4,974.0","4,983.0","4,988.9","4,937.0","","0.32%"
"05/29/2015","4,958.3","4,984.6","4,992.8","4,948.8","","-0.60%"
"05/28/2015","4,988.4","4,990.4","5,002.3","4,975.1","","-0.23%"
"05/27/2015","4,999.8","4,936.0","5,005.8","4,926.9","","1.64%"
"05/26/2015","4,919.2","4,967.2","4,973.0","4,901.4","","-1.20%"
"05/22/2015","4,978.7","4,974.0","4,995.5","4,973.7","","-0.05%"
"05/21/2015","4,981.2","4,948.2","4,989.8","4,943.8","","0.53%"
"05/20/2015","4,954.7","4,955.0","4,986.1","4,931.8","","0.04%"
"05/19/2015","4,952.7","4,964.8","4,972.7","4,947.0","","-0.15%"
"05/18/2015","4,959.9","4,931.6","4,968.8","4,927.9","","0.42%"
"05/15/2015","4,939.4","4,951.6","4,955.7","4,926.5","","-0.02%"
"05/14/2015","4,940.2","4,902.9","4,941.5","4,888.9","","1.55%"
"05/13/2015","4,864.8","4,875.3","4,902.2","4,859.5","","0.14%"
"05/12/2015","4,858.2","4,849.7","4,881.1","4,814.2","","-0.39%"
"05/11/2015","4,877.4","4,898.3","4,910.6","4,876.2","","-0.45%"
"05/08/2015","4,899.4","4,884.4","4,907.6","4,880.8","","1.30%"
"05/07/2015","4,836.6","4,810.6","4,850.0","4,805.6","","0.56%"
"05/06/2015","4,809.6","4,854.1","4,864.7","4,776.8","","-0.67%"
"05/05/2015","4,842.1","4,902.3","4,911.1","4,839.8","","-1.61%"
"05/04/2015","4,921.2","4,930.6","4,951.8","4,919.3","","0.08%"
"05/01/2015","4,917.3","4,871.9","4,917.3","4,869.2","","1.47%"
"04/30/2015","4,846.1","4,895.5","4,918.7","4,825.1","","-1.64%"
"04/29/2015","4,927.1","4,929.8","4,958.8","4,900.6","","-0.60%"
"04/28/2015","4,956.6","4,972.1","4,980.6","4,916.8","","-0.21%"
"04/27/2015","4,966.9","4,992.7","5,007.9","4,957.4","","-0.26%"
"04/24/2015","4,979.8","4,972.1","4,987.4","4,959.1","","1.33%"
"04/23/2015","4,914.2","4,879.2","4,935.1","4,878.2","","0.36%"
"04/22/2015","4,896.4","4,882.9","4,903.0","4,850.9","","0.56%"
"04/21/2015","4,869.1","4,878.5","4,883.1","4,863.6","","0.42%"
"04/20/2015","4,848.7","4,800.7","4,855.8","4,800.1","","1.51%"
"04/17/2015","4,776.7","4,807.3","4,819.0","4,756.2","","-1.52%"
"04/16/2015","4,850.3","4,843.0","4,859.5","4,839.5","","-0.13%"
"04/15/2015","4,856.6","4,840.3","4,868.4","4,836.3","","0.61%"
"04/14/2015","4,827.1","4,839.8","4,850.4","4,802.3","","-0.26%"
"04/13/2015","4,839.7","4,860.5","4,882.5","4,837.4","","-0.29%"
"04/10/2015","4,853.8","4,831.9","4,854.5","4,823.5","","0.41%"
"04/09/2015","4,834.0","4,803.0","4,835.8","4,787.1","","0.64%"
"04/08/2015","4,803.2","4,769.5","4,810.8","4,769.4","","0.74%"
"04/07/2015","4,767.8","4,773.5","4,806.6","4,767.4","","-0.16%"
"04/06/2015","4,775.4","4,704.2","4,787.0","4,701.8","","0.81%"
"04/02/2015","4,737.0","4,737.2","4,749.9","4,722.1","","0.11%"
"04/01/2015","4,731.8","4,750.3","4,757.3","4,701.9","","-0.52%"
"03/31/2015","4,756.4","4,789.8","4,804.3","4,756.4","","-1.10%"
"03/30/2015","4,809.2","4,783.9","4,810.6","4,783.9","","1.17%"
"03/27/2015","4,753.8","4,733.7","4,764.8","4,728.1","","0.42%"
"03/26/2015","4,734.1","4,704.4","4,761.5","4,696.5","","-0.32%"
"03/25/2015","4,749.4","4,868.0","4,873.6","4,749.4","","-2.29%"
"03/24/2015","4,860.9","4,875.6","4,901.2","4,860.9","","-0.33%"
"03/23/2015","4,876.9","4,886.3","4,899.7","4,876.8","","-0.29%"
"03/20/2015","4,891.1","4,901.8","4,913.2","4,888.8","","0.72%"
"03/19/2015","4,856.3","4,854.1","4,870.8","4,848.6","","0.10%"
"03/18/2015","4,851.6","4,790.5","4,871.3","4,766.0","","1.07%"
"03/17/2015","4,800.1","4,778.3","4,810.3","4,771.6","","0.12%"
"03/16/2015","4,794.4","4,759.1","4,795.5","4,747.0","","1.29%"
"03/13/2015","4,733.4","4,747.9","4,769.6","4,705.4","","-0.49%"
"03/12/2015","4,756.8","4,720.1","4,760.1","4,718.1","","0.72%"
"03/11/2015","4,722.9","4,756.6","4,764.0","4,721.7","","-0.54%"
"03/10/2015","4,748.6","4,800.1","4,806.2","4,748.6","","-1.90%"
"03/09/2015","4,840.6","4,833.9","4,852.9","4,817.2","","0.32%"
"03/06/2015","4,825.1","4,872.2","4,885.1","4,814.8","","-1.19%"
"03/05/2015","4,883.0","4,886.1","4,896.6","4,863.1","","0.15%"
"03/04/2015","4,875.6","4,872.4","4,883.3","4,848.9","","-0.30%"
"03/03/2015","4,890.3","4,898.8","4,906.6","4,862.6","","-0.54%"
"03/02/2015","4,916.9","4,883.7","4,917.9","4,881.6","","0.97%"
"02/27/2015","4,869.8","4,890.8","4,895.7","4,864.3","","-0.48%"
"02/26/2015","4,893.5","4,872.9","4,895.1","4,858.9","","0.49%"
"02/25/2015","4,869.6","4,870.1","4,892.1","4,857.9","","-0.23%"
"02/24/2015","4,880.9","4,871.1","4,885.8","4,856.5","","0.04%"
"02/23/2015","4,879.0","4,870.0","4,879.0","4,858.6","","0.14%"
"02/20/2015","4,872.0","4,832.2","4,873.7","4,822.2","","0.71%"
"02/19/2015","4,837.8","4,812.6","4,842.1","4,812.1","","0.48%"
"02/18/2015","4,814.8","4,801.4","4,817.3","4,796.5","","0.13%"
"02/17/2015","4,808.7","4,802.1","4,810.8","4,792.6","","0.09%"
"02/13/2015","4,804.5","4,778.0","4,804.5","4,768.4","","0.83%"
"02/12/2015","4,764.9","4,735.8","4,764.9","4,732.0","","1.18%"
"02/11/2015","4,709.3","4,695.6","4,718.1","4,687.8","","0.39%"
"02/10/2015","4,691.1","4,646.0","4,696.9","4,638.3","","1.56%"
"02/09/2015","4,619.2","4,612.4","4,640.2","4,609.0","","-0.30%"
"02/06/2015","4,633.0","4,667.3","4,679.7","4,617.9","","-0.64%"
"02/05/2015","4,662.9","4,633.9","4,664.9","4,623.5","","0.89%"
"02/04/2015","4,621.9","4,601.4","4,652.2","4,597.3","","-0.16%"
"02/03/2015","4,629.5","4,599.7","4,629.5","4,569.4","","0.97%"
"02/02/2015","4,584.9","4,556.0","4,585.4","4,482.1","","0.97%"
"01/30/2015","4,540.8","4,573.9","4,609.1","4,536.0","","-0.79%"
"01/29/2015","4,576.9","4,525.6","4,585.8","4,491.9","","0.99%"
"01/28/2015","4,531.9","4,634.1","4,635.6","4,531.9","","-0.59%"
"01/27/2015","4,558.9","4,597.7","4,607.0","4,543.2","","-2.58%"
"01/26/2015","4,679.6","4,674.5","4,687.0","4,656.3","","-0.06%"
"01/23/2015","4,682.2","4,671.7","4,698.4","4,660.7","","0.18%"
"01/22/2015","4,673.7","4,613.1","4,677.9","4,567.8","","1.87%"
"01/21/2015","4,588.1","4,550.9","4,609.1","4,537.4","","0.50%"
"01/20/2015","4,565.2","4,557.8","4,576.3","4,506.0","","0.70%"
"01/16/2015","4,533.4","4,474.0","4,534.9","4,464.1","","1.28%"
"01/15/2015","4,475.9","4,555.2","4,563.3","4,471.6","","-1.36%"
"01/14/2015","4,537.4","4,511.4","4,558.4","4,496.4","","-0.49%"
"01/13/2015","4,559.7","4,610.9","4,654.4","4,525.5","","-0.09%"
"01/12/2015","4,563.8","4,620.2","4,622.8","4,550.8","","-1.03%"
"01/09/2015","4,611.2","4,652.5","4,655.7","4,584.2","","-0.64%"
"01/08/2015","4,641.0","4,591.7","4,649.1","4,588.6","","1.94%"
"01/07/2015","4,552.8","4,530.8","4,563.8","4,516.1","","1.20%"
"01/06/2015","4,498.9","4,568.9","4,570.5","4,476.5","","-1.21%"
"01/05/2015","4,553.8","4,603.7","4,608.5","4,543.8","","-1.62%"
"01/02/2015","4,629.0","4,660.1","4,679.9","4,603.0","","-0.12%"
"12/31/2014","4,634.7","4,698.8","4,712.1","4,631.9","","-1.08%"
"12/30/2014","4,685.1","4,705.7","4,714.4","4,680.1","","-0.70%"
"12/29/2014","4,718.2","4,714.9","4,727.5","4,711.6","","-0.03%"
"12/26/2014","4,719.5","4,699.4","4,728.6","4,698.4","","0.72%"
"12/24/2014","4,685.6","4,685.7","4,702.9","4,684.2","","0.09%"
"12/23/2014","4,681.4","4,713.9","4,714.0","4,676.2","","-0.33%"
"12/22/2014","4,696.8","4,672.9","4,698.5","4,671.5","","0.28%"
"12/19/2014","4,683.8","4,673.9","4,704.1","4,658.1","","0.33%"
"12/18/2014","4,668.4","4,627.5","4,668.4","4,608.8","","2.46%"
"12/17/2014","4,556.1","4,480.3","4,568.0","4,473.0","","1.85%"
"12/16/2014","4,473.5","4,509.2","4,583.8","4,473.0","","-1.63%"
"12/15/2014","4,547.6","4,620.7","4,633.7","4,534.1","","-1.00%"
"12/12/2014","4,593.4","4,602.6","4,653.8","4,593.4","","-1.11%"
"12/11/2014","4,645.1","4,639.8","4,700.1","4,636.1","","0.52%"
"12/10/2014","4,621.2","4,686.4","4,700.1","4,614.6","","-1.62%"
"12/09/2014","4,697.3","4,624.6","4,700.6","4,612.2","","0.38%"
"12/08/2014","4,679.4","4,704.5","4,725.1","4,658.3","","-0.77%"
"12/05/2014","4,715.7","4,723.1","4,729.8","4,705.3","","-0.01%"
"12/04/2014","4,716.1","4,713.4","4,733.2","4,696.4","","-0.02%"
"12/03/2014","4,717.2","4,716.4","4,723.9","4,688.9","","0.16%"
"12/02/2014","4,709.5","4,693.5","4,717.1","4,685.3","","0.42%"
"12/01/2014","4,689.6","4,729.1","4,738.6","4,675.3","","-1.15%"
"11/28/2014","4,744.3","4,736.8","4,754.4","4,731.6","","0.46%"
"11/26/2014","4,722.6","4,694.1","4,724.2","4,691.5","","0.71%"
"11/25/2014","4,689.2","4,691.9","4,704.8","4,680.1","","0.09%"
"11/24/2014","4,685.0","4,660.7","4,685.7","4,656.6","","0.78%"
"11/21/2014","4,648.8","4,684.9","4,685.9","4,633.5","","0.22%"
"11/20/2014","4,638.7","4,597.6","4,642.0","4,595.2","","0.47%"
"11/19/2014","4,617.0","4,629.1","4,631.4","4,596.8","","-0.46%"
"11/18/2014","4,638.3","4,608.8","4,644.9","4,607.8","","0.74%"
"11/17/2014","4,604.4","4,606.0","4,617.1","4,582.9","","-0.26%"
"11/14/2014","4,616.6","4,605.7","4,616.8","4,587.8","","0.27%"
"11/13/2014","4,604.0","4,592.3","4,620.6","4,583.1","","0.43%"
"11/12/2014","4,584.2","4,561.3","4,588.3","4,559.7","","0.20%"
"11/11/2014","4,574.9","4,560.1","4,575.1","4,550.9","","0.27%"
"11/10/2014","4,562.6","4,548.1","4,567.0","4,535.9","","0.39%"
"11/07/2014","4,545.1","4,555.9","4,556.7","4,522.1","","-0.08%"
"11/06/2014","4,548.8","4,530.5","4,550.7","4,516.0","","0.32%"
"11/05/2014","4,534.1","4,562.4","4,563.1","4,519.8","","-0.05%"
"11/04/2014","4,536.2","4,534.7","4,545.8","4,504.0","","-0.31%"
"11/03/2014","4,550.4","4,541.0","4,561.4","4,536.8","","0.27%"
"10/31/2014","4,538.3","4,549.5","4,552.1","4,521.9","","1.41%"
"10/30/2014","4,475.4","4,446.6","4,484.6","4,435.9","","0.25%"
"10/29/2014","4,464.2","4,465.4","4,479.0","4,433.6","","-0.38%"
"10/28/2014","4,481.4","4,433.9","4,482.0","4,432.9","","1.50%"
"10/27/2014","4,415.3","4,399.9","4,422.4","4,386.0","","0.10%"
"10/24/2014","4,410.9","4,386.7","4,414.4","4,368.8","","0.74%"
"10/23/2014","4,378.4","4,354.0","4,400.2","4,347.8","","1.58%"
"10/22/2014","4,310.1","4,343.8","4,352.4","4,308.3","","-0.55%"
"10/21/2014","4,333.8","4,274.0","4,333.8","4,265.5","","2.62%"
"10/20/2014","4,223.2","4,161.6","4,225.7","4,152.2","","1.43%"
"10/17/2014","4,163.6","4,163.9","4,200.2","4,137.1","","1.33%"
"10/16/2014","4,108.9","4,044.9","4,141.4","4,042.9","","-0.54%"
"10/15/2014","4,131.4","4,079.9","4,148.3","4,037.9","","-0.63%"
"10/14/2014","4,157.8","4,187.0","4,211.9","4,147.7","","0.06%"
"10/13/2014","4,155.1","4,219.4","4,248.6","4,155.0","","-1.62%"
"10/10/2014","4,223.7","4,306.1","4,331.4","4,223.7","","-2.48%"
"10/09/2014","4,331.2","4,399.1","4,408.9","4,326.9","","-1.78%"
"10/08/2014","4,409.5","4,321.9","4,417.9","4,297.2","","2.09%"
"10/07/2014","4,319.4","4,363.7","4,373.2","4,319.2","","-1.44%"
"10/06/2014","4,382.3","4,409.7","4,415.5","4,369.1","","-0.27%"
"10/03/2014","4,394.3","4,369.7","4,408.8","4,360.0","","1.04%"
"10/02/2014","4,349.1","4,347.9","4,361.0","4,293.5","","0.03%"
"10/01/2014","4,347.9","4,411.8","4,411.9","4,335.0","","-1.60%"
"09/30/2014","4,418.4","4,424.3","4,441.2","4,399.0","","0.08%"
"09/29/2014","4,414.9","4,374.0","4,425.0","4,372.8","","-0.15%"
"09/26/2014","4,421.6","4,381.5","4,425.7","4,379.4","","1.15%"
"09/25/2014","4,371.3","4,449.3","4,457.8","4,371.1","","-2.11%"
"09/24/2014","4,465.6","4,423.2","4,467.8","4,408.2","","1.06%"
"09/23/2014","4,418.9","4,412.4","4,438.1","4,409.8","","-0.24%"
"09/22/2014","4,429.4","4,462.8","4,463.1","4,411.7","","-0.95%"
"09/19/2014","4,471.8","4,485.9","4,492.3","4,454.7","","-0.07%"
"09/18/2014","4,475.1","4,454.8","4,475.4","4,450.8","","0.72%"
"09/17/2014","4,442.9","4,435.4","4,461.8","4,415.6","","0.16%"
"09/16/2014","4,435.9","4,376.2","4,442.3","4,373.4","","0.93%"
"09/15/2014","4,395.1","4,439.1","4,439.8","4,382.5","","-0.97%"
"09/12/2014","4,438.1","4,457.6","4,460.3","4,425.3","","-0.57%"
"09/11/2014","4,463.6","4,447.3","4,463.8","4,429.0","","-0.05%"
"09/10/2014","4,465.9","4,432.0","4,466.9","4,421.9","","0.82%"
"09/09/2014","4,429.6","4,464.7","4,483.0","4,420.0","","-0.82%"
"09/08/2014","4,466.2","4,456.5","4,477.2","4,445.7","","0.14%"
"09/05/2014","4,460.0","4,435.4","4,460.1","4,418.4","","0.58%"
"09/04/2014","4,434.1","4,447.9","4,471.9","4,423.6","","-0.12%"
"09/03/2014","4,439.3","4,475.3","4,475.8","4,431.2","","-0.60%"
"09/02/2014","4,466.2","4,463.3","4,466.3","4,447.0","","0.32%"
"08/29/2014","4,451.8","4,450.1","4,452.2","4,429.6","","0.42%"
"08/28/2014","4,433.3","4,425.8","4,439.9","4,420.6","","-0.17%"
"08/27/2014","4,440.9","4,441.1","4,446.3","4,430.9","","0.04%"
"08/26/2014","4,439.1","4,440.6","4,444.4","4,429.4","","0.10%"
"08/25/2014","4,434.6","4,441.1","4,447.7","4,424.9","","0.37%"
"08/22/2014","4,418.2","4,417.6","4,427.1","4,404.6","","0.14%"
"08/21/2014","4,412.0","4,405.4","4,414.1","4,399.7","","0.16%"
"08/20/2014","4,405.1","4,396.6","4,412.0","4,395.8","","0.01%"
"08/19/2014","4,404.5","4,388.6","4,406.0","4,387.1","","0.55%"
"08/18/2014","4,380.4","4,365.9","4,382.6","4,361.9","","0.83%"
"08/15/2014","4,344.5","4,350.5","4,354.9","4,305.0","","0.46%"
"08/14/2014","4,324.5","4,307.2","4,324.6","4,302.6","","0.51%"
"08/13/2014","4,302.7","4,275.7","4,303.2","4,272.4","","1.13%"
"08/12/2014","4,254.6","4,253.8","4,267.1","4,235.4","","-0.12%"
"08/11/2014","4,259.9","4,248.4","4,271.6","4,247.8","","0.58%"
"08/08/2014","4,235.5","4,209.4","4,238.3","4,192.4","","0.79%"
"08/07/2014","4,202.5","4,237.1","4,243.7","4,188.7","","-0.36%"
"08/06/2014","4,217.5","4,192.6","4,241.9","4,190.5","","-0.01%"
"08/05/2014","4,218.1","4,235.7","4,246.6","4,200.4","","-0.83%"
"08/04/2014","4,253.6","4,233.9","4,268.3","4,217.0","","0.75%"
"08/01/2014","4,221.9","4,228.9","4,252.9","4,195.4","","-0.33%"
"07/31/2014","4,235.8","4,285.7","4,297.2","4,232.1","","-2.10%"
"07/30/2014","4,326.7","4,333.3","4,340.8","4,309.5","","0.43%"
"07/29/2014","4,308.0","4,324.4","4,334.6","4,306.1","","-0.20%"
"07/28/2014","4,316.6","4,315.6","4,327.3","4,283.4","","0.05%"
"07/25/2014","4,314.4","4,308.1","4,320.1","4,292.5","","-0.45%"
"07/24/2014","4,334.0","4,346.0","4,349.6","4,325.8","","-0.08%"
"07/23/2014","4,337.3","4,324.7","4,342.1","4,317.4","","0.62%"
"07/22/2014","4,310.5","4,298.7","4,315.3","4,296.8","","0.70%"
"07/21/2014","4,280.6","4,279.4","4,289.0","4,262.7","","-0.14%"
"07/18/2014","4,286.8","4,242.8","4,289.3","4,237.5","","1.59%"
"07/17/2014","4,219.5","4,267.2","4,280.3","4,206.7","","-1.38%"
"07/16/2014","4,278.6","4,290.9","4,295.1","4,272.8","","0.46%"
"07/15/2014","4,259.1","4,281.3","4,287.5","4,229.8","","-0.38%"
"07/14/2014","4,275.5","4,269.1","4,284.5","4,261.4","","0.64%"
"07/11/2014","4,248.4","4,231.2","4,249.3","4,221.0","","0.63%"
"07/10/2014","4,221.7","4,175.2","4,238.8","4,175.0","","-0.33%"
"07/09/2014","4,235.7","4,214.2","4,239.5","4,203.4","","0.76%"
"07/08/2014","4,203.9","4,246.6","4,249.7","4,186.6","","-1.19%"
"07/07/2014","4,254.5","4,262.3","4,268.9","4,247.9","","-0.31%"
"07/03/2014","4,267.9","4,254.9","4,268.0","4,244.3","","0.61%"
"07/02/2014","4,242.1","4,237.6","4,247.6","4,232.8","","0.15%"
"07/01/2014","4,235.7","4,202.9","4,245.1","4,202.5","","1.17%"
"06/30/2014","4,186.9","4,181.4","4,199.0","4,178.4","","0.14%"
"06/27/2014","4,180.9","4,159.8","4,181.4","4,157.8","","0.46%"
"06/26/2014","4,161.9","4,161.6","4,162.7","4,131.1","","0.00%"
"06/25/2014","4,162.1","4,126.8","4,167.0","4,124.0","","0.74%"
"06/24/2014","4,131.7","4,140.4","4,172.6","4,122.5","","-0.15%"
"06/23/2014","4,138.0","4,134.6","4,138.9","4,126.6","","0.07%"
"06/20/2014","4,135.1","4,135.6","4,140.8","4,126.2","","0.05%"
"06/19/2014","4,133.1","4,141.7","4,144.4","4,114.0","","-0.10%"
"06/18/2014","4,137.2","4,117.2","4,140.4","4,093.6","","0.62%"
"06/17/2014","4,111.9","4,105.8","4,122.3","4,099.5","","0.04%"
"06/16/2014","4,110.3","4,097.7","4,121.2","4,090.2","","0.11%"
"06/13/2014","4,105.6","4,113.5","4,115.6","4,088.5","","0.32%"
"06/12/2014","4,092.7","4,121.8","4,126.6","4,079.5","","-0.90%"
"06/11/2014","4,129.7","4,120.5","4,136.3","4,114.2","","-0.06%"
"06/10/2014","4,132.0","4,120.7","4,133.7","4,116.4","","0.14%"
"06/09/2014","4,126.4","4,126.5","4,135.4","4,113.5","","0.03%"
"06/06/2014","4,125.1","4,122.8","4,125.8","4,111.6","","0.47%"
"06/05/2014","4,105.9","4,074.8","4,111.3","4,060.4","","0.89%"
"06/04/2014","4,069.6","4,043.9","4,076.6","4,038.8","","0.37%"
"06/03/2014","4,054.8","4,043.0","4,061.2","4,038.9","","-0.08%"
"06/02/2014","4,058.0","4,066.4","4,066.4","4,030.7","","-0.09%"
"05/30/2014","4,061.5","4,063.5","4,066.6","4,038.9","","0.03%"
"05/29/2014","4,060.3","4,046.8","4,060.3","4,040.7","","0.63%"
"05/28/2014","4,034.7","4,044.1","4,050.4","4,030.8","","-0.28%"
"05/27/2014","4,046.2","4,013.8","4,046.2","4,011.5","","1.25%"
"05/23/2014","3,996.4","3,973.5","3,997.3","3,962.6","","0.72%"
"05/22/2014","3,967.7","3,955.3","3,978.2","3,949.2","","0.42%"
"05/21/2014","3,951.1","3,918.7","3,952.0","3,918.4","","0.99%"
"05/20/2014","3,912.5","3,926.2","3,938.9","3,896.9","","-0.42%"
"05/19/2014","3,928.9","3,887.9","3,932.6","3,881.8","","0.79%"
"05/16/2014","3,898.1","3,877.4","3,901.6","3,852.9","","0.62%"
"05/15/2014","3,874.1","3,906.1","3,910.2","3,849.6","","-0.78%"
"05/14/2014","3,904.5","3,915.7","3,927.7","3,896.2","","-0.49%"
"05/13/2014","3,923.7","3,927.8","3,939.6","3,917.9","","0.03%"
"05/12/2014","3,922.6","3,880.8","3,923.3","3,879.1","","1.61%"
"05/09/2014","3,860.5","3,840.9","3,861.2","3,817.6","","0.43%"
"05/08/2014","3,843.9","3,836.2","3,890.8","3,827.0","","-0.09%"
"05/07/2014","3,847.4","3,863.7","3,870.3","3,803.9","","-0.28%"
"05/06/2014","3,858.3","3,903.6","3,905.1","3,857.9","","-1.34%"
"05/05/2014","3,910.8","3,868.7","3,911.0","3,858.0","","0.51%"
"05/02/2014","3,890.8","3,913.8","3,916.7","3,880.9","","-0.19%"
"05/01/2014","3,898.1","3,893.0","3,918.3","3,882.5","","0.34%"
"04/30/2014","3,884.7","3,856.4","3,888.4","3,847.9","","0.23%"
"04/29/2014","3,875.9","3,858.4","3,881.4","3,837.2","","0.82%"
"04/28/2014","3,844.5","3,846.6","3,871.7","3,784.4","","0.34%"
"04/25/2014","3,831.3","3,871.2","3,875.6","3,823.2","","-1.61%"
"04/24/2014","3,894.1","3,914.5","3,918.1","3,852.8","","0.96%"
"04/23/2014","3,857.2","3,890.4","3,890.9","3,855.2","","-0.88%"
"04/22/2014","3,891.6","3,871.8","3,900.4","3,867.8","","0.81%"
"04/21/2014","3,860.3","3,842.7","3,860.3","3,823.1","","0.72%"
"04/17/2014","3,832.8","3,824.1","3,850.7","3,807.6","","0.04%"
"04/16/2014","3,831.2","3,814.3","3,831.2","3,783.7","","1.30%"
"04/15/2014","3,782.2","3,778.3","3,801.5","3,702.2","","0.38%"
"04/14/2014","3,767.8","3,773.3","3,787.9","3,733.8","","0.81%"
"04/11/2014","3,737.7","3,744.6","3,797.8","3,730.9","","-1.17%"
"04/10/2014","3,782.1","3,901.1","3,903.4","3,772.7","","-3.13%"
"04/09/2014","3,904.2","3,851.8","3,906.3","3,843.1","","1.77%"
"04/08/2014","3,836.4","3,807.8","3,842.7","3,793.9","","0.87%"
"04/07/2014","3,803.3","3,819.0","3,850.4","3,776.2","","-0.89%"
"04/04/2014","3,837.6","3,968.3","3,972.5","3,829.9","","-2.70%"
"04/03/2014","3,944.1","3,979.7","3,985.4","3,922.2","","-0.77%"
"04/02/2014","3,974.9","3,979.6","3,986.1","3,957.3","","0.21%"
"04/01/2014","3,966.6","3,920.5","3,967.4","3,918.6","","1.77%"
"03/31/2014","3,897.7","3,900.2","3,922.3","3,895.5","","0.69%"
"03/28/2014","3,871.0","3,876.1","3,911.7","3,859.2","","0.24%"
"03/27/2014","3,861.9","3,878.6","3,895.4","3,840.2","","-0.55%"
"03/26/2014","3,883.1","3,951.2","3,960.9","3,883.0","","-1.29%"
"03/25/2014","3,933.7","3,945.1","3,966.1","3,902.2","","0.34%"
"03/24/2014","3,920.3","3,972.3","3,972.6","3,885.4","","-0.98%"
"03/21/2014","3,959.0","4,022.3","4,028.7","3,948.5","","-1.11%"
"03/20/2014","4,003.3","3,983.4","4,015.6","3,972.8","","0.30%"
"03/19/2014","3,991.2","4,015.8","4,019.6","3,967.7","","-0.64%"
"03/18/2014","4,017.0","3,974.5","4,018.8","3,971.7","","1.20%"
"03/17/2014","3,969.2","3,959.1","3,986.3","3,956.8","","0.96%"
"03/14/2014","3,931.5","3,948.1","3,963.0","3,930.4","","-0.65%"
"03/13/2014","3,957.1","4,030.6","4,032.0","3,941.2","","-1.50%"
"03/12/2014","4,017.2","3,986.1","4,017.4","3,968.2","","0.43%"
"03/11/2014","4,000.0","4,026.4","4,037.1","3,989.0","","-0.40%"
"03/10/2014","4,016.1","4,011.6","4,019.8","3,991.9","","0.08%"
"03/07/2014","4,012.7","4,049.1","4,049.5","3,994.9","","-0.47%"
"03/06/2014","4,031.7","4,047.9","4,050.6","4,019.2","","-0.17%"
"03/05/2014","4,038.4","4,032.3","4,044.7","4,025.7","","0.20%"
"03/04/2014","4,030.5","4,020.0","4,033.9","4,016.3","","1.40%"
"03/03/2014","3,974.7","3,962.7","3,985.5","3,941.4","","-0.73%"
"02/28/2014","4,004.1","4,012.1","4,032.6","3,970.3","","-0.10%"
"02/27/2014","4,008.2","3,984.9","4,013.4","3,978.7","","0.63%"
"02/26/2014","3,983.0","3,999.5","4,010.6","3,969.1","","-0.07%"
"02/25/2014","3,985.6","3,997.0","4,005.6","3,975.2","","-0.18%"
"02/24/2014","3,992.8","3,975.7","4,009.5","3,973.8","","0.64%"
"02/21/2014","3,967.6","3,990.2","3,994.2","3,966.4","","-0.25%"
"02/20/2014","3,977.7","3,959.2","3,983.1","3,943.8","","0.53%"
"02/19/2014","3,956.9","3,974.1","3,986.0","3,949.7","","-0.72%"
"02/18/2014","3,985.7","3,974.4","3,991.9","3,963.2","","0.49%"
"02/14/2014","3,966.3","3,954.4","3,974.1","3,944.6","","0.12%"
"02/13/2014","3,961.6","3,899.0","3,961.6","3,898.0","","0.89%"
"02/12/2014","3,926.6","3,925.3","3,935.9","3,916.6","","0.16%"
"02/11/2014","3,920.2","3,883.2","3,927.6","3,880.6","","1.12%"
"02/10/2014","3,876.8","3,851.3","3,877.6","3,850.4","","0.57%"
"02/07/2014","3,854.9","3,812.1","3,856.2","3,797.4","","1.84%"
"02/06/2014","3,785.3","3,750.9","3,790.6","3,750.5","","1.31%"
"02/05/2014","3,736.3","3,738.6","3,751.9","3,697.4","","-0.41%"
"02/04/2014","3,751.8","3,740.9","3,763.2","3,729.1","","0.87%"
"02/03/2014","3,719.4","3,809.9","3,819.9","3,712.0","","-2.31%"
"01/31/2014","3,807.4","3,771.2","3,826.4","3,770.8","","-0.30%"
"01/30/2014","3,818.8","3,799.1","3,831.5","3,792.4","","1.87%"
"01/29/2014","3,748.8","3,753.8","3,784.4","3,742.1","","-1.07%"
"01/28/2014","3,789.3","3,766.3","3,793.8","3,765.6","","-0.09%"
"01/27/2014","3,792.9","3,830.2","3,835.6","3,764.7","","-0.92%"
"01/24/2014","3,828.0","3,887.9","3,892.3","3,827.9","","-2.00%"
"01/23/2014","3,906.1","3,904.8","3,906.3","3,879.2","","-0.39%"
"01/22/2014","3,921.2","3,916.5","3,928.7","3,908.0","","0.28%"
"01/21/2014","3,910.4","3,903.8","3,910.4","3,876.2","","0.74%"
"01/17/2014","3,881.8","3,888.5","3,900.7","3,870.1","","-0.56%"
"01/16/2014","3,903.5","3,897.1","3,907.1","3,891.1","","0.04%"
"01/15/2014","3,901.9","3,884.6","3,908.2","3,883.3","","0.82%"
"01/14/2014","3,870.3","3,811.4","3,871.3","3,810.6","","1.93%"
"01/13/2014","3,796.9","3,847.3","3,861.3","3,782.4","","-1.47%"
"01/10/2014","3,853.4","3,854.1","3,857.1","3,822.5","","0.35%"
"01/09/2014","3,839.9","3,865.6","3,868.9","3,828.3","","-0.42%"
"01/08/2014","3,856.1","3,846.1","3,864.3","3,838.3","","0.27%"
"01/07/2014","3,845.6","3,825.5","3,851.1","3,821.4","","0.88%"
"01/06/2014","3,812.1","3,825.2","3,828.9","3,796.5","","-0.33%"
"01/03/2014","3,824.9","3,853.2","3,856.0","3,823.6","","-0.70%"
"01/02/2014","3,851.7","3,864.7","3,866.3","3,841.0","","-0.77%"
"12/31/2013","3,881.6","3,864.5","3,881.6","3,863.4","","0.61%"
"12/30/2013","3,857.9","3,858.7","3,862.3","3,846.3","","-0.10%"
"12/27/2013","3,861.7","3,878.0","3,880.4","3,858.5","","-0.29%"
"12/26/2013","3,872.9","3,867.5","3,875.2","3,859.4","","0.33%"
"12/24/2013","3,860.2","3,857.7","3,862.0","3,851.3","","0.11%"
"12/23/2013","3,856.1","3,849.3","3,857.0","3,837.6","","1.08%"
"12/20/2013","3,814.8","3,783.7","3,825.3","3,783.6","","0.93%"
"12/19/2013","3,779.6","3,780.9","3,783.5","3,762.8","","-0.31%"
"12/18/2013","3,791.5","3,746.7","3,792.4","3,697.7","","1.16%"
"12/17/2013","3,747.9","3,753.7","3,761.9","3,739.0","","-0.19%"
"12/16/2013","3,754.9","3,749.1","3,775.0","3,748.7","","0.56%"
"12/13/2013","3,733.9","3,756.1","3,757.1","3,726.7","","-0.11%"
"12/12/2013","3,738.1","3,750.6","3,758.2","3,735.6","","-0.25%"
"12/11/2013","3,747.4","3,796.3","3,801.6","3,742.4","","-1.28%"
"12/10/2013","3,795.9","3,792.1","3,802.9","3,788.6","","-0.06%"
"12/09/2013","3,798.0","3,797.5","3,806.5","3,792.7","","0.34%"
"12/06/2013","3,785.1","3,792.4","3,792.5","3,765.1","","0.76%"
"12/05/2013","3,756.4","3,763.5","3,768.7","3,746.8","","-0.15%"
"12/04/2013","3,762.1","3,741.3","3,773.1","3,730.0","","0.11%"
"12/03/2013","3,758.1","3,757.7","3,766.4","3,743.0","","-0.05%"
"12/02/2013","3,760.0","3,776.3","3,781.6","3,755.2","","-0.19%"
"11/29/2013","3,767.2","3,760.2","3,776.0","3,760.2","","0.50%"
"11/27/2013","3,748.5","3,731.6","3,749.8","3,728.5","","0.73%"
"11/26/2013","3,721.2","3,703.8","3,731.7","3,696.0","","0.53%"
"11/25/2013","3,701.4","3,708.4","3,712.2","3,693.7","","0.16%"
"11/22/2013","3,695.4","3,681.9","3,695.5","3,678.5","","0.57%"
"11/21/2013","3,674.6","3,652.7","3,677.0","3,650.7","","1.06%"
"11/20/2013","3,636.0","3,656.4","3,669.0","3,627.5","","-0.31%"
"11/19/2013","3,647.3","3,655.6","3,671.6","3,640.3","","-0.24%"
"11/18/2013","3,656.2","3,693.5","3,699.7","3,650.3","","-0.98%"
"11/15/2013","3,692.5","3,689.5","3,692.5","3,677.9","","0.22%"
"11/14/2013","3,684.5","3,660.9","3,688.2","3,657.8","","0.30%"
"11/13/2013","3,673.4","3,609.6","3,673.4","3,609.6","","1.21%"
"11/12/2013","3,629.6","3,614.6","3,635.2","3,612.0","","0.08%"
"11/11/2013","3,626.7","3,623.3","3,634.1","3,613.5","","-0.11%"
"11/08/2013","3,630.8","3,595.3","3,630.8","3,585.4","","1.37%"
"11/07/2013","3,581.8","3,651.9","3,654.9","3,578.6","","-1.88%"
"11/06/2013","3,650.6","3,662.6","3,667.8","3,638.7","","-0.03%"
"11/05/2013","3,651.7","3,634.6","3,659.3","3,622.7","","0.15%"
"11/04/2013","3,646.1","3,650.4","3,651.9","3,634.9","","0.15%"
"11/01/2013","3,640.7","3,654.2","3,657.0","3,624.4","","0.06%"
"10/31/2013","3,638.5","3,639.3","3,662.9","3,627.8","","-0.22%"
"10/30/2013","3,646.7","3,665.1","3,671.3","3,632.5","","-0.18%"
"10/29/2013","3,653.4","3,660.0","3,661.3","3,636.0","","0.28%"
"10/28/2013","3,643.3","3,642.8","3,651.7","3,630.1","","-0.04%"
"10/25/2013","3,644.6","3,655.7","3,662.0","3,628.1","","0.64%"
"10/24/2013","3,621.4","3,605.9","3,626.8","3,601.7","","0.49%"
"10/23/2013","3,603.9","3,606.6","3,614.0","3,586.8","","-0.62%"
"10/22/2013","3,626.3","3,634.1","3,645.1","3,601.8","","0.17%"
"10/21/2013","3,620.1","3,620.7","3,629.3","3,609.2","","0.22%"
"10/18/2013","3,612.2","3,587.2","3,614.1","3,577.7","","1.59%"
"10/17/2013","3,555.6","3,517.5","3,555.9","3,515.7","","0.60%"
"10/16/2013","3,534.4","3,512.7","3,536.0","3,509.8","","1.14%"
"10/15/2013","3,494.6","3,504.6","3,521.8","3,491.0","","-0.35%"
"10/14/2013","3,506.8","3,460.8","3,508.0","3,459.4","","0.69%"
"10/11/2013","3,482.9","3,450.2","3,486.3","3,448.5","","0.72%"
"10/10/2013","3,458.1","3,424.1","3,463.7","3,423.5","","2.17%"
"10/09/2013","3,384.6","3,404.8","3,405.3","3,357.8","","-0.35%"
"10/08/2013","3,396.5","3,464.6","3,464.6","3,394.7","","-1.92%"
"10/07/2013","3,463.0","3,463.1","3,489.3","3,460.1","","-0.83%"
"10/04/2013","3,491.9","3,461.2","3,495.8","3,459.0","","0.89%"
"10/03/2013","3,461.0","3,497.6","3,505.2","3,443.2","","-1.21%"
"10/02/2013","3,503.4","3,480.1","3,507.2","3,476.7","","0.01%"
"10/01/2013","3,503.2","3,468.6","3,504.6","3,468.6","","1.11%"
"09/30/2013","3,464.8","3,434.9","3,476.9","3,431.1","","-0.37%"
"09/27/2013","3,477.5","3,463.6","3,482.8","3,456.5","","-0.11%"
"09/26/2013","3,481.3","3,469.4","3,488.8","3,467.5","","0.80%"
"09/25/2013","3,453.6","3,467.2","3,473.1","3,447.4","","-0.31%"
"09/24/2013","3,464.4","3,472.5","3,483.9","3,454.4","","-0.02%"
"09/23/2013","3,465.1","3,489.8","3,491.0","3,450.2","","-0.17%"
"09/20/2013","3,470.9","3,492.1","3,496.5","3,470.9","","-0.40%"
"09/19/2013","3,484.8","3,488.3","3,492.8","3,478.4","","0.20%"
"09/18/2013","3,478.0","3,442.6","3,482.7","3,433.5","","1.27%"
"09/17/2013","3,434.4","3,420.4","3,439.1","3,419.1","","0.70%"
"09/16/2013","3,410.5","3,447.7","3,449.2","3,404.6","","-0.30%"
"09/13/2013","3,420.8","3,423.2","3,425.0","3,403.0","","0.08%"
"09/12/2013","3,417.9","3,422.3","3,429.5","3,412.1","","-0.13%"
"09/11/2013","3,422.5","3,405.2","3,423.0","3,400.3","","-0.15%"
"09/10/2013","3,427.8","3,429.3","3,432.2","3,414.9","","0.48%"
"09/09/2013","3,411.4","3,385.7","3,416.8","3,385.7","","1.17%"
"09/06/2013","3,371.9","3,380.1","3,388.7","3,333.9","","0.11%"
"09/05/2013","3,368.2","3,365.2","3,377.0","3,363.3","","0.17%"
"09/04/2013","3,362.4","3,336.3","3,367.0","3,328.4","","1.06%"
"09/03/2013","3,327.1","3,333.4","3,349.3","3,311.3","","0.58%"
"08/30/2013","3,307.8","3,330.7","3,331.0","3,296.2","","-0.61%"
"08/29/2013","3,328.2","3,298.6","3,345.1","3,298.6","","0.69%"
"08/28/2013","3,305.4","3,293.3","3,319.9","3,292.9","","0.42%"
"08/27/2013","3,291.7","3,320.3","3,337.6","3,284.9","","-2.02%"
"08/26/2013","3,359.6","3,364.2","3,386.7","3,355.1","","-0.04%"
"08/23/2013","3,361.1","3,363.3","3,364.1","3,348.9","","0.72%"
"08/22/2013","3,337.0","3,319.6","3,338.9","3,319.3","","0.99%"
"08/21/2013","3,304.2","3,306.2","3,333.4","3,293.4","","-0.35%"
"08/20/2013","3,315.8","3,310.3","3,331.1","3,305.9","","0.41%"
"08/19/2013","3,302.1","3,307.0","3,335.7","3,301.8","","-0.13%"
"08/16/2013","3,306.5","3,309.6","3,324.5","3,302.7","","-0.08%"
"08/15/2013","3,309.0","3,323.1","3,326.2","3,300.2","","-1.70%"
"08/14/2013","3,366.2","3,379.7","3,382.3","3,361.9","","-0.36%"
"08/13/2013","3,378.2","3,366.3","3,386.9","3,340.8","","0.54%"
"08/12/2013","3,360.1","3,339.8","3,365.1","3,338.9","","0.24%"
"08/09/2013","3,352.2","3,358.8","3,371.6","3,342.8","","-0.37%"
"08/08/2013","3,364.6","3,368.8","3,372.7","3,344.4","","0.45%"
"08/07/2013","3,349.4","3,347.7","3,355.0","3,325.4","","-0.11%"
"08/06/2013","3,353.0","3,368.0","3,373.2","3,341.5","","-0.66%"
"08/05/2013","3,375.4","3,368.5","3,377.6","3,365.0","","0.03%"
"08/02/2013","3,374.5","3,355.1","3,374.5","3,347.1","","0.55%"
"08/01/2013","3,356.0","3,341.9","3,358.5","3,339.9","","1.17%"
"07/31/2013","3,317.2","3,322.2","3,338.5","3,314.3","","0.16%"
"07/30/2013","3,312.0","3,306.5","3,327.1","3,302.4","","0.54%"
"07/29/2013","3,294.3","3,292.7","3,309.8","3,287.8","","-0.23%"
"07/26/2013","3,301.8","3,269.5","3,301.8","3,267.6","","0.47%"
"07/25/2013","3,286.2","3,278.2","3,288.4","3,263.2","","0.67%"
"07/24/2013","3,264.2","3,284.9","3,285.1","3,257.2","","0.33%"
"07/23/2013","3,253.6","3,283.4","3,283.7","3,251.1","","-0.78%"
"07/22/2013","3,279.2","3,285.9","3,286.0","3,268.0","","0.34%"
"07/19/2013","3,268.2","3,266.2","3,273.3","3,258.6","","-1.07%"
"07/18/2013","3,303.5","3,307.2","3,317.8","3,297.1","","-0.24%"
"07/17/2013","3,311.5","3,311.1","3,317.5","3,301.5","","0.25%"
"07/16/2013","3,303.1","3,309.6","3,311.4","3,294.2","","-0.08%"
"07/15/2013","3,305.6","3,302.6","3,308.2","3,292.9","","0.02%"
"07/12/2013","3,304.8","3,286.4","3,304.8","3,277.9","","0.64%"
"07/11/2013","3,283.8","3,254.4","3,285.1","3,252.6","","1.96%"
"07/10/2013","3,220.6","3,199.8","3,224.5","3,199.7","","0.56%"
"07/09/2013","3,202.6","3,199.1","3,208.6","3,183.7","","0.62%"
"07/08/2013","3,183.0","3,194.3","3,196.6","3,171.5","","0.10%"
"07/05/2013","3,179.8","3,174.5","3,180.5","3,148.7","","0.74%"
"07/03/2013","3,156.4","3,132.3","3,169.8","3,129.5","","0.40%"
"07/02/2013","3,143.8","3,138.6","3,161.3","3,126.5","","0.08%"
"07/01/2013","3,141.3","3,147.9","3,166.7","3,138.0","","0.65%"
"06/28/2013","3,121.1","3,107.2","3,140.2","3,101.7","","0.10%"
"06/27/2013","3,118.1","3,121.4","3,136.9","3,116.5","","0.46%"
"06/26/2013","3,103.8","3,102.3","3,110.0","3,093.2","","0.97%"
"06/25/2013","3,074.1","3,082.8","3,089.6","3,058.5","","0.64%"
"06/24/2013","3,054.5","3,059.2","3,077.8","3,029.8","","-1.03%"
"06/21/2013","3,086.4","3,096.1","3,108.3","3,060.3","","-0.43%"
"06/20/2013","3,099.7","3,139.6","3,150.9","3,091.2","","-2.33%"
"06/19/2013","3,173.8","3,215.2","3,217.5","3,173.8","","-1.22%"
"06/18/2013","3,213.1","3,190.4","3,219.3","3,190.0","","0.84%"
"06/17/2013","3,186.4","3,182.2","3,205.0","3,171.1","","0.93%"
"06/14/2013","3,157.0","3,173.1","3,180.8","3,152.5","","-0.64%"
"06/13/2013","3,177.3","3,136.5","3,183.8","3,125.1","","1.26%"
"06/12/2013","3,137.8","3,193.1","3,194.2","3,133.3","","-1.10%"
"06/11/2013","3,172.7","3,172.3","3,202.7","3,164.3","","-1.02%"
"06/10/2013","3,205.5","3,210.4","3,220.7","3,200.2","","-0.01%"
"06/07/2013","3,205.9","3,173.8","3,208.4","3,167.6","","1.38%"
"06/06/2013","3,162.4","3,152.3","3,162.4","3,121.3","","0.45%"
"06/05/2013","3,148.3","3,174.6","3,189.8","3,144.1","","-1.23%"
"06/04/2013","3,187.4","3,208.2","3,223.5","3,175.2","","-0.57%"
"06/03/2013","3,205.8","3,199.1","3,205.8","3,163.0","","0.32%"
"05/31/2013","3,195.5","3,216.9","3,239.9","3,195.5","","-1.00%"
"05/30/2013","3,227.8","3,214.0","3,243.3","3,213.8","","0.57%"
"05/29/2013","3,209.5","3,211.8","3,222.4","3,193.5","","-0.56%"
"05/28/2013","3,227.6","3,241.0","3,254.5","3,217.2","","0.70%"
"05/24/2013","3,205.2","3,184.1","3,205.5","3,177.7","","-0.02%"
"05/23/2013","3,205.7","3,180.5","3,217.6","3,179.1","","-0.26%"
"05/22/2013","3,213.9","3,244.2","3,272.2","3,198.6","","-0.90%"
"05/21/2013","3,243.2","3,236.2","3,254.2","3,227.2","","0.19%"
"05/20/2013","3,236.9","3,235.1","3,249.7","3,227.3","","-0.26%"
"05/17/2013","3,245.4","3,233.5","3,245.4","3,220.0","","0.99%"
"05/16/2013","3,213.6","3,219.7","3,234.7","3,211.6","","-0.11%"
"05/15/2013","3,217.2","3,204.0","3,219.2","3,195.9","","0.23%"
"05/14/2013","3,209.9","3,194.7","3,219.5","3,194.7","","0.54%"
"05/13/2013","3,192.8","3,183.1","3,201.0","3,181.7","","0.04%"
"05/10/2013","3,191.5","3,176.6","3,191.5","3,171.9","","0.67%"
"05/09/2013","3,170.2","3,169.6","3,190.8","3,164.4","","-0.15%"
"05/08/2013","3,175.1","3,158.1","3,176.6","3,152.2","","0.52%"
"05/07/2013","3,158.6","3,166.3","3,168.1","3,147.3","","-0.08%"
"05/06/2013","3,161.0","3,154.1","3,165.6","3,152.6","","0.37%"
"05/03/2013","3,149.5","3,143.3","3,157.7","3,141.7","","1.18%"
"05/02/2013","3,112.7","3,076.8","3,118.2","3,076.5","","1.31%"
"05/01/2013","3,072.3","3,085.2","3,092.5","3,067.4","","-0.49%"
"04/30/2013","3,087.4","3,067.8","3,087.8","3,058.0","","0.72%"
"04/29/2013","3,065.4","3,046.8","3,076.2","3,046.3","","0.93%"
"04/26/2013","3,037.2","3,039.0","3,045.7","3,024.7","","-0.28%"
"04/25/2013","3,045.6","3,038.4","3,058.4","3,037.4","","0.51%"
"04/24/2013","3,030.0","3,022.8","3,041.6","3,016.9","","-0.05%"
"04/23/2013","3,031.4","3,020.2","3,042.1","3,005.1","","0.90%"
"04/22/2013","3,004.3","2,984.8","3,013.6","2,973.1","","1.06%"
"04/19/2013","2,972.7","2,933.1","2,978.2","2,933.1","","1.41%"
"04/18/2013","2,931.5","2,980.7","2,980.9","2,919.8","","-1.44%"
"04/17/2013","2,974.3","3,005.7","3,006.9","2,956.6","","-1.99%"
"04/16/2013","3,034.6","3,010.3","3,035.7","3,004.3","","1.46%"
"04/15/2013","2,990.9","3,037.7","3,046.1","2,989.7","","-2.06%"
"04/12/2013","3,053.9","3,051.8","3,054.9","3,030.4","","-0.09%"
"04/11/2013","3,056.7","3,047.4","3,061.6","3,044.9","","-0.01%"
"04/10/2013","3,056.9","3,006.9","3,060.2","3,006.2","","1.95%"
"04/09/2013","2,998.5","2,987.0","3,009.6","2,972.3","","0.66%"
"04/08/2013","2,978.7","2,963.9","2,978.7","2,955.4","","0.52%"
"04/05/2013","2,963.3","2,939.6","2,966.3","2,933.9","","-0.83%"
"04/04/2013","2,988.1","2,987.5","2,994.1","2,971.4","","0.03%"
"04/03/2013","2,987.3","3,016.1","3,019.7","2,979.0","","-0.91%"
"04/02/2013","3,014.7","3,002.3","3,023.3","3,002.0","","0.84%"
"04/01/2013","2,989.5","3,013.8","3,015.6","2,981.7","","-0.75%"
"03/28/2013","3,012.2","3,002.4","3,014.3","2,997.1","","0.31%"
"03/27/2013","3,002.9","2,978.0","3,004.9","2,975.0","","0.13%"
"03/26/2013","2,998.9","2,995.4","2,999.6","2,988.1","","0.63%"
"03/25/2013","2,980.2","3,003.0","3,009.2","2,968.8","","-0.41%"
"03/22/2013","2,992.4","2,977.9","2,995.7","2,974.1","","0.93%"
"03/21/2013","2,964.7","2,969.7","2,978.5","2,958.2","","-1.10%"
"03/20/2013","2,997.8","3,001.0","3,003.7","2,985.3","","0.67%"
"03/19/2013","2,977.9","2,992.6","2,998.9","2,952.1","","-0.18%"
"03/18/2013","2,983.2","2,961.1","2,995.2","2,956.7","","-0.25%"
"03/15/2013","2,990.7","3,002.0","3,002.2","2,983.0","","-0.28%"
"03/14/2013","2,999.1","2,998.1","3,004.4","2,992.7","","0.31%"
"03/13/2013","2,989.9","2,992.8","2,999.5","2,978.2","","-0.07%"
"03/12/2013","2,991.9","2,994.8","3,001.3","2,978.5","","-0.40%"
"03/11/2013","3,003.8","2,989.1","3,004.0","2,981.9","","0.28%"
"03/08/2013","2,995.3","3,000.9","3,004.6","2,982.6","","0.16%"
"03/07/2013","2,990.4","2,985.3","2,995.3","2,980.3","","0.25%"
"03/06/2013","2,983.0","2,999.6","2,999.7","2,978.8","","-0.22%"
"03/05/2013","2,989.5","2,965.0","2,993.9","2,964.8","","1.44%"
"03/04/2013","2,947.1","2,924.4","2,947.4","2,920.8","","0.43%"
"03/01/2013","2,934.6","2,910.7","2,938.3","2,898.0","","0.34%"
"02/28/2013","2,924.8","2,928.8","2,949.0","2,924.4","","-0.10%"
"02/27/2013","2,927.6","2,899.0","2,945.1","2,894.4","","1.05%"
"02/26/2013","2,897.3","2,892.8","2,902.7","2,872.5","","0.45%"
"02/25/2013","2,884.4","2,943.3","2,951.6","2,884.4","","-1.32%"
"02/22/2013","2,923.1","2,911.4","2,923.1","2,899.8","","0.95%"
"02/21/2013","2,895.6","2,915.5","2,916.7","2,883.7","","-1.04%"
"02/20/2013","2,926.0","2,969.8","2,971.4","2,925.3","","-1.54%"
"02/19/2013","2,971.7","2,958.7","2,971.7","2,954.6","","0.73%"
"02/15/2013","2,950.3","2,958.7","2,965.7","2,941.5","","-0.24%"
"02/14/2013","2,957.3","2,945.3","2,962.8","2,944.9","","-0.08%"
"02/13/2013","2,959.8","2,956.5","2,969.8","2,950.5","","0.41%"
"02/12/2013","2,947.8","2,956.9","2,962.8","2,946.5","","-0.43%"
"02/11/2013","2,960.5","2,960.3","2,963.2","2,951.6","","-0.02%"
"02/08/2013","2,961.1","2,945.7","2,966.0","2,945.0","","1.06%"
"02/07/2013","2,930.1","2,929.6","2,933.0","2,898.0","","0.09%"
"02/06/2013","2,927.6","2,926.6","2,940.3","2,919.2","","-0.31%"
"02/05/2013","2,936.7","2,907.8","2,945.1","2,900.3","","1.49%"
"02/04/2013","2,893.7","2,929.6","2,936.3","2,893.5","","-1.75%"
"02/01/2013","2,945.1","2,931.4","2,950.0","2,920.2","","1.19%"
"01/31/2013","2,910.5","2,915.4","2,931.4","2,908.9","","-0.26%"
"01/30/2013","2,918.2","2,928.7","2,937.7","2,911.1","","-0.17%"
"01/29/2013","2,923.3","2,918.9","2,929.6","2,900.9","","0.05%"
"01/28/2013","2,921.9","2,916.8","2,932.7","2,914.2","","0.21%"
"01/25/2013","2,915.8","2,910.1","2,924.7","2,905.2","","0.49%"
"01/24/2013","2,901.7","2,902.4","2,928.2","2,897.8","","-1.40%"
"01/23/2013","2,942.9","2,942.7","2,950.5","2,937.0","","0.58%"
"01/22/2013","2,925.9","2,923.8","2,927.3","2,905.3","","0.11%"
"01/18/2013","2,922.7","2,914.9","2,923.1","2,906.6","","-0.14%"
"01/17/2013","2,926.9","2,925.9","2,937.1","2,919.4","","0.45%"
"01/16/2013","2,913.7","2,904.0","2,921.8","2,899.7","","0.43%"
"01/15/2013","2,901.1","2,899.3","2,904.6","2,888.2","","-0.47%"
"01/14/2013","2,914.7","2,912.3","2,922.8","2,902.3","","-0.46%"
"01/11/2013","2,928.1","2,923.1","2,929.2","2,917.1","","0.15%"
"01/10/2013","2,923.7","2,926.4","2,929.0","2,897.6","","0.61%"
"01/09/2013","2,906.1","2,902.4","2,914.4","2,898.0","","0.33%"
"01/08/2013","2,896.6","2,903.0","2,908.8","2,880.6","","-0.20%"
"01/07/2013","2,902.4","2,890.9","2,906.1","2,884.2","","-0.01%"
"01/04/2013","2,902.7","2,909.1","2,910.8","2,893.7","","-0.29%"
"01/03/2013","2,911.0","2,921.5","2,930.7","2,901.8","","-0.52%"
"01/02/2013","2,926.1","2,906.1","2,926.1","2,893.9","","3.21%"
"12/31/2012","2,835.0","2,771.0","2,840.1","2,768.5","","2.10%"
"12/28/2012","2,776.8","2,783.0","2,803.8","2,775.3","","-0.99%"
"12/27/2012","2,804.7","2,808.3","2,813.4","2,769.2","","-0.15%"
"12/26/2012","2,809.0","2,830.6","2,837.1","2,798.7","","-0.78%"
"12/24/2012","2,831.2","2,831.9","2,835.5","2,826.5","","-0.25%"
"12/21/2012","2,838.3","2,814.1","2,841.5","2,811.6","","-1.07%"
"12/20/2012","2,869.0","2,873.3","2,874.5","2,854.1","","0.09%"
"12/19/2012","2,866.3","2,886.1","2,890.2","2,866.3","","-0.53%"
"12/18/2012","2,881.6","2,849.8","2,884.9","2,843.8","","1.55%"
"12/17/2012","2,837.6","2,800.9","2,838.1","2,798.3","","1.38%"
"12/14/2012","2,799.1","2,807.4","2,816.0","2,790.6","","-0.98%"
"12/13/2012","2,826.7","2,840.9","2,863.4","2,815.1","","-0.76%"
"12/12/2012","2,848.4","2,869.6","2,869.6","2,842.0","","-0.23%"
"12/11/2012","2,855.0","2,837.9","2,870.8","2,835.9","","1.31%"
"12/10/2012","2,818.2","2,810.8","2,849.8","2,818.2","","0.26%"
"12/07/2012","2,810.8","2,839.4","2,843.8","2,801.1","","-0.59%"
"12/06/2012","2,827.5","2,800.8","2,834.7","2,792.7","","0.70%"
"12/05/2012","2,807.9","2,832.2","2,835.1","2,793.7","","-1.11%"
"12/04/2012","2,839.4","2,842.9","2,846.0","2,822.0","","-0.15%"
"12/03/2012","2,843.7","2,870.9","2,872.6","2,841.5","","-0.22%"
"11/30/2012","2,850.1","2,852.9","2,854.8","2,839.7","","-0.08%"
"11/29/2012","2,852.3","2,849.8","2,861.8","2,838.8","","0.55%"
"11/28/2012","2,836.6","2,796.4","2,837.7","2,781.2","","0.91%"
"11/27/2012","2,811.1","2,820.2","2,830.2","2,807.1","","-0.36%"
"11/26/2012","2,821.3","2,803.0","2,821.7","2,794.1","","0.46%"
"11/23/2012","2,808.3","2,785.2","2,809.2","2,781.4","","1.50%"
"11/21/2012","2,766.7","2,762.0","2,771.0","2,753.3","","0.22%"
"11/20/2012","2,760.6","2,758.0","2,764.6","2,735.0","","-0.02%"
"11/19/2012","2,761.2","2,727.6","2,762.2","2,725.8","","2.44%"
"11/16/2012","2,695.4","2,686.6","2,703.0","2,653.1","","0.39%"
"11/15/2012","2,684.9","2,695.4","2,703.8","2,674.8","","-0.29%"
"11/14/2012","2,692.8","2,738.2","2,741.4","2,689.1","","-1.16%"
"11/13/2012","2,724.4","2,721.2","2,750.7","2,716.6","","-0.73%"
"11/12/2012","2,744.4","2,759.1","2,763.4","2,736.8","","-0.05%"
"11/09/2012","2,745.8","2,736.0","2,773.5","2,732.8","","0.45%"
"11/08/2012","2,733.4","2,784.1","2,790.7","2,733.3","","-1.54%"
"11/07/2012","2,776.1","2,813.0","2,817.0","2,765.0","","-2.47%"
"11/06/2012","2,846.3","2,841.1","2,862.6","2,832.9","","0.31%"
"11/05/2012","2,837.6","2,821.5","2,844.0","2,814.8","","0.67%"
"11/02/2012","2,818.8","2,867.2","2,867.2","2,817.4","","-1.16%"
"11/01/2012","2,852.0","2,843.0","2,855.4","2,828.4","","1.50%"
"10/31/2012","2,809.9","2,829.0","2,829.0","2,829.0","","-0.66%"
"10/26/2012","2,828.6","2,820.2","2,839.3","2,797.8","","0.31%"
"10/25/2012","2,819.9","2,840.6","2,843.4","2,811.0","","0.08%"
"10/24/2012","2,817.7","2,849.5","2,850.4","2,815.4","","-0.39%"
"10/23/2012","2,828.8","2,833.2","2,853.7","2,821.1","","-1.06%"
"10/22/2012","2,859.0","2,842.4","2,863.8","2,834.6","","0.61%"
"10/19/2012","2,841.8","2,908.7","2,908.7","2,838.9","","-2.40%"
"10/18/2012","2,911.7","2,939.2","2,945.3","2,901.5","","-1.13%"
"10/17/2012","2,945.1","2,932.4","2,954.8","2,928.8","","-0.10%"
"10/16/2012","2,948.0","2,913.0","2,950.8","2,910.9","","1.41%"
"10/15/2012","2,907.1","2,895.6","2,910.1","2,878.8","","0.72%"
"10/12/2012","2,886.2","2,885.7","2,901.3","2,879.8","","0.03%"
"10/11/2012","2,885.2","2,918.7","2,918.7","2,884.5","","-0.34%"
"10/10/2012","2,895.1","2,911.0","2,917.2","2,890.7","","-0.48%"
"10/09/2012","2,909.0","2,951.3","2,951.3","2,903.8","","-1.61%"
"10/08/2012","2,956.7","2,967.8","2,972.6","2,950.9","","-0.89%"
"10/05/2012","2,983.3","3,013.1","3,019.4","2,977.4","","-0.59%"
"10/04/2012","3,000.9","2,997.0","3,008.1","2,985.9","","0.34%"
"10/03/2012","2,990.6","2,981.3","2,994.5","2,967.7","","0.70%"
"10/02/2012","2,969.8","2,978.1","2,983.5","2,948.3","","0.20%"
"10/01/2012","2,963.8","2,982.0","2,999.1","2,953.5","","-0.17%"
"09/28/2012","2,968.7","2,983.3","2,991.1","2,964.9","","-0.79%"
"09/27/2012","2,992.4","2,959.8","2,998.2","2,953.2","","1.44%"
"09/26/2012","2,949.9","2,968.3","2,971.8","2,936.1","","-0.81%"
"09/25/2012","2,974.1","3,024.1","3,031.5","2,973.8","","-1.39%"
"09/24/2012","3,015.9","3,007.9","3,021.9","3,003.8","","-0.62%"
"09/21/2012","3,034.7","3,048.3","3,052.4","3,032.5","","0.00%"
"09/20/2012","3,034.7","3,022.7","3,036.8","3,014.5","","-0.08%"
"09/19/2012","3,037.2","3,031.4","3,044.7","3,022.7","","0.23%"
"09/18/2012","3,030.2","3,024.9","3,032.2","3,021.2","","0.04%"
"09/17/2012","3,029.1","3,030.3","3,030.3","3,018.2","","0.06%"
"09/14/2012","3,027.4","3,012.8","3,038.1","3,010.7","","0.85%"
"09/13/2012","3,002.0","2,965.3","3,013.0","2,960.5","","1.42%"
"09/12/2012","2,960.0","2,962.9","2,967.7","2,942.8","","0.26%"
"09/11/2012","2,952.4","2,956.8","2,968.2","2,947.5","","-0.12%"
"09/10/2012","2,956.0","2,990.7","2,993.1","2,954.9","","-1.30%"
"09/07/2012","2,994.9","2,992.2","3,000.0","2,986.8","","-0.16%"
"09/06/2012","2,999.7","2,952.3","2,999.7","2,952.1","","2.27%"
"09/05/2012","2,933.2","2,935.6","2,947.6","2,926.5","","-0.17%"
"09/04/2012","2,938.1","2,933.3","2,947.7","2,908.7","","-0.01%"
"08/31/2012","2,938.4","2,939.4","2,952.0","2,911.3","","0.67%"
"08/30/2012","2,918.8","2,937.5","2,938.8","2,916.4","","-1.08%"
"08/29/2012","2,950.8","2,949.8","2,957.4","2,938.1","","0.05%"
"08/28/2012","2,949.3","2,945.6","2,957.6","2,938.3","","0.00%"
"08/27/2012","2,949.2","2,959.2","2,961.6","2,943.7","","0.17%"
"08/24/2012","2,944.3","2,920.3","2,952.0","2,915.3","","0.58%"
"08/23/2012","2,927.3","2,940.0","2,947.1","2,920.0","","-0.77%"
"08/22/2012","2,950.0","2,930.2","2,957.3","2,924.3","","0.41%"
"08/21/2012","2,938.1","2,958.2","2,970.7","2,928.2","","-0.43%"
"08/20/2012","2,950.8","2,943.8","2,951.1","2,933.3","","0.15%"
"08/17/2012","2,946.4","2,941.4","2,946.9","2,933.6","","0.44%"
"08/16/2012","2,933.5","2,907.8","2,940.0","2,906.7","","1.19%"
"08/15/2012","2,898.9","2,887.5","2,902.8","2,887.5","","0.28%"
"08/14/2012","2,890.7","2,901.7","2,906.6","2,883.6","","0.03%"
"08/13/2012","2,889.8","2,881.9","2,889.9","2,868.3","","0.21%"
"08/10/2012","2,883.7","2,870.6","2,883.7","2,864.6","","0.13%"
"08/09/2012","2,880.0","2,872.9","2,885.1","2,867.9","","0.29%"
"08/08/2012","2,871.7","2,864.6","2,879.1","2,862.6","","-0.11%"
"08/07/2012","2,874.9","2,863.0","2,885.6","2,858.8","","0.86%"
"08/06/2012","2,850.4","2,842.3","2,862.7","2,837.4","","0.68%"
"08/03/2012","2,831.1","2,819.8","2,840.2","2,811.6","","1.96%"
"08/02/2012","2,776.7","2,766.7","2,803.6","2,756.6","","-0.37%"
"08/01/2012","2,786.9","2,813.7","2,815.1","2,776.2","","-0.28%"
"07/31/2012","2,794.7","2,796.1","2,810.3","2,792.3","","0.02%"
"07/30/2012","2,794.2","2,802.3","2,815.9","2,786.2","","-0.18%"
"07/27/2012","2,799.3","2,750.3","2,802.4","2,744.2","","2.41%"
"07/26/2012","2,733.3","2,736.9","2,747.6","2,715.9","","1.39%"
"07/25/2012","2,695.7","2,698.3","2,713.9","2,680.7","","-0.71%"
"07/24/2012","2,714.9","2,742.3","2,745.1","2,697.9","","-0.87%"
"07/23/2012","2,738.7","2,723.2","2,745.7","2,696.4","","-1.07%"
"07/20/2012","2,768.4","2,807.1","2,807.1","2,768.4","","-1.42%"
"07/19/2012","2,808.3","2,797.3","2,816.1","2,791.0","","1.14%"
"07/18/2012","2,776.7","2,735.4","2,784.2","2,734.0","","1.32%"
"07/17/2012","2,740.5","2,740.6","2,747.7","2,701.0","","0.57%"
"07/16/2012","2,725.1","2,728.1","2,738.3","2,714.9","","-0.30%"
"07/13/2012","2,733.4","2,692.2","2,738.7","2,692.2","","1.56%"
"07/12/2012","2,691.5","2,708.8","2,708.8","2,667.8","","-1.00%"
"07/11/2012","2,718.7","2,728.2","2,735.6","2,695.4","","-0.55%"
"07/10/2012","2,733.7","2,770.5","2,780.8","2,721.8","","-0.95%"
"07/09/2012","2,759.9","2,760.0","2,770.4","2,746.2","","-0.08%"
"07/06/2012","2,762.0","2,786.7","2,788.1","2,744.9","","-1.33%"
"07/05/2012","2,799.2","2,795.1","2,812.7","2,780.6","","0.06%"
"07/03/2012","2,797.5","2,773.8","2,797.5","2,772.0","","0.79%"
"07/02/2012","2,775.5","2,766.5","2,775.7","2,754.2","","0.37%"
"06/29/2012","2,765.2","2,713.5","2,765.3","2,713.5","","3.13%"
"06/28/2012","2,681.3","2,711.8","2,711.8","2,653.5","","-1.12%"
"06/27/2012","2,711.8","2,704.6","2,723.0","2,702.9","","0.62%"
"06/26/2012","2,695.2","2,686.1","2,702.7","2,675.9","","0.64%"
"06/25/2012","2,678.0","2,709.1","2,709.2","2,671.1","","-2.01%"
"06/22/2012","2,732.9","2,708.3","2,734.5","2,705.2","","1.12%"
"06/21/2012","2,702.7","2,769.3","2,772.3","2,700.3","","-2.53%"
"06/20/2012","2,772.9","2,774.7","2,783.3","2,751.7","","0.10%"
"06/19/2012","2,770.2","2,754.9","2,780.8","2,753.6","","1.09%"
"06/18/2012","2,740.2","2,717.4","2,747.6","2,700.4","","0.83%"
"06/15/2012","2,717.7","2,688.8","2,719.4","2,687.3","","1.23%"
"06/14/2012","2,684.7","2,673.4","2,692.4","2,658.5","","0.50%"
"06/13/2012","2,671.4","2,686.5","2,703.0","2,663.2","","-0.73%"
"06/12/2012","2,691.0","2,666.5","2,691.7","2,653.5","","1.15%"
"06/11/2012","2,660.3","2,725.4","2,725.9","2,656.6","","-1.65%"
"06/08/2012","2,704.8","2,673.3","2,707.3","2,665.8","","0.94%"
"06/07/2012","2,679.6","2,715.3","2,716.7","2,675.9","","-0.43%"
"06/06/2012","2,691.1","2,646.5","2,691.1","2,646.5","","2.40%"
"06/05/2012","2,628.0","2,607.2","2,633.3","2,607.0","","0.38%"
"06/04/2012","2,618.1","2,597.8","2,621.1","2,581.9","","0.79%"
"06/01/2012","2,597.7","2,652.6","2,652.6","2,597.6","","-2.61%"
"05/31/2012","2,667.4","2,679.0","2,683.8","2,649.2","","-0.50%"
"05/30/2012","2,680.7","2,681.9","2,689.8","2,664.9","","-0.82%"
"05/29/2012","2,702.8","2,685.6","2,715.3","2,679.2","","1.26%"
"05/25/2012","2,669.1","2,674.7","2,680.2","2,661.9","","-0.17%"
"05/24/2012","2,673.7","2,696.7","2,697.8","2,653.6","","-0.62%"
"05/23/2012","2,690.3","2,677.2","2,696.7","2,639.8","","0.32%"
"05/22/2012","2,681.8","2,697.0","2,706.4","2,665.9","","-0.24%"
"05/21/2012","2,688.3","2,621.6","2,690.7","2,617.4","","2.70%"
"05/18/2012","2,617.5","2,650.7","2,664.7","2,613.5","","-1.21%"
"05/17/2012","2,649.6","2,705.7","2,711.4","2,649.6","","-2.04%"
"05/16/2012","2,704.8","2,734.7","2,742.4","2,701.8","","-0.74%"
"05/15/2012","2,724.9","2,734.7","2,763.4","2,720.7","","-0.31%"
"05/14/2012","2,733.3","2,737.0","2,755.6","2,730.7","","-0.97%"
"05/11/2012","2,760.1","2,749.6","2,788.9","2,748.5","","-0.01%"
"05/10/2012","2,760.4","2,777.0","2,777.0","2,750.4","","-0.19%"
"05/09/2012","2,765.7","2,743.4","2,780.9","2,731.6","","-0.32%"
"05/08/2012","2,774.7","2,768.9","2,783.6","2,730.0","","-0.36%"
"05/07/2012","2,784.6","2,767.1","2,797.7","2,765.3","","0.06%"
"05/04/2012","2,783.0","2,829.9","2,830.9","2,782.8","","-2.46%"
"05/03/2012","2,853.3","2,887.5","2,887.6","2,846.1","","-1.07%"
"05/02/2012","2,884.1","2,861.3","2,885.7","2,855.5","","0.29%"
"05/01/2012","2,875.8","2,867.7","2,907.3","2,864.0","","0.12%"
"04/30/2012","2,872.4","2,880.4","2,887.0","2,869.0","","-0.64%"
"04/27/2012","2,890.9","2,886.9","2,900.5","2,871.7","","0.59%"
"04/26/2012","2,873.9","2,857.7","2,880.7","2,853.5","","0.58%"
"04/25/2012","2,857.2","2,841.7","2,858.6","2,837.7","","2.68%"
"04/24/2012","2,782.5","2,792.2","2,804.4","2,772.2","","-0.56%"
"04/23/2012","2,798.1","2,795.6","2,802.1","2,773.0","","-0.84%"
"04/20/2012","2,821.8","2,846.6","2,859.8","2,820.4","","-0.40%"
"04/19/2012","2,833.2","2,855.4","2,887.8","2,821.9","","-1.08%"
"04/18/2012","2,864.1","2,862.6","2,880.9","2,855.4","","-0.28%"
"04/17/2012","2,872.0","2,824.5","2,880.2","2,820.9","","2.00%"
"04/16/2012","2,815.6","2,861.8","2,861.8","2,805.9","","-1.07%"
"04/13/2012","2,846.0","2,879.5","2,880.2","2,845.1","","-1.51%"
"04/12/2012","2,889.6","2,863.0","2,892.9","2,858.8","","1.19%"
"04/11/2012","2,855.7","2,867.7","2,875.5","2,850.2","","0.48%"
"04/10/2012","2,842.0","2,887.6","2,899.3","2,834.7","","-1.64%"
"04/09/2012","2,889.3","2,874.6","2,901.3","2,871.1","","-0.80%"
"04/05/2012","2,912.7","2,889.7","2,914.5","2,888.0","","0.64%"
"04/04/2012","2,894.2","2,909.3","2,912.9","2,877.6","","-1.36%"
"04/03/2012","2,934.1","2,937.6","2,947.3","2,917.5","","-0.04%"
"04/02/2012","2,935.3","2,901.4","2,938.3","2,896.5","","1.07%"
"03/30/2012","2,904.3","2,923.9","2,924.6","2,892.9","","-0.24%"
"03/29/2012","2,911.4","2,905.5","2,919.6","2,889.6","","-0.32%"
"03/28/2012","2,920.8","2,936.7","2,945.1","2,904.0","","-0.40%"
"03/27/2012","2,932.6","2,930.0","2,944.5","2,929.2","","0.15%"
"03/26/2012","2,928.3","2,895.5","2,928.3","2,895.0","","1.81%"
"03/23/2012","2,876.1","2,882.6","2,882.6","2,861.4","","-0.11%"
"03/22/2012","2,879.2","2,867.8","2,885.9","2,866.8","","-0.20%"
"03/21/2012","2,884.9","2,887.6","2,901.3","2,881.8","","-0.02%"
"03/20/2012","2,885.6","2,866.4","2,888.5","2,857.6","","0.16%"
"03/19/2012","2,881.0","2,863.8","2,886.2","2,857.2","","0.76%"
"03/16/2012","2,859.2","2,862.3","2,866.4","2,853.1","","-0.07%"
"03/15/2012","2,861.3","2,862.8","2,867.3","2,847.5","","0.23%"
"03/14/2012","2,854.6","2,846.9","2,864.5","2,835.6","","0.41%"
"03/13/2012","2,843.0","2,809.2","2,843.2","2,801.6","","1.91%"
"03/12/2012","2,789.6","2,789.8","2,794.7","2,777.9","","0.00%"
"03/09/2012","2,789.5","2,783.5","2,794.9","2,781.8","","0.37%"
"03/08/2012","2,779.3","2,764.8","2,786.4","2,759.6","","1.12%"
"03/07/2012","2,748.4","2,739.9","2,755.1","2,737.2","","0.74%"
"03/06/2012","2,728.3","2,725.5","2,733.2","2,713.7","","-0.99%"
"03/05/2012","2,755.6","2,778.5","2,785.0","2,745.8","","-1.01%"
"03/02/2012","2,783.7","2,782.5","2,792.6","2,775.0","","-0.08%"
"03/01/2012","2,785.8","2,776.0","2,788.3","2,766.7","","0.78%"
"02/29/2012","2,764.3","2,781.0","2,787.6","2,755.2","","-0.38%"
"02/28/2012","2,774.8","2,750.1","2,775.6","2,747.4","","1.03%"
"02/27/2012","2,746.6","2,728.4","2,757.2","2,718.0","","0.10%"
"02/24/2012","2,743.9","2,742.3","2,749.4","2,738.1","","0.36%"
"02/23/2012","2,734.1","2,717.3","2,737.5","2,707.9","","0.59%"
"02/22/2012","2,718.0","2,724.9","2,732.0","2,713.3","","-0.40%"
"02/21/2012","2,729.0","2,727.9","2,741.1","2,712.2","","0.24%"
"02/17/2012","2,722.5","2,725.6","2,732.3","2,710.5","","-0.31%"
"02/16/2012","2,730.9","2,692.2","2,733.5","2,687.8","","1.42%"
"02/15/2012","2,692.6","2,723.1","2,739.9","2,688.9","","-0.74%"
"02/14/2012","2,712.6","2,698.3","2,712.6","2,690.2","","0.28%"
"02/13/2012","2,704.9","2,700.1","2,708.2","2,688.9","","0.88%"
"02/10/2012","2,681.2","2,677.5","2,687.2","2,671.3","","-0.64%"
"02/09/2012","2,698.5","2,687.7","2,702.0","2,674.6","","0.72%"
"02/08/2012","2,679.3","2,666.5","2,679.5","2,656.4","","0.54%"
"02/07/2012","2,664.8","2,655.1","2,670.7","2,646.8","","0.15%"
"02/06/2012","2,660.9","2,651.4","2,660.9","2,645.3","","-0.03%"
"02/03/2012","2,661.6","2,650.8","2,664.9","2,646.7","","1.37%"
"02/02/2012","2,625.5","2,624.8","2,634.3","2,616.4","","0.31%"
"02/01/2012","2,617.5","2,610.6","2,627.1","2,602.9","","0.82%"
"01/31/2012","2,596.2","2,605.4","2,610.5","2,580.5","","0.11%"
"01/30/2012","2,593.4","2,565.2","2,596.9","2,560.1","","0.15%"
"01/27/2012","2,589.6","2,577.6","2,595.5","2,577.0","","0.29%"
"01/26/2012","2,582.0","2,602.5","2,608.0","2,571.7","","-0.45%"
"01/25/2012","2,593.6","2,584.1","2,598.8","2,567.2","","1.30%"
"01/24/2012","2,560.3","2,552.8","2,566.8","2,549.0","","-0.13%"
"01/23/2012","2,563.7","2,563.6","2,582.7","2,550.1","","0.01%"
"01/20/2012","2,563.5","2,554.7","2,564.8","2,554.4","","-0.19%"
"01/19/2012","2,568.4","2,561.5","2,572.5","2,559.3","","0.65%"
"01/18/2012","2,551.9","2,521.0","2,551.9","2,519.8","","1.37%"
"01/17/2012","2,517.4","2,520.5","2,528.9","2,509.6","","0.89%"
"01/13/2012","2,495.1","2,494.5","2,496.7","2,474.9","","-0.42%"
"01/12/2012","2,505.6","2,500.7","2,508.0","2,482.4","","0.41%"
"01/11/2012","2,495.4","2,486.4","2,499.9","2,479.9","","0.21%"
"01/10/2012","2,490.2","2,497.5","2,505.0","2,483.5","","0.71%"
"01/09/2012","2,472.6","2,485.1","2,486.1","2,463.9","","-0.22%"
"01/06/2012","2,478.1","2,472.4","2,484.9","2,462.9","","0.31%"
"01/05/2012","2,470.5","2,447.0","2,473.1","2,437.4","","0.82%"
"01/04/2012","2,450.3","2,436.4","2,454.0","2,427.0","","0.34%"
"01/03/2012","2,442.1","2,443.4","2,452.9","2,435.1","","1.95%"
"12/30/2011","2,395.4","2,399.7","2,407.3","2,395.3","","-0.31%"
"12/29/2011","2,402.8","2,389.6","2,403.5","2,381.6","","0.79%"
"12/28/2011","2,383.9","2,413.2","2,413.4","2,378.8","","-1.13%"
"12/27/2011","2,411.2","2,401.9","2,419.8","2,399.4","","0.24%"
"12/23/2011","2,405.4","2,391.5","2,405.8","2,385.1","","0.92%"
"12/22/2011","2,383.5","2,370.8","2,385.4","2,367.3","","0.79%"
"12/21/2011","2,364.9","2,382.6","2,383.8","2,337.2","","-1.44%"
"12/20/2011","2,399.4","2,369.2","2,401.0","2,368.5","","3.01%"
"12/19/2011","2,329.3","2,359.9","2,366.1","2,323.3","","-1.02%"
"12/16/2011","2,353.4","2,353.8","2,384.3","2,349.3","","0.52%"
"12/15/2011","2,341.3","2,369.1","2,369.2","2,337.9","","-0.27%"
"12/14/2011","2,347.7","2,375.9","2,376.6","2,333.7","","-1.56%"
"12/13/2011","2,384.8","2,426.8","2,435.9","2,374.7","","-1.04%"
"12/12/2011","2,409.9","2,413.2","2,413.3","2,390.8","","-1.14%"
"12/09/2011","2,437.7","2,404.7","2,445.0","2,404.7","","1.58%"
"12/08/2011","2,399.7","2,428.1","2,443.3","2,395.3","","-1.64%"
"12/07/2011","2,439.6","2,431.2","2,451.4","2,409.8","","-0.03%"
"12/06/2011","2,440.4","2,446.9","2,455.5","2,432.6","","-0.24%"
"12/05/2011","2,446.2","2,456.3","2,463.1","2,433.8","","1.08%"
"12/02/2011","2,420.0","2,447.1","2,450.6","2,419.2","","-0.31%"
"12/01/2011","2,427.5","2,411.8","2,433.5","2,409.7","","0.61%"
"11/30/2011","2,412.8","2,386.6","2,412.9","2,380.7","","3.79%"
"11/29/2011","2,324.6","2,339.1","2,355.4","2,318.7","","-0.58%"
"11/28/2011","2,338.1","2,320.7","2,341.8","2,319.6","","3.41%"
"11/25/2011","2,260.9","2,270.4","2,293.9","2,260.7","","-0.72%"
"11/23/2011","2,277.3","2,311.9","2,315.8","2,277.3","","-2.25%"
"11/22/2011","2,329.7","2,318.1","2,337.8","2,303.9","","0.24%"
"11/21/2011","2,324.2","2,333.4","2,339.3","2,300.0","","-1.85%"
"11/18/2011","2,368.1","2,388.8","2,389.8","2,364.9","","-0.80%"
"11/17/2011","2,387.1","2,438.1","2,438.3","2,372.2","","-2.24%"
"11/16/2011","2,441.9","2,463.5","2,484.3","2,439.1","","-1.77%"
"11/15/2011","2,485.9","2,451.8","2,494.7","2,449.2","","1.16%"
"11/14/2011","2,457.3","2,467.3","2,479.4","2,449.1","","-0.61%"
"11/11/2011","2,472.4","2,452.2","2,480.2","2,446.1","","1.89%"
"11/10/2011","2,426.6","2,454.4","2,454.7","2,404.0","","-0.09%"
"11/09/2011","2,428.7","2,462.9","2,471.5","2,422.1","","-3.57%"
"11/08/2011","2,518.7","2,504.1","2,521.3","2,479.0","","1.23%"
"11/07/2011","2,488.1","2,470.1","2,489.9","2,444.7","","0.63%"
"11/04/2011","2,472.6","2,469.7","2,481.1","2,446.5","","-0.48%"
"11/03/2011","2,484.6","2,455.7","2,486.7","2,425.3","","2.18%"
"11/02/2011","2,431.7","2,435.5","2,443.0","2,411.2","","0.87%"
"11/01/2011","2,410.8","2,413.7","2,434.9","2,399.6","","-2.61%"
"10/31/2011","2,475.4","2,493.2","2,506.1","2,475.2","","-1.72%"
"10/28/2011","2,518.6","2,502.6","2,522.3","2,501.5","","0.06%"
"10/27/2011","2,517.0","2,507.4","2,530.3","2,481.4","","2.79%"
"10/26/2011","2,448.8","2,464.5","2,470.0","2,403.6","","-0.04%"
"10/25/2011","2,449.9","2,491.4","2,491.5","2,446.0","","-2.04%"
"10/24/2011","2,500.8","2,456.0","2,506.6","2,455.4","","2.08%"
"10/21/2011","2,449.9","2,446.0","2,464.4","2,427.7","","1.29%"
"10/20/2011","2,418.8","2,430.4","2,430.4","2,385.5","","-0.45%"
"10/19/2011","2,429.8","2,463.1","2,472.6","2,423.4","","-2.03%"
"10/18/2011","2,480.2","2,445.7","2,491.1","2,422.6","","1.31%"
"10/17/2011","2,448.2","2,474.6","2,482.7","2,435.8","","-1.58%"
"10/14/2011","2,487.6","2,475.1","2,487.6","2,459.1","","1.93%"
"10/13/2011","2,440.4","2,413.1","2,444.3","2,411.9","","0.86%"
"10/12/2011","2,419.7","2,429.8","2,445.6","2,417.8","","0.54%"
"10/11/2011","2,406.8","2,383.5","2,412.9","2,380.2","","0.71%"
"10/10/2011","2,389.8","2,350.5","2,389.9","2,346.6","","3.45%"
"10/07/2011","2,310.2","2,325.7","2,336.0","2,297.1","","-0.68%"
"10/06/2011","2,325.9","2,287.7","2,326.2","2,275.1","","1.62%"
"10/05/2011","2,288.9","2,224.2","2,294.0","2,209.1","","2.52%"
"10/04/2011","2,232.7","2,164.4","2,234.9","2,142.2","","2.13%"
"10/03/2011","2,186.1","2,231.2","2,258.3","2,185.3","","-2.52%"
"09/30/2011","2,242.6","2,272.1","2,291.3","2,242.6","","-2.66%"
"09/29/2011","2,304.0","2,364.6","2,368.2","2,264.7","","-1.04%"
"09/28/2011","2,328.2","2,375.9","2,391.4","2,326.1","","-1.45%"
"09/27/2011","2,362.5","2,380.5","2,401.5","2,350.2","","0.86%"
"09/26/2011","2,342.3","2,323.9","2,345.3","2,275.1","","1.24%"
"09/23/2011","2,313.6","2,270.5","2,324.0","2,270.4","","1.02%"
"09/22/2011","2,290.2","2,302.9","2,327.1","2,255.5","","-3.27%"
"09/21/2011","2,367.5","2,420.0","2,433.5","2,366.7","","-1.63%"
"09/20/2011","2,406.8","2,430.6","2,450.7","2,403.9","","-0.56%"
"09/19/2011","2,420.3","2,387.7","2,431.8","2,369.5","","0.12%"
"09/16/2011","2,417.5","2,394.7","2,420.6","2,393.8","","0.85%"
"09/15/2011","2,397.1","2,383.1","2,400.3","2,363.4","","1.50%"
"09/14/2011","2,361.6","2,341.6","2,388.0","2,317.5","","1.45%"
"09/13/2011","2,327.9","2,303.9","2,332.9","2,295.7","","1.31%"
"09/12/2011","2,297.7","2,249.4","2,298.1","2,242.9","","1.31%"
"09/09/2011","2,268.0","2,303.7","2,312.9","2,255.1","","-2.29%"
"09/08/2011","2,321.1","2,319.4","2,352.7","2,313.2","","-0.42%"
"09/07/2011","2,330.9","2,304.6","2,331.0","2,299.6","","2.60%"
"09/06/2011","2,271.9","2,218.3","2,275.9","2,214.5","","-0.01%"
"09/02/2011","2,272.2","2,282.9","2,295.2","2,260.8","","-2.31%"
"09/01/2011","2,325.9","2,353.1","2,372.9","2,323.7","","-0.98%"
"08/31/2011","2,348.9","2,356.4","2,377.2","2,329.5","","0.15%"
"08/30/2011","2,345.3","2,318.5","2,358.3","2,308.4","","0.62%"
"08/29/2011","2,330.9","2,293.9","2,331.5","2,292.9","","2.87%"
"08/26/2011","2,265.8","2,202.8","2,273.6","2,182.0","","2.55%"
"08/25/2011","2,209.4","2,244.7","2,257.1","2,203.4","","-1.72%"
"08/24/2011","2,248.0","2,223.4","2,251.3","2,206.4","","0.76%"
"08/23/2011","2,231.1","2,157.5","2,231.1","2,148.2","","4.14%"
"08/22/2011","2,142.5","2,183.9","2,184.5","2,135.6","","0.32%"
"08/19/2011","2,135.7","2,151.2","2,203.4","2,132.6","","-1.68%"
"08/18/2011","2,172.1","2,218.0","2,219.9","2,153.4","","-4.98%"
"08/17/2011","2,285.9","2,298.1","2,320.1","2,262.1","","-0.57%"
"08/16/2011","2,299.1","2,294.8","2,317.5","2,268.5","","-0.82%"
"08/15/2011","2,318.2","2,292.4","2,318.2","2,283.4","","1.47%"
"08/12/2011","2,284.6","2,278.9","2,298.4","2,256.2","","0.69%"
"08/11/2011","2,268.9","2,208.0","2,290.3","2,190.2","","4.53%"
"08/10/2011","2,170.5","2,209.3","2,242.9","2,167.5","","-4.06%"
"08/09/2011","2,262.3","2,194.4","2,263.3","2,130.5","","4.88%"
"08/08/2011","2,157.1","2,227.8","2,264.4","2,157.1","","-6.10%"
"08/05/2011","2,297.3","2,331.9","2,345.8","2,231.5","","-0.58%"
"08/04/2011","2,310.7","2,382.0","2,391.4","2,310.6","","-4.56%"
"08/03/2011","2,421.1","2,402.4","2,425.2","2,360.5","","0.92%"
"08/02/2011","2,399.0","2,449.1","2,461.4","2,397.4","","-2.60%"
"08/01/2011","2,463.0","2,502.1","2,507.4","2,432.8","","-0.37%"
"07/29/2011","2,472.2","2,458.1","2,498.8","2,450.2","","-0.38%"
"07/28/2011","2,481.6","2,477.0","2,512.4","2,469.1","","0.20%"
"07/27/2011","2,476.6","2,526.0","2,528.0","2,471.4","","-2.57%"
"07/26/2011","2,541.8","2,535.2","2,551.2","2,530.4","","0.22%"
"07/25/2011","2,536.2","2,520.0","2,550.1","2,517.4","","-0.22%"
"07/22/2011","2,541.8","2,514.3","2,545.3","2,513.1","","1.05%"
"07/21/2011","2,515.4","2,500.0","2,528.8","2,487.7","","0.69%"
"07/20/2011","2,498.1","2,523.2","2,523.9","2,494.7","","-0.43%"
"07/19/2011","2,509.0","2,477.2","2,511.5","2,477.2","","2.31%"
"07/18/2011","2,452.3","2,454.9","2,463.3","2,429.9","","-0.54%"
"07/15/2011","2,465.6","2,460.5","2,466.3","2,444.1","","1.36%"
"07/14/2011","2,432.5","2,467.9","2,480.3","2,425.3","","-1.16%"
"07/13/2011","2,461.1","2,469.5","2,487.2","2,454.2","","0.37%"
"07/12/2011","2,452.1","2,471.3","2,475.7","2,450.3","","-0.77%"
"07/11/2011","2,471.1","2,490.5","2,502.6","2,462.9","","-1.82%"
"07/08/2011","2,516.8","2,500.3","2,516.8","2,488.8","","-0.29%"
"07/07/2011","2,524.1","2,507.1","2,530.4","2,504.9","","1.44%"
"07/06/2011","2,488.2","2,477.9","2,493.6","2,470.3","","0.31%"
"07/05/2011","2,480.5","2,472.0","2,483.8","2,465.9","","0.43%"
"07/01/2011","2,469.9","2,433.0","2,471.9","2,427.2","","1.57%"
"06/30/2011","2,431.7","2,408.6","2,434.1","2,408.3","","1.34%"
"06/29/2011","2,399.6","2,395.5","2,404.8","2,383.3","","0.38%"
"06/28/2011","2,390.6","2,360.0","2,391.8","2,358.3","","1.49%"
"06/27/2011","2,355.5","2,319.3","2,367.0","2,316.7","","1.59%"
"06/24/2011","2,318.7","2,348.4","2,350.0","2,314.6","","-1.68%"
"06/23/2011","2,358.4","2,311.8","2,360.2","2,305.6","","0.86%"
"06/22/2011","2,338.3","2,346.1","2,358.0","2,337.3","","-0.71%"
"06/21/2011","2,355.0","2,312.3","2,356.5","2,304.7","","2.15%"
"06/20/2011","2,305.4","2,287.4","2,311.9","2,287.0","","0.52%"
"06/17/2011","2,293.4","2,321.8","2,324.3","2,287.0","","-0.32%"
"06/16/2011","2,300.7","2,311.0","2,318.3","2,280.9","","-0.41%"
"06/15/2011","2,310.2","2,332.0","2,346.0","2,305.1","","-1.84%"
"06/14/2011","2,353.4","2,343.0","2,359.8","2,343.0","","1.26%"
"06/13/2011","2,324.1","2,327.2","2,336.6","2,315.8","","0.06%"
"06/10/2011","2,322.7","2,352.3","2,353.9","2,322.4","","-1.58%"
"06/09/2011","2,359.9","2,356.3","2,371.5","2,349.3","","0.17%"
"06/08/2011","2,355.9","2,368.0","2,371.8","2,349.4","","-0.70%"
"06/07/2011","2,372.6","2,383.7","2,393.3","2,371.6","","-0.24%"
"06/06/2011","2,378.3","2,393.1","2,404.4","2,377.1","","-0.78%"
"06/03/2011","2,397.0","2,406.5","2,423.8","2,394.0","","-1.48%"
"06/02/2011","2,432.9","2,431.7","2,442.3","2,420.4","","0.18%"
"06/01/2011","2,428.5","2,476.4","2,482.2","2,426.9","","-2.08%"
"05/31/2011","2,480.0","2,465.9","2,480.0","2,453.5","","1.56%"
"05/27/2011","2,441.9","2,434.1","2,445.1","2,432.7","","0.44%"
"05/26/2011","2,431.1","2,410.7","2,437.5","2,410.4","","0.65%"
"05/25/2011","2,415.4","2,403.5","2,426.5","2,402.7","","0.34%"
"05/24/2011","2,407.3","2,426.2","2,427.3","2,406.1","","-0.57%"
"05/23/2011","2,421.2","2,422.6","2,430.6","2,410.3","","-1.47%"
"05/20/2011","2,457.3","2,472.0","2,475.6","2,454.5","","-0.77%"
"05/19/2011","2,476.3","2,475.6","2,481.0","2,461.4","","0.29%"
"05/18/2011","2,469.1","2,445.8","2,472.7","2,442.5","","0.83%"
"05/17/2011","2,448.7","2,430.2","2,448.9","2,424.5","","0.30%"
"05/16/2011","2,441.4","2,473.4","2,480.6","2,436.2","","-1.74%"
"05/13/2011","2,484.6","2,509.4","2,512.5","2,484.1","","-1.19%"
"05/12/2011","2,514.5","2,489.7","2,517.2","2,477.2","","0.62%"
"05/11/2011","2,499.0","2,514.7","2,522.8","2,482.6","","-0.75%"
"05/10/2011","2,518.0","2,503.2","2,521.3","2,500.7","","0.85%"
"05/09/2011","2,496.7","2,489.6","2,505.8","2,482.1","","0.33%"
"05/06/2011","2,488.4","2,501.8","2,518.2","2,481.1","","0.33%"
"05/05/2011","2,480.1","2,481.4","2,508.1","2,471.2","","-0.51%"
"05/04/2011","2,492.9","2,497.8","2,504.4","2,472.2","","-0.18%"
"05/03/2011","2,497.5","2,506.9","2,509.3","2,481.4","","-0.48%"
"05/02/2011","2,509.5","2,515.7","2,523.7","2,502.4","","0.01%"
"04/29/2011","2,509.3","2,510.3","2,521.3","2,508.4","","-0.24%"
"04/28/2011","2,515.3","2,510.2","2,517.5","2,503.8","","-0.14%"
"04/27/2011","2,518.9","2,507.3","2,521.3","2,494.8","","0.73%"
"04/26/2011","2,500.6","2,493.5","2,510.2","2,488.9","","0.51%"
"04/25/2011","2,487.8","2,481.7","2,489.1","2,478.8","","0.27%"
"04/21/2011","2,481.1","2,485.1","2,485.1","2,473.7","","0.83%"
"04/20/2011","2,460.7","2,446.5","2,463.7","2,446.5","","2.21%"
"04/19/2011","2,407.4","2,397.2","2,407.4","2,386.4","","0.63%"
"04/18/2011","2,392.4","2,381.5","2,393.2","2,353.3","","-0.66%"
"04/15/2011","2,408.3","2,405.0","2,417.9","2,393.6","","-0.16%"
"04/14/2011","2,412.1","2,401.7","2,416.3","2,391.8","","-0.23%"
"04/13/2011","2,417.7","2,413.7","2,424.0","2,399.2","","0.80%"
"04/12/2011","2,398.6","2,403.4","2,408.9","2,388.5","","-0.70%"
"04/11/2011","2,415.5","2,431.9","2,435.8","2,406.1","","-0.28%"
"04/08/2011","2,422.3","2,444.8","2,447.6","2,414.2","","-0.50%"
"04/07/2011","2,434.5","2,433.3","2,449.1","2,416.7","","0.02%"
"04/06/2011","2,433.9","2,445.5","2,454.7","2,421.4","","0.19%"
"04/05/2011","2,429.3","2,431.6","2,444.4","2,424.6","","-0.28%"
"04/04/2011","2,436.2","2,450.0","2,452.7","2,425.3","","-0.35%"
"04/01/2011","2,444.8","2,454.8","2,461.8","2,436.5","","0.17%"
"03/31/2011","2,440.7","2,434.2","2,444.1","2,430.9","","0.11%"
"03/30/2011","2,438.1","2,440.1","2,442.2","2,428.0","","0.47%"
"03/29/2011","2,426.7","2,399.2","2,426.7","2,391.4","","0.98%"
"03/28/2011","2,403.1","2,426.1","2,427.1","2,403.1","","-0.57%"
"03/25/2011","2,416.9","2,419.8","2,432.9","2,414.5","","0.18%"
"03/24/2011","2,412.5","2,386.3","2,416.1","2,374.4","","1.83%"
"03/23/2011","2,369.1","2,349.2","2,375.5","2,332.0","","0.56%"
"03/22/2011","2,355.9","2,362.3","2,364.4","2,350.8","","-0.21%"
"03/21/2011","2,360.9","2,348.6","2,371.8","2,347.1","","1.88%"
"03/18/2011","2,317.4","2,346.8","2,347.0","2,314.2","","-0.19%"
"03/17/2011","2,321.8","2,336.0","2,345.5","2,319.6","","1.01%"
"03/16/2011","2,298.6","2,338.1","2,349.8","2,283.9","","-2.51%"
"03/15/2011","2,357.7","2,314.6","2,370.2","2,313.7","","-1.36%"
"03/14/2011","2,390.1","2,386.0","2,402.8","2,372.8","","-0.36%"
"03/11/2011","2,398.7","2,373.7","2,405.7","2,373.5","","0.65%"
"03/10/2011","2,383.1","2,394.4","2,400.0","2,374.6","","-1.65%"
"03/09/2011","2,423.1","2,429.5","2,431.5","2,409.2","","-0.63%"
"03/08/2011","2,438.5","2,425.5","2,448.9","2,410.7","","0.41%"
"03/07/2011","2,428.6","2,470.2","2,473.3","2,407.0","","-1.35%"
"03/04/2011","2,461.9","2,472.7","2,473.6","2,445.9","","-0.50%"
"03/03/2011","2,474.2","2,452.0","2,478.2","2,451.7","","1.94%"
"03/02/2011","2,427.2","2,414.2","2,441.9","2,411.8","","0.50%"
"03/01/2011","2,415.2","2,461.6","2,461.8","2,407.6","","-1.52%"
"02/28/2011","2,452.4","2,456.5","2,464.7","2,439.1","","0.20%"
"02/25/2011","2,447.5","2,426.4","2,450.8","2,426.0","","1.43%"
"02/24/2011","2,413.0","2,406.4","2,421.3","2,384.0","","0.54%"
"02/23/2011","2,400.1","2,421.5","2,429.5","2,383.2","","-0.93%"
"02/22/2011","2,422.6","2,454.9","2,468.0","2,417.9","","-2.91%"
"02/18/2011","2,495.1","2,499.5","2,503.4","2,484.6","","-0.21%"
"02/17/2011","2,500.4","2,487.0","2,503.8","2,486.5","","-0.01%"
"02/16/2011","2,500.6","2,491.8","2,506.5","2,489.9","","0.68%"
"02/15/2011","2,483.8","2,481.9","2,486.8","2,472.6","","-0.13%"
"02/14/2011","2,487.0","2,480.7","2,490.2","2,479.3","","0.27%"
"02/11/2011","2,480.3","2,458.0","2,482.7","2,453.3","","0.63%"
"02/10/2011","2,464.8","2,443.4","2,466.8","2,441.3","","0.15%"
"02/09/2011","2,461.1","2,459.9","2,467.6","2,452.2","","-0.11%"
"02/08/2011","2,463.8","2,448.1","2,463.9","2,444.2","","0.62%"
"02/07/2011","2,448.7","2,439.6","2,460.8","2,438.0","","0.48%"
"02/04/2011","2,437.1","2,422.4","2,437.5","2,416.3","","0.65%"
"02/03/2011","2,421.3","2,414.6","2,425.6","2,394.9","","0.10%"
"02/02/2011","2,418.8","2,415.5","2,426.8","2,413.7","","-0.17%"
"02/01/2011","2,422.8","2,395.1","2,427.4","2,393.4","","1.88%"
"01/31/2011","2,378.0","2,370.0","2,383.8","2,353.1","","0.50%"
"01/28/2011","2,366.1","2,428.2","2,428.2","2,355.8","","-2.55%"
"01/27/2011","2,428.1","2,420.0","2,434.3","2,416.8","","0.69%"
"01/26/2011","2,411.5","2,404.0","2,418.8","2,396.8","","0.44%"
"01/25/2011","2,400.9","2,384.7","2,400.9","2,379.8","","0.16%"
"01/24/2011","2,397.1","2,367.3","2,397.1","2,364.1","","1.41%"
"01/21/2011","2,363.7","2,391.7","2,397.8","2,362.5","","-0.78%"
"01/20/2011","2,382.2","2,388.6","2,391.8","2,364.0","","-0.75%"
"01/19/2011","2,400.2","2,427.9","2,429.7","2,391.4","","-1.09%"
"01/18/2011","2,426.7","2,397.7","2,429.4","2,396.1","","0.23%"
"01/14/2011","2,421.1","2,401.3","2,421.1","2,397.0","","0.78%"
"01/13/2011","2,402.4","2,400.4","2,407.9","2,395.2","","0.03%"
"01/12/2011","2,401.7","2,395.2","2,401.7","2,385.2","","0.70%"
"01/11/2011","2,384.9","2,391.0","2,392.6","2,375.2","","0.19%"
"01/10/2011","2,380.3","2,366.0","2,384.8","2,360.1","","0.34%"
"01/07/2011","2,372.3","2,375.9","2,378.8","2,348.9","","-0.04%"
"01/06/2011","2,373.2","2,367.8","2,375.2","2,363.9","","0.32%"
"01/05/2011","2,365.7","2,339.7","2,366.4","2,338.1","","0.84%"
"01/04/2011","2,346.0","2,356.6","2,358.1","2,331.7","","-0.12%"
"01/03/2011","2,348.9","2,332.7","2,363.6","2,331.8","","1.65%"
"12/31/2010","2,310.8","2,316.5","2,318.3","2,302.0","","-0.35%"
"12/30/2010","2,319.0","2,323.9","2,326.0","2,316.0","","-0.27%"
"12/29/2010","2,325.2","2,325.9","2,329.9","2,323.3","","0.19%"
"12/28/2010","2,320.8","2,328.2","2,329.9","2,315.9","","-0.11%"
"12/27/2010","2,323.3","2,317.0","2,328.1","2,301.4","","-0.02%"
"12/23/2010","2,323.8","2,326.4","2,328.8","2,318.6","","-0.25%"
"12/22/2010","2,329.6","2,328.3","2,332.8","2,325.5","","0.06%"
"12/21/2010","2,328.2","2,324.1","2,329.3","2,319.6","","0.52%"
"12/20/2010","2,316.2","2,318.7","2,324.0","2,298.7","","0.22%"
"12/17/2010","2,311.2","2,315.1","2,320.3","2,310.0","","0.01%"
"12/16/2010","2,310.9","2,297.7","2,315.1","2,291.0","","0.71%"
"12/15/2010","2,294.7","2,303.1","2,316.8","2,288.9","","-0.45%"
"12/14/2010","2,305.1","2,305.8","2,313.2","2,297.4","","0.23%"
"12/13/2010","2,299.8","2,316.9","2,318.3","2,299.3","","-0.36%"
"12/10/2010","2,308.0","2,298.8","2,310.2","2,291.7","","0.63%"
"12/09/2010","2,293.6","2,303.2","2,305.5","2,285.6","","0.05%"
"12/08/2010","2,292.5","2,287.0","2,293.3","2,274.2","","0.52%"
"12/07/2010","2,280.6","2,307.3","2,307.7","2,280.0","","-0.02%"
"12/06/2010","2,281.1","2,283.5","2,285.3","2,274.1","","-0.06%"
"12/03/2010","2,282.5","2,267.9","2,284.3","2,267.0","","0.27%"
"12/02/2010","2,276.4","2,256.9","2,279.0","2,254.8","","1.04%"
"12/01/2010","2,253.0","2,240.3","2,264.0","2,240.3","","2.17%"
"11/30/2010","2,205.2","2,207.4","2,219.9","2,197.8","","-1.27%"
"11/29/2010","2,233.6","2,233.0","2,240.0","2,206.9","","-0.43%"
"11/26/2010","2,243.2","2,235.4","2,250.1","2,231.5","","-0.31%"
"11/24/2010","2,250.1","2,226.9","2,254.9","2,226.8","","2.07%"
"11/23/2010","2,204.4","2,216.4","2,221.1","2,192.9","","-1.59%"
"11/22/2010","2,240.0","2,214.5","2,240.2","2,209.7","","0.76%"
"11/19/2010","2,223.2","2,217.3","2,227.0","2,208.5","","0.08%"
"11/18/2010","2,221.4","2,211.0","2,235.2","2,208.0","","1.66%"
"11/17/2010","2,185.2","2,178.7","2,196.7","2,175.2","","0.32%"
"11/16/2010","2,178.2","2,199.8","2,212.0","2,169.5","","-1.74%"
"11/15/2010","2,216.8","2,233.0","2,239.0","2,214.9","","-0.30%"
"11/12/2010","2,223.5","2,248.2","2,258.1","2,207.3","","-1.62%"
"11/11/2010","2,260.1","2,240.0","2,264.3","2,230.9","","-0.67%"
"11/10/2010","2,275.3","2,265.5","2,277.0","2,249.2","","0.50%"
"11/09/2010","2,263.9","2,283.6","2,288.1","2,253.6","","-0.54%"
"11/08/2010","2,276.3","2,266.7","2,278.9","2,263.5","","0.11%"
"11/05/2010","2,273.7","2,275.4","2,278.4","2,266.6","","-0.05%"
"11/04/2010","2,274.8","2,269.9","2,280.9","2,265.7","","1.36%"
"11/03/2010","2,244.2","2,236.8","2,245.6","2,217.5","","0.32%"
"11/02/2010","2,237.0","2,232.1","2,240.9","2,226.5","","1.09%"
"11/01/2010","2,212.8","2,220.2","2,233.2","2,201.5","","0.19%"
"10/29/2010","2,208.6","2,211.0","2,222.0","2,208.6","","-0.25%"
"10/28/2010","2,214.1","2,219.7","2,220.3","2,195.8","","0.19%"
"10/27/2010","2,210.0","2,191.5","2,211.4","2,188.3","","0.33%"
"10/26/2010","2,202.8","2,183.6","2,207.8","2,177.7","","0.26%"
"10/25/2010","2,197.1","2,196.8","2,211.4","2,195.8","","0.44%"
"10/22/2010","2,187.4","2,171.8","2,188.7","2,169.4","","0.68%"
"10/21/2010","2,172.7","2,180.1","2,189.5","2,151.3","","0.21%"
"10/20/2010","2,168.2","2,157.5","2,183.2","2,154.5","","0.77%"
"10/19/2010","2,151.6","2,145.6","2,169.6","2,135.9","","-1.63%"
"10/18/2010","2,187.2","2,183.2","2,188.2","2,173.7","","0.30%"
"10/15/2010","2,180.6","2,160.7","2,180.6","2,144.3","","2.11%"
"10/14/2010","2,135.6","2,139.6","2,143.7","2,124.4","","-0.14%"
"10/13/2010","2,138.5","2,133.6","2,148.7","2,128.9","","0.77%"
"10/12/2010","2,122.2","2,103.7","2,125.8","2,086.4","","0.72%"
"10/11/2010","2,107.0","2,108.6","2,117.6","2,101.2","","0.00%"
"10/08/2010","2,107.1","2,094.6","2,111.1","2,078.9","","0.77%"
"10/07/2010","2,091.1","2,095.7","2,097.1","2,075.1","","0.25%"
"10/06/2010","2,085.8","2,101.0","2,104.9","2,071.3","","-0.89%"
"10/05/2010","2,104.6","2,075.2","2,106.5","2,075.0","","2.50%"
"10/04/2010","2,053.3","2,068.7","2,076.5","2,041.2","","-1.05%"
"10/01/2010","2,075.1","2,093.7","2,096.6","2,065.9","","-0.07%"
"09/30/2010","2,076.6","2,101.0","2,109.5","2,064.5","","-0.55%"
"09/29/2010","2,088.1","2,087.1","2,096.6","2,079.6","","-0.17%"
"09/28/2010","2,091.6","2,092.8","2,096.9","2,057.6","","0.07%"
"09/27/2010","2,090.1","2,101.2","2,106.1","2,089.6","","-0.63%"
"09/24/2010","2,103.4","2,085.4","2,103.4","2,081.3","","2.10%"
"09/23/2010","2,060.1","2,045.4","2,081.2","2,045.2","","-0.03%"
"09/22/2010","2,060.7","2,057.8","2,075.0","2,050.4","","-0.32%"
"09/21/2010","2,067.3","2,068.4","2,081.5","2,058.3","","-0.01%"
"09/20/2010","2,067.6","2,039.3","2,071.1","2,037.5","","1.72%"
"09/17/2010","2,032.7","2,036.3","2,038.1","2,022.0","","0.40%"
"09/16/2010","2,024.7","2,013.3","2,026.0","2,007.7","","0.44%"
"09/15/2010","2,015.8","1,999.6","2,018.7","1,993.5","","0.57%"
"09/14/2010","2,004.4","1,993.2","2,014.2","1,988.9","","0.36%"
"09/13/2010","1,997.2","1,983.8","2,000.3","1,983.4","","1.55%"
"09/10/2010","1,966.7","1,962.0","1,970.5","1,953.6","","0.33%"
"09/09/2010","1,960.3","1,971.6","1,972.5","1,956.8","","0.33%"
"09/08/2010","1,953.9","1,937.0","1,961.3","1,936.8","","1.28%"
"09/07/2010","1,929.3","1,936.0","1,943.4","1,927.2","","-0.74%"
"09/03/2010","1,943.7","1,937.2","1,943.7","1,924.2","","1.62%"
"09/02/2010","1,912.7","1,894.2","1,912.7","1,889.2","","1.13%"
"09/01/2010","1,891.3","1,862.1","1,896.1","1,861.6","","2.98%"
"08/31/2010","1,836.6","1,831.5","1,851.2","1,824.1","","-0.26%"
"08/30/2010","1,841.4","1,855.8","1,868.8","1,841.4","","-1.09%"
"08/27/2010","1,861.7","1,849.7","1,864.5","1,815.6","","1.28%"
"08/26/2010","1,838.2","1,867.6","1,871.0","1,837.0","","-1.22%"
"08/25/2010","1,860.9","1,831.6","1,868.7","1,827.4","","0.91%"
"08/24/2010","1,844.2","1,852.5","1,863.1","1,836.0","","-1.83%"
"08/23/2010","1,878.5","1,904.5","1,914.3","1,878.0","","-0.95%"
"08/20/2010","1,896.6","1,889.0","1,900.9","1,880.9","","0.15%"
"08/19/2010","1,893.7","1,914.3","1,919.3","1,881.8","","-1.50%"
"08/18/2010","1,922.6","1,912.8","1,934.6","1,905.4","","0.30%"
"08/17/2010","1,916.8","1,904.1","1,932.7","1,902.2","","1.34%"
"08/16/2010","1,891.5","1,876.4","1,904.5","1,871.0","","0.15%"
"08/13/2010","1,888.7","1,895.4","1,902.9","1,888.2","","-0.73%"
"08/12/2010","1,902.6","1,878.1","1,909.9","1,876.9","","-0.71%"
"08/11/2010","1,916.2","1,937.6","1,937.6","1,909.5","","-2.83%"
"08/10/2010","1,972.1","1,969.5","1,981.9","1,954.8","","-0.83%"
"08/09/2010","1,988.6","1,984.6","1,992.3","1,975.9","","0.65%"
"08/06/2010","1,975.8","1,955.4","1,978.0","1,945.2","","-0.11%"
"08/05/2010","1,977.9","1,972.8","1,980.8","1,964.9","","-0.22%"
"08/04/2010","1,982.3","1,971.5","1,984.1","1,963.6","","0.94%"
"08/03/2010","1,963.8","1,970.7","1,970.9","1,953.2","","-0.38%"
"08/02/2010","1,971.3","1,958.4","1,975.1","1,951.3","","1.89%"
"07/30/2010","1,934.7","1,912.2","1,945.7","1,903.4","","0.20%"
"07/29/2010","1,930.8","1,955.5","1,959.0","1,911.2","","-0.65%"
"07/28/2010","1,943.5","1,958.9","1,966.4","1,937.3","","-0.86%"
"07/27/2010","1,960.3","1,971.0","1,972.0","1,951.3","","-0.08%"
"07/26/2010","1,961.9","1,946.7","1,961.9","1,938.5","","0.80%"
"07/23/2010","1,946.3","1,921.9","1,946.3","1,916.2","","0.66%"
"07/22/2010","1,933.6","1,912.1","1,941.2","1,912.1","","2.52%"
"07/21/2010","1,886.1","1,930.0","1,930.2","1,881.9","","-1.27%"
"07/20/2010","1,910.3","1,857.7","1,910.8","1,852.1","","1.18%"
"07/19/2010","1,888.1","1,876.4","1,891.7","1,862.5","","0.88%"
"07/16/2010","1,871.7","1,915.3","1,920.8","1,870.7","","-2.84%"
"07/15/2010","1,926.5","1,919.2","1,930.7","1,900.0","","0.16%"
"07/14/2010","1,923.5","1,917.8","1,934.0","1,910.2","","0.45%"
"07/13/2010","1,914.8","1,904.4","1,921.3","1,891.2","","1.32%"
"07/12/2010","1,889.9","1,883.1","1,900.9","1,877.1","","0.35%"
"07/09/2010","1,883.3","1,864.9","1,883.8","1,860.7","","0.92%"
"07/08/2010","1,866.2","1,869.6","1,874.0","1,844.6","","0.48%"
"07/07/2010","1,857.3","1,804.7","1,857.8","1,802.6","","3.17%"
"07/06/2010","1,800.2","1,819.2","1,830.5","1,784.1","","0.37%"
"07/02/2010","1,793.6","1,801.8","1,808.2","1,777.6","","-0.34%"
"07/01/2010","1,799.8","1,807.6","1,813.1","1,764.1","","-0.27%"
"06/30/2010","1,804.7","1,828.4","1,843.5","1,800.3","","-1.41%"
"06/29/2010","1,830.5","1,873.6","1,875.2","1,818.6","","-3.92%"
"06/28/2010","1,905.2","1,912.7","1,922.5","1,892.2","","-0.14%"
"06/25/2010","1,907.8","1,918.5","1,927.3","1,898.2","","-0.33%"
"06/24/2010","1,914.1","1,938.9","1,941.6","1,908.6","","-1.59%"
"06/23/2010","1,945.0","1,954.9","1,960.9","1,929.1","","-0.32%"
"06/22/2010","1,951.3","1,975.0","1,989.4","1,948.7","","-0.81%"
"06/21/2010","1,967.2","2,012.8","2,012.8","1,956.2","","-0.92%"
"06/18/2010","1,985.5","1,983.0","1,997.7","1,978.6","","0.15%"
"06/17/2010","1,982.6","1,986.8","1,988.4","1,965.6","","0.28%"
"06/16/2010","1,977.0","1,962.5","1,985.2","1,959.3","","0.41%"
"06/15/2010","1,968.9","1,925.5","1,970.3","1,925.5","","2.82%"
"06/14/2010","1,914.9","1,932.8","1,947.6","1,913.6","","-0.09%"
"06/11/2010","1,916.7","1,882.5","1,918.2","1,880.2","","0.93%"
"06/10/2010","1,899.0","1,868.3","1,900.8","1,863.9","","2.88%"
"06/09/2010","1,845.9","1,873.8","1,891.8","1,840.8","","-0.92%"
"06/08/2010","1,863.1","1,866.8","1,873.7","1,836.9","","-0.14%"
"06/07/2010","1,865.7","1,908.8","1,914.6","1,863.0","","-1.85%"
"06/04/2010","1,900.8","1,927.6","1,949.9","1,893.2","","-3.36%"
"06/03/2010","1,966.8","1,954.0","1,970.2","1,941.9","","0.86%"
"06/02/2010","1,950.1","1,913.9","1,950.1","1,901.4","","2.46%"
"06/01/2010","1,903.2","1,915.2","1,947.8","1,901.1","","-0.94%"
"05/28/2010","1,921.2","1,935.2","1,937.1","1,904.5","","-0.55%"
"05/27/2010","1,931.9","1,906.0","1,933.1","1,899.9","","3.69%"
"05/26/2010","1,863.2","1,895.4","1,919.5","1,859.6","","-1.02%"
"05/25/2010","1,882.4","1,834.3","1,885.1","1,821.2","","0.02%"
"05/24/2010","1,882.0","1,885.3","1,908.8","1,880.8","","-0.41%"
"05/21/2010","1,889.7","1,837.4","1,902.0","1,832.8","","1.26%"
"05/20/2010","1,866.2","1,897.4","1,907.5","1,864.2","","-3.91%"
"05/19/2010","1,942.2","1,948.3","1,964.0","1,918.9","","-0.72%"
"05/18/2010","1,956.3","1,999.9","2,004.1","1,947.5","","-1.46%"
"05/17/2010","1,985.2","1,981.0","1,990.7","1,941.2","","0.45%"
"05/14/2010","1,976.4","1,998.7","2,000.1","1,954.1","","-1.97%"
"05/13/2010","2,016.2","2,041.0","2,055.2","2,011.0","","-1.52%"
"05/12/2010","2,047.4","2,022.9","2,049.3","2,018.0","","1.82%"
"05/11/2010","2,010.9","1,989.9","2,037.8","1,987.7","","-0.11%"
"05/10/2010","2,013.1","2,001.6","2,013.1","1,993.3","","5.05%"
"05/07/2010","1,916.4","1,947.8","1,970.7","1,873.5","","-2.34%"
"05/06/2010","1,962.3","2,018.8","2,035.2","1,815.7","","-3.29%"
"05/05/2010","2,029.1","2,017.8","2,042.4","2,006.6","","-0.52%"
"05/04/2010","2,039.8","2,075.7","2,075.7","2,025.8","","-3.08%"
"05/03/2010","2,104.7","2,083.3","2,112.9","2,083.3","","1.55%"
"04/30/2010","2,072.6","2,114.0","2,117.9","2,072.2","","-2.07%"
"04/29/2010","2,116.4","2,093.2","2,119.5","2,092.0","","1.76%"
"04/28/2010","2,079.7","2,089.0","2,090.4","2,063.5","","0.07%"
"04/27/2010","2,078.3","2,113.7","2,123.5","2,072.9","","-2.09%"
"04/26/2010","2,122.7","2,128.7","2,133.4","2,119.1","","-0.31%"
"04/23/2010","2,129.2","2,116.2","2,129.5","2,110.2","","0.50%"
"04/22/2010","2,118.6","2,088.9","2,120.6","2,074.9","","0.52%"
"04/21/2010","2,107.6","2,110.3","2,114.1","2,094.3","","0.54%"
"04/20/2010","2,096.3","2,097.8","2,100.3","2,081.7","","0.50%"
"04/19/2010","2,085.9","2,083.7","2,091.5","2,059.8","","0.03%"
"04/16/2010","2,085.2","2,103.3","2,110.7","2,072.7","","-1.26%"
"04/15/2010","2,111.9","2,100.8","2,113.8","2,100.4","","0.49%"
"04/14/2010","2,101.7","2,088.0","2,102.0","2,085.3","","1.25%"
"04/13/2010","2,075.8","2,066.0","2,078.6","2,058.2","","0.43%"
"04/12/2010","2,067.0","2,066.7","2,072.1","2,062.0","","0.06%"
"04/09/2010","2,065.7","2,054.9","2,065.7","2,048.7","","0.69%"
"04/08/2010","2,051.5","2,043.3","2,055.8","2,032.1","","0.18%"
"04/07/2010","2,047.9","2,050.9","2,058.3","2,037.4","","-0.23%"
"04/06/2010","2,052.7","2,041.5","2,059.0","2,038.5","","0.21%"
"04/05/2010","2,048.5","2,034.2","2,051.8","2,027.9","","0.95%"
"04/01/2010","2,029.3","2,038.5","2,049.9","2,013.1","","0.06%"
"03/31/2010","2,028.0","2,032.0","2,040.0","2,024.7","","-0.49%"
"03/30/2010","2,038.0","2,036.5","2,044.7","2,024.8","","0.34%"
"03/29/2010","2,031.0","2,030.4","2,038.4","2,026.2","","0.44%"
"03/26/2010","2,022.1","2,027.9","2,035.4","2,011.3","","0.18%"
"03/25/2010","2,018.5","2,036.5","2,046.7","2,017.8","","-0.14%"
"03/24/2010","2,021.3","2,026.2","2,028.3","2,018.2","","-0.58%"
"03/23/2010","2,033.0","2,021.9","2,034.0","2,012.3","","0.70%"
"03/22/2010","2,018.9","1,991.1","2,026.0","1,990.0","","0.89%"
"03/19/2010","2,001.1","2,013.1","2,018.4","1,993.1","","-0.59%"
"03/18/2010","2,013.0","2,006.5","2,014.4","2,002.9","","0.40%"
"03/17/2010","2,005.0","2,003.4","2,015.1","1,999.5","","0.20%"
"03/16/2010","2,000.9","1,992.7","2,002.7","1,987.2","","0.63%"
"03/15/2010","1,988.3","1,986.3","1,992.9","1,973.8","","-0.23%"
"03/12/2010","1,992.8","1,998.6","1,998.8","1,984.5","","0.03%"
"03/11/2010","1,992.2","1,979.0","1,992.2","1,976.2","","0.34%"
"03/10/2010","1,985.5","1,968.8","1,988.9","1,968.7","","0.85%"
"03/09/2010","1,968.8","1,952.9","1,979.2","1,952.9","","0.56%"
"03/08/2010","1,957.9","1,955.0","1,961.9","1,954.6","","0.13%"
"03/05/2010","1,955.4","1,937.9","1,956.6","1,935.3","","1.55%"
"03/04/2010","1,925.5","1,918.3","1,926.6","1,910.2","","0.44%"
"03/03/2010","1,917.1","1,920.4","1,927.0","1,911.6","","0.02%"
"03/02/2010","1,916.7","1,917.3","1,928.5","1,912.3","","0.26%"
"03/01/2010","1,911.7","1,891.2","1,913.5","1,891.2","","1.52%"
"02/26/2010","1,883.0","1,876.3","1,886.6","1,867.9","","0.32%"
"02/25/2010","1,877.0","1,854.5","1,880.2","1,844.1","","0.02%"
"02/24/2010","1,876.6","1,867.0","1,883.8","1,864.7","","1.07%"
"02/23/2010","1,856.8","1,879.2","1,881.8","1,849.2","","-1.31%"
"02/22/2010","1,881.5","1,893.0","1,893.5","1,875.2","","-0.31%"
"02/19/2010","1,887.3","1,880.7","1,894.6","1,876.7","","0.00%"
"02/18/2010","1,887.3","1,872.4","1,889.8","1,870.1","","0.70%"
"02/17/2010","1,874.1","1,871.7","1,874.5","1,862.1","","0.50%"
"02/16/2010","1,864.8","1,855.4","1,865.3","1,844.8","","1.31%"
"02/12/2010","1,840.6","1,822.2","1,845.3","1,817.3","","0.19%"
"02/11/2010","1,837.1","1,807.9","1,841.6","1,799.1","","1.49%"
"02/10/2010","1,810.2","1,813.0","1,821.4","1,798.5","","-0.22%"
"02/09/2010","1,814.2","1,816.7","1,829.4","1,799.1","","1.09%"
"02/08/2010","1,794.6","1,804.0","1,816.1","1,793.8","","-0.63%"
"02/05/2010","1,806.0","1,798.8","1,808.8","1,771.7","","0.76%"
"02/04/2010","1,792.4","1,832.6","1,836.3","1,792.4","","-2.90%"
"02/03/2010","1,845.9","1,827.8","1,849.2","1,827.2","","0.46%"
"02/02/2010","1,837.5","1,820.7","1,840.9","1,810.1","","0.92%"
"02/01/2010","1,820.8","1,805.5","1,820.8","1,803.8","","1.13%"
"01/29/2010","1,800.4","1,848.1","1,851.0","1,793.2","","-1.70%"
"01/28/2010","1,831.5","1,867.2","1,867.5","1,822.2","","-2.62%"
"01/27/2010","1,880.8","1,863.0","1,885.9","1,851.0","","0.83%"
"01/26/2010","1,865.3","1,859.6","1,888.1","1,853.1","","0.08%"
"01/25/2010","1,863.8","1,868.1","1,875.4","1,855.8","","0.43%"
"01/22/2010","1,855.9","1,904.8","1,912.2","1,852.4","","-3.02%"
"01/21/2010","1,913.6","1,938.4","1,949.2","1,905.6","","-0.93%"
"01/20/2010","1,931.5","1,946.1","1,946.4","1,911.0","","-1.45%"
"01/19/2010","1,960.0","1,932.9","1,961.1","1,932.5","","1.66%"
"01/15/2010","1,928.0","1,951.6","1,958.0","1,920.3","","-1.17%"
"01/14/2010","1,950.8","1,944.5","1,956.2","1,944.4","","0.03%"
"01/13/2010","1,950.2","1,931.7","1,955.1","1,918.3","","1.30%"
"01/12/2010","1,925.1","1,938.5","1,940.1","1,915.3","","-1.29%"
"01/11/2010","1,950.3","1,960.5","1,962.0","1,940.0","","-0.34%"
"01/08/2010","1,956.9","1,934.5","1,957.6","1,932.1","","0.85%"
"01/07/2010","1,940.5","1,942.0","1,945.3","1,931.1","","-0.09%"
"01/06/2010","1,942.3","1,952.1","1,957.6","1,937.6","","-0.53%"
"01/05/2010","1,952.6","1,951.4","1,955.6","1,941.3","","0.09%"
"01/04/2010","1,950.8","1,946.7","1,954.3","1,945.6","","1.42%"
"12/31/2009","1,923.4","1,945.5","1,946.3","1,923.4","","-0.97%"
"12/30/2009","1,942.3","1,936.1","1,944.9","1,933.0","","0.35%"
"12/29/2009","1,935.5","1,943.5","1,944.8","1,934.6","","-0.33%"
"12/28/2009","1,941.9","1,938.3","1,946.4","1,931.5","","0.45%"
"12/24/2009","1,933.2","1,919.0","1,933.3","1,918.7","","0.96%"
"12/23/2009","1,914.8","1,905.1","1,916.0","1,901.5","","0.69%"
"12/22/2009","1,901.7","1,895.8","1,903.9","1,894.1","","0.58%"
"12/21/2009","1,890.7","1,879.9","1,897.1","1,879.9","","1.19%"
"12/18/2009","1,868.5","1,854.8","1,869.4","1,850.7","","1.64%"
"12/17/2009","1,838.4","1,852.0","1,855.5","1,837.2","","-1.25%"
"12/16/2009","1,861.7","1,866.6","1,875.8","1,859.3","","0.15%"
"12/15/2009","1,859.0","1,862.5","1,874.7","1,854.2","","-0.60%"
"12/14/2009","1,870.2","1,863.2","1,872.0","1,855.0","","0.95%"
"12/11/2009","1,852.6","1,870.0","1,871.5","1,845.2","","-0.41%"
"12/10/2009","1,860.2","1,860.7","1,869.3","1,857.8","","0.54%"
"12/09/2009","1,850.2","1,829.9","1,851.7","1,818.8","","0.97%"
"12/08/2009","1,832.5","1,832.2","1,846.3","1,820.2","","-0.61%"
"12/07/2009","1,843.8","1,851.8","1,858.2","1,839.5","","-0.46%"
"12/04/2009","1,852.3","1,869.6","1,876.8","1,833.1","","0.50%"
"12/03/2009","1,843.0","1,855.8","1,867.2","1,841.8","","-0.44%"
"12/02/2009","1,851.2","1,852.0","1,866.8","1,846.5","","0.18%"
"12/01/2009","1,847.9","1,842.9","1,859.0","1,842.9","","1.14%"
"11/30/2009","1,827.0","1,822.4","1,830.5","1,809.8","","0.12%"
"11/27/2009","1,824.9","1,802.1","1,839.2","1,800.9","","-1.56%"
"11/25/2009","1,853.8","1,850.8","1,855.5","1,846.8","","0.41%"
"11/24/2009","1,846.2","1,851.6","1,852.3","1,835.7","","-0.37%"
"11/23/2009","1,853.1","1,842.7","1,861.6","1,842.7","","1.64%"
"11/20/2009","1,823.2","1,819.2","1,827.3","1,816.6","","-0.50%"
"11/19/2009","1,832.3","1,848.4","1,848.6","1,819.8","","-1.58%"
"11/18/2009","1,861.8","1,867.3","1,867.8","1,849.3","","-0.57%"
"11/17/2009","1,872.5","1,862.0","1,872.5","1,857.6","","0.28%"
"11/16/2009","1,867.2","1,854.1","1,874.1","1,852.8","","1.06%"
"11/13/2009","1,847.6","1,838.8","1,852.3","1,831.8","","0.87%"
"11/12/2009","1,831.6","1,843.5","1,853.3","1,828.0","","-0.55%"
"11/11/2009","1,841.7","1,843.7","1,852.6","1,830.9","","0.55%"
"11/10/2009","1,831.6","1,823.7","1,836.4","1,822.0","","0.27%"
"11/09/2009","1,826.6","1,800.9","1,826.6","1,800.3","","2.18%"
"11/06/2009","1,787.7","1,766.0","1,790.2","1,765.6","","0.57%"
"11/05/2009","1,777.5","1,755.8","1,779.4","1,753.6","","2.40%"
"11/04/2009","1,735.8","1,742.5","1,757.3","1,733.2","","0.10%"
"11/03/2009","1,734.0","1,716.0","1,734.2","1,714.2","","0.38%"
"11/02/2009","1,727.5","1,721.4","1,744.4","1,706.3","","0.35%"
"10/30/2009","1,721.4","1,763.5","1,768.7","1,718.1","","-2.58%"
"10/29/2009","1,767.0","1,749.5","1,770.2","1,743.7","","1.74%"
"10/28/2009","1,736.7","1,768.5","1,775.7","1,733.9","","-2.34%"
"10/27/2009","1,778.4","1,803.8","1,808.6","1,770.8","","-1.39%"
"10/26/2009","1,803.5","1,813.6","1,836.3","1,796.5","","-0.39%"
"10/23/2009","1,810.6","1,831.7","1,835.3","1,805.9","","-0.54%"
"10/22/2009","1,820.4","1,806.1","1,825.0","1,796.1","","0.55%"
"10/21/2009","1,810.5","1,811.7","1,838.7","1,807.8","","-0.15%"
"10/20/2009","1,813.2","1,823.4","1,824.1","1,802.5","","-0.03%"
"10/19/2009","1,813.7","1,798.0","1,815.6","1,788.3","","1.00%"
"10/16/2009","1,795.8","1,804.2","1,804.2","1,783.7","","-0.80%"
"10/15/2009","1,810.3","1,804.6","1,810.3","1,799.5","","-0.05%"
"10/14/2009","1,811.2","1,807.1","1,813.3","1,798.8","","1.38%"
"10/13/2009","1,786.5","1,785.3","1,793.8","1,778.6","","0.04%"
"10/12/2009","1,785.8","1,789.0","1,798.7","1,774.8","","0.11%"
"10/09/2009","1,783.8","1,769.1","1,785.3","1,766.1","","0.59%"
"10/08/2009","1,773.4","1,776.7","1,788.2","1,769.1","","0.43%"
"10/07/2009","1,765.8","1,756.5","1,765.8","1,753.7","","0.30%"
"10/06/2009","1,760.5","1,739.3","1,768.1","1,738.6","","1.77%"
"10/05/2009","1,729.9","1,722.7","1,737.3","1,714.1","","0.80%"
"10/02/2009","1,716.2","1,710.3","1,730.4","1,710.1","","-0.24%"
"10/01/2009","1,720.3","1,765.8","1,767.0","1,720.3","","-3.05%"
"09/30/2009","1,774.5","1,779.6","1,787.4","1,746.4","","0.07%"
"09/29/2009","1,773.2","1,779.9","1,788.3","1,764.5","","-0.40%"
"09/28/2009","1,780.3","1,758.0","1,789.8","1,757.5","","1.80%"
"09/25/2009","1,748.9","1,751.8","1,765.5","1,745.3","","-0.91%"
"09/24/2009","1,765.0","1,788.9","1,791.0","1,753.6","","-0.84%"
"09/23/2009","1,780.0","1,796.1","1,811.2","1,778.7","","-0.56%"
"09/22/2009","1,790.1","1,796.3","1,796.3","1,783.3","","0.15%"
"09/21/2009","1,787.5","1,772.8","1,791.3","1,769.4","","0.37%"
"09/18/2009","1,780.9","1,780.9","1,780.9","1,780.9","","0.24%"
"09/17/2009","1,776.7","1,776.7","1,776.7","1,776.7","","-0.15%"
"09/16/2009","1,779.4","1,779.4","1,779.4","1,779.4","","1.42%"
"09/15/2009","1,754.4","1,754.4","1,754.4","1,754.4","","0.34%"
"09/14/2009","1,748.4","1,748.4","1,748.4","1,748.4","","0.49%"
"09/11/2009","1,739.9","1,739.9","1,739.9","1,739.9","","-0.04%"
"09/10/2009","1,740.6","1,740.6","1,740.6","1,740.6","","1.02%"
"09/09/2009","1,723.1","1,723.1","1,723.1","1,723.1","","0.88%"
"09/08/2009","1,708.1","1,708.1","1,708.1","1,708.1","","1.02%"
"09/04/2009","1,690.8","1,690.8","1,690.8","1,690.8","","2.00%"
"09/03/2009","1,657.6","1,657.6","1,657.6","1,657.6","","0.74%"
"09/02/2009","1,645.5","1,645.5","1,645.5","1,645.5","","-0.09%"
"09/01/2009","1,647.0","1,647.0","1,647.0","1,647.0","","-1.81%"
"08/31/2009","1,677.3","1,677.3","1,677.3","1,677.3","","-1.10%"
"08/28/2009","1,696.0","1,696.0","1,696.0","1,696.0","","0.14%"
"08/27/2009","1,693.6","1,693.6","1,693.6","1,693.6","","0.24%"
"08/26/2009","1,689.5","1,689.5","1,689.5","1,689.5","","-0.15%"
"08/25/2009","1,692.1","1,692.1","1,692.1","1,692.1","","0.31%"
"08/24/2009","1,686.8","1,686.8","1,686.8","1,686.8","","-0.18%"
"08/21/2009","1,689.9","1,689.9","1,689.9","1,689.9","","1.46%"
"08/20/2009","1,665.6","1,665.6","1,665.6","1,665.6","","1.10%"
"08/19/2009","1,647.4","1,647.4","1,647.4","1,647.4","","0.64%"
"08/18/2009","1,636.9","1,636.9","1,636.9","1,636.9","","1.41%"
"08/17/2009","1,614.1","1,614.1","1,614.1","1,614.1","","-2.90%"
"08/14/2009","1,662.3","1,662.3","1,662.3","1,662.3","","-1.04%"
"08/13/2009","1,679.8","1,679.8","1,679.8","1,679.8","","0.56%"
"08/12/2009","1,670.4","1,670.4","1,670.4","1,670.4","","1.57%"
"08/11/2009","1,644.6","1,644.6","1,644.6","1,644.6","","-0.98%"
"08/10/2009","1,660.8","1,660.8","1,660.8","1,660.8","","-0.56%"
"08/07/2009","1,670.1","1,670.1","1,670.1","1,670.1","","1.20%"
"08/06/2009","1,650.3","1,650.3","1,650.3","1,650.3","","-0.88%"
"08/05/2009","1,664.9","1,664.9","1,664.9","1,664.9","","-0.84%"
"08/04/2009","1,679.0","1,679.0","1,679.0","1,679.0","","0.02%"
"08/03/2009","1,678.7","1,678.7","1,678.7","1,678.7","","1.55%"
"07/31/2009","1,653.0","1,653.0","1,653.0","1,653.0","","-0.40%"
"07/30/2009","1,659.7","1,659.7","1,659.7","1,659.7","","0.65%"
"07/29/2009","1,649.0","1,649.0","1,649.0","1,649.0","","-0.36%"
"07/28/2009","1,655.0","1,655.0","1,655.0","1,655.0","","0.38%"
"07/27/2009","1,648.7","1,648.7","1,648.7","1,648.7","","0.02%"
"07/24/2009","1,648.4","1,648.4","1,648.4","1,648.4","","-0.16%"
"07/23/2009","1,651.0","1,651.0","1,651.0","1,651.0","","2.34%"
"07/22/2009","1,613.3","1,613.3","1,613.3","1,613.3","","0.77%"
"07/21/2009","1,600.9","1,600.9","1,600.9","1,600.9","","0.58%"
"07/20/2009","1,591.7","1,591.7","1,591.7","1,591.7","","1.10%"
"07/17/2009","1,574.4","1,574.4","1,574.4","1,574.4","","0.55%"
"07/16/2009","1,565.8","1,565.8","1,565.8","1,565.8","","1.20%"
"07/15/2009","1,547.3","1,547.3","1,547.3","1,547.3","","3.31%"
"07/14/2009","1,497.7","1,497.7","1,497.7","1,497.7","","0.36%"
"07/13/2009","1,492.4","1,492.4","1,492.4","1,492.4","","1.97%"
"07/10/2009","1,463.5","1,463.5","1,463.5","1,463.5","","0.34%"
"07/09/2009","1,458.5","1,458.5","1,458.5","1,458.5","","0.24%"
"07/08/2009","1,455.0","1,455.0","1,455.0","1,455.0","","0.48%"
"07/07/2009","1,448.0","1,448.0","1,448.0","1,448.0","","-2.52%"
"07/06/2009","1,485.4","1,485.4","1,485.4","1,485.4","","-0.36%"
"07/02/2009","1,490.7","1,490.7","1,490.7","1,490.7","","-2.36%"
"07/01/2009","1,526.8","1,526.8","1,526.8","1,526.8","","0.28%"
"06/30/2009","1,522.6","1,522.6","1,522.6","1,522.6","","-0.44%"
"06/29/2009","1,529.4","1,529.4","1,529.4","1,529.4","","0.24%"
"06/26/2009","1,525.7","1,525.7","1,525.7","1,525.7","","0.30%"
"06/25/2009","1,521.1","1,521.1","1,521.1","1,521.1","","1.98%"
"06/24/2009","1,491.5","1,491.5","1,491.5","1,491.5","","1.59%"
"06/23/2009","1,468.1","1,468.1","1,468.1","1,468.1","","-0.15%"
"06/22/2009","1,470.3","1,470.3","1,470.3","1,470.3","","-3.03%"
"06/19/2009","1,516.3","1,516.3","1,516.3","1,516.3","","1.19%"
"06/18/2009","1,498.4","1,498.4","1,498.4","1,498.4","","-0.14%"
"06/17/2009","1,500.5","1,500.5","1,500.5","1,500.5","","0.87%"
"06/16/2009","1,487.5","1,487.5","1,487.5","1,487.5","","-0.94%"
"06/15/2009","1,501.6","1,501.6","1,501.6","1,501.6","","-2.22%"
"06/12/2009","1,535.7","1,535.7","1,535.7","1,535.7","","-0.47%"
"06/11/2009","1,542.9","1,542.9","1,542.9","1,542.9","","0.12%"
"06/10/2009","1,541.1","1,541.1","1,541.1","1,541.1","","-0.41%"
"06/09/2009","1,547.4","1,547.4","1,547.4","1,547.4","","0.87%"
"06/08/2009","1,534.0","1,534.0","1,534.0","1,534.0","","-0.31%"
"06/05/2009","1,538.8","1,538.8","1,538.8","1,538.8","","0.03%"
"06/04/2009","1,538.3","1,538.3","1,538.3","1,538.3","","1.17%"
"06/03/2009","1,520.5","1,520.5","1,520.5","1,520.5","","-0.32%"
"06/02/2009","1,525.4","1,525.4","1,525.4","1,525.4","","0.22%"
"06/01/2009","1,522.1","1,522.1","1,522.1","1,522.1","","2.89%"
"05/29/2009","1,479.3","1,479.3","1,479.3","1,479.3","","1.07%"
"05/28/2009","1,463.6","1,463.6","1,463.6","1,463.6","","1.32%"
"05/27/2009","1,444.5","1,444.5","1,444.5","1,444.5","","-0.74%"
"05/26/2009","1,455.2","1,455.2","1,455.2","1,455.2","","3.63%"
"05/22/2009","1,404.2","1,404.2","1,404.2","1,404.2","","-0.31%"
"05/21/2009","1,408.6","1,408.6","1,408.6","1,408.6","","-1.89%"
"05/20/2009","1,435.7","1,435.7","1,435.7","1,435.7","","-0.31%"
"05/19/2009","1,440.1","1,440.1","1,440.1","1,440.1","","0.42%"
"05/18/2009","1,434.1","1,434.1","1,434.1","1,434.1","","2.77%"
"05/15/2009","1,395.4","1,395.4","1,395.4","1,395.4","","-0.33%"
"05/14/2009","1,400.0","1,400.0","1,400.0","1,400.0","","1.48%"
"05/13/2009","1,379.6","1,379.6","1,379.6","1,379.6","","-2.71%"
"05/12/2009","1,418.1","1,418.1","1,418.1","1,418.1","","-1.32%"
"05/11/2009","1,437.0","1,437.0","1,437.0","1,437.0","","0.13%"
"05/08/2009","1,435.2","1,435.2","1,435.2","1,435.2","","0.31%"
"05/07/2009","1,430.7","1,430.7","1,430.7","1,430.7","","-2.39%"
"05/06/2009","1,465.7","1,465.7","1,465.7","1,465.7","","0.01%"
"05/05/2009","1,465.6","1,465.6","1,465.6","1,465.6","","-0.27%"
"05/04/2009","1,469.6","1,469.6","1,469.6","1,469.6","","2.25%"
"05/01/2009","1,437.3","1,437.3","1,437.3","1,437.3","","0.16%"
"04/30/2009","1,435.0","1,435.0","1,435.0","1,435.0","","0.86%"
"04/29/2009","1,422.7","1,422.7","1,422.7","1,422.7","","1.51%"
"04/28/2009","1,401.5","1,401.5","1,401.5","1,401.5","","-0.59%"
"04/27/2009","1,409.8","1,409.8","1,409.8","1,409.8","","-0.24%"
"04/24/2009","1,413.2","1,413.2","1,413.2","1,413.2","","2.15%"
"04/23/2009","1,383.5","1,383.5","1,383.5","1,383.5","","0.65%"
"04/22/2009","1,374.5","1,374.5","1,374.5","1,374.5","","0.50%"
"04/21/2009","1,367.7","1,367.7","1,367.7","1,367.7","","1.51%"
"04/20/2009","1,347.4","1,347.4","1,347.4","1,347.4","","-3.29%"
"04/17/2009","1,393.3","1,393.3","1,393.3","1,393.3","","0.07%"
"04/16/2009","1,392.3","1,392.3","1,392.3","1,392.3","","2.77%"
"04/15/2009","1,354.8","1,354.8","1,354.8","1,354.8","","-0.43%"
"04/14/2009","1,360.7","1,360.7","1,360.7","1,360.7","","-1.08%"
"04/13/2009","1,375.5","1,375.5","1,375.5","1,375.5","","-0.27%"
"04/09/2009","1,379.2","1,379.2","1,379.2","1,379.2","","3.04%"
"04/08/2009","1,338.5","1,338.5","1,338.5","1,338.5","","1.98%"
"04/07/2009","1,312.5","1,312.5","1,312.5","1,312.5","","-2.87%"
"04/06/2009","1,351.3","1,351.3","1,351.3","1,351.3","","-0.21%"
"04/03/2009","1,354.2","1,354.2","1,354.2","1,354.2","","1.69%"
"04/02/2009","1,331.7","1,331.7","1,331.7","1,331.7","","3.34%"
"04/01/2009","1,288.7","1,288.7","1,288.7","1,288.7","","1.26%"
"03/31/2009","1,272.7","1,272.7","1,272.7","1,272.7","","1.32%"
"03/30/2009","1,256.1","1,256.1","1,256.1","1,256.1","","-2.45%"
"03/27/2009","1,287.6","1,287.6","1,287.6","1,287.6","","-2.33%"
"03/26/2009","1,318.3","1,318.3","1,318.3","1,318.3","","3.61%"
"03/25/2009","1,272.4","1,272.4","1,272.4","1,272.4","","0.20%"
"03/24/2009","1,269.9","1,269.9","1,269.9","1,269.9","","-2.02%"
"03/23/2009","1,296.1","1,296.1","1,296.1","1,296.1","","6.12%"
"03/20/2009","1,221.4","1,221.4","1,221.4","1,221.4","","-1.41%"
"03/19/2009","1,238.9","1,238.9","1,238.9","1,238.9","","-0.23%"
"03/18/2009","1,241.7","1,241.7","1,241.7","1,241.7","","1.24%"
"03/17/2009","1,226.5","1,226.5","1,226.5","1,226.5","","4.07%"
"03/16/2009","1,178.5","1,178.5","1,178.5","1,178.5","","-1.97%"
"03/13/2009","1,202.2","1,202.2","1,202.2","1,202.2","","0.33%"
"03/12/2009","1,198.3","1,198.3","1,198.3","1,198.3","","3.44%"
"03/11/2009","1,158.4","1,158.4","1,158.4","1,158.4","","1.23%"
"03/10/2009","1,144.3","1,144.3","1,144.3","1,144.3","","6.57%"
"03/09/2009","1,073.8","1,073.8","1,073.8","1,073.8","","-1.95%"
"03/06/2009","1,095.1","1,095.1","1,095.1","1,095.1","","-0.91%"
"03/05/2009","1,105.2","1,105.2","1,105.2","1,105.2","","-3.22%"
"03/04/2009","1,142.0","1,142.0","1,142.0","1,142.0","","2.74%"
"03/03/2009","1,111.5","1,111.5","1,111.5","1,111.5","","0.37%"
"03/02/2009","1,107.4","1,107.4","1,107.4","1,107.4","","-3.61%"
"02/27/2009","1,148.9","1,148.9","1,148.9","1,148.9","","-0.90%"
"02/26/2009","1,159.3","1,159.3","1,159.3","1,159.3","","-2.90%"
"02/25/2009","1,193.9","1,193.9","1,193.9","1,193.9","","-0.88%"
"02/24/2009","1,204.5","1,204.5","1,204.5","1,204.5","","3.76%"
"02/23/2009","1,160.8","1,160.8","1,160.8","1,160.8","","-3.72%"
"02/20/2009","1,205.7","1,205.7","1,205.7","1,205.7","","0.42%"
"02/19/2009","1,200.7","1,200.7","1,200.7","1,200.7","","-1.76%"
"02/18/2009","1,222.2","1,222.2","1,222.2","1,222.2","","0.16%"
"02/17/2009","1,220.3","1,220.3","1,220.3","1,220.3","","-3.98%"
"02/13/2009","1,270.9","1,270.9","1,270.9","1,270.9","","-0.48%"
"02/12/2009","1,277.0","1,277.0","1,277.0","1,277.0","","1.28%"
"02/11/2009","1,260.8","1,260.8","1,260.8","1,260.8","","-0.17%"
"02/10/2009","1,262.9","1,262.9","1,262.9","1,262.9","","-4.08%"
"02/09/2009","1,316.6","1,316.6","1,316.6","1,316.6","","0.32%"
"02/06/2009","1,312.4","1,312.4","1,312.4","1,312.4","","2.60%"
"02/05/2009","1,279.1","1,279.1","1,279.1","1,279.1","","2.44%"
"02/04/2009","1,248.6","1,248.6","1,248.6","1,248.6","","0.01%"
"02/03/2009","1,248.5","1,248.5","1,248.5","1,248.5","","1.67%"
"02/02/2009","1,228.0","1,228.0","1,228.0","1,228.0","","1.32%"
"01/30/2009","1,212.0","1,212.0","1,212.0","1,212.0","","-1.96%"
"01/29/2009","1,236.2","1,236.2","1,236.2","1,236.2","","-2.59%"
"01/28/2009","1,269.1","1,269.1","1,269.1","1,269.1","","3.48%"
"01/27/2009","1,226.4","1,226.4","1,226.4","1,226.4","","0.83%"
"01/26/2009","1,216.3","1,216.3","1,216.3","1,216.3","","0.74%"
"01/23/2009","1,207.4","1,207.4","1,207.4","1,207.4","","0.67%"
"01/22/2009","1,199.4","1,199.4","1,199.4","1,199.4","","-1.49%"
"01/21/2009","1,217.5","1,217.5","1,217.5","1,217.5","","4.33%"
"01/20/2009","1,167.0","1,167.0","1,167.0","1,167.0","","-5.14%"
"01/16/2009","1,230.2","1,230.2","1,230.2","1,230.2","","1.23%"
"01/15/2009","1,215.2","1,215.2","1,215.2","1,215.2","","1.72%"
"01/14/2009","1,194.6","1,194.6","1,194.6","1,194.6","","-3.26%"
"01/13/2009","1,234.8","1,234.8","1,234.8","1,234.8","","0.12%"
"01/12/2009","1,233.3","1,233.3","1,233.3","1,233.3","","-1.79%"
"01/09/2009","1,255.8","1,255.8","1,255.8","1,255.8","","-2.36%"
"01/08/2009","1,286.1","1,286.1","1,286.1","1,286.1","","1.12%"
"01/07/2009","1,271.8","1,271.8","1,271.8","1,271.8","","-2.81%"
"01/06/2009","1,308.6","1,308.6","1,308.6","1,308.6","","0.95%"
"01/05/2009","1,296.3","1,296.3","1,296.3","1,296.3","","-0.08%"
"01/02/2009","1,297.4","1,297.4","1,297.4","1,297.4","","4.29%"
"12/31/2008","1,244.0","1,244.0","1,244.0","1,244.0","","0.86%"
"12/30/2008","1,233.4","1,233.4","1,233.4","1,233.4","","2.40%"
"12/29/2008","1,204.5","1,204.5","1,204.5","1,204.5","","-1.04%"
"12/26/2008","1,217.1","1,217.1","1,217.1","1,217.1","","0.10%"
"12/24/2008","1,215.9","1,215.9","1,215.9","1,215.9","","0.09%"
"12/23/2008","1,214.8","1,214.8","1,214.8","1,214.8","","-0.50%"
"12/22/2008","1,220.9","1,220.9","1,220.9","1,220.9","","-2.30%"
"12/19/2008","1,249.7","1,249.7","1,249.7","1,249.7","","1.04%"
"12/18/2008","1,236.8","1,236.8","1,236.8","1,236.8","","-1.73%"
"12/17/2008","1,258.6","1,258.6","1,258.6","1,258.6","","-1.41%"
"12/16/2008","1,276.6","1,276.6","1,276.6","1,276.6","","5.22%"
"12/15/2008","1,213.3","1,213.3","1,213.3","1,213.3","","-2.06%"
"12/12/2008","1,238.8","1,238.8","1,238.8","1,238.8","","2.22%"
"12/11/2008","1,211.9","1,211.9","1,211.9","1,211.9","","-3.43%"
"12/10/2008","1,254.9","1,254.9","1,254.9","1,254.9","","0.82%"
"12/09/2008","1,244.7","1,244.7","1,244.7","1,244.7","","-1.00%"
"12/08/2008","1,257.3","1,257.3","1,257.3","1,257.3","","4.01%"
"12/05/2008","1,208.8","1,208.8","1,208.8","1,208.8","","4.44%"
"12/04/2008","1,157.4","1,157.4","1,157.4","1,157.4","","-3.30%"
"12/03/2008","1,196.9","1,196.9","1,196.9","1,196.9","","3.21%"
"12/02/2008","1,159.7","1,159.7","1,159.7","1,159.7","","3.56%"
"12/01/2008","1,119.8","1,119.8","1,119.8","1,119.8","","-7.98%"
"11/28/2008","1,216.9","1,216.9","1,216.9","1,216.9","","-0.61%"
"11/26/2008","1,224.4","1,224.4","1,224.4","1,224.4","","4.44%"
"11/25/2008","1,172.3","1,172.3","1,172.3","1,172.3","","-1.02%"
"11/24/2008","1,184.4","1,184.4","1,184.4","1,184.4","","6.34%"
"11/21/2008","1,113.8","1,113.8","1,113.8","1,113.8","","4.73%"
"11/20/2008","1,063.5","1,063.5","1,063.5","1,063.5","","-4.70%"
"11/19/2008","1,115.9","1,115.9","1,115.9","1,115.9","","-5.89%"
"11/18/2008","1,185.8","1,185.8","1,185.8","1,185.8","","0.37%"
"11/17/2008","1,181.4","1,181.4","1,181.4","1,181.4","","-2.35%"
"11/14/2008","1,209.8","1,209.8","1,209.8","1,209.8","","-4.93%"
"11/13/2008","1,272.6","1,272.6","1,272.6","1,272.6","","6.48%"
"11/12/2008","1,195.1","1,195.1","1,195.1","1,195.1","","-4.90%"
"11/11/2008","1,256.7","1,256.7","1,256.7","1,256.7","","-2.03%"
"11/10/2008","1,282.7","1,282.7","1,282.7","1,282.7","","-1.62%"
"11/07/2008","1,303.8","1,303.8","1,303.8","1,303.8","","2.40%"
"11/06/2008","1,273.3","1,273.3","1,273.3","1,273.3","","-4.46%"
"11/05/2008","1,332.8","1,332.8","1,332.8","1,332.8","","-5.66%"
"11/04/2008","1,412.8","1,412.8","1,412.8","1,412.8","","3.27%"
"11/03/2008","1,368.1","1,368.1","1,368.1","1,368.1","","0.01%"
"10/31/2008","1,368.0","1,368.0","1,368.0","1,368.0","","0.06%"
"10/30/2008","1,367.2","1,367.2","1,367.2","1,367.2","","2.44%"
"10/29/2008","1,334.6","1,334.6","1,334.6","1,334.6","","0.36%"
"10/28/2008","1,329.8","1,329.8","1,329.8","1,329.8","","10.93%"
"10/27/2008","1,198.8","1,198.8","1,198.8","1,198.8","","-2.70%"
"10/24/2008","1,232.1","1,232.1","1,232.1","1,232.1","","-2.98%"
"10/23/2008","1,269.9","1,269.9","1,269.9","1,269.9","","0.17%"
"10/22/2008","1,267.8","1,267.8","1,267.8","1,267.8","","-3.61%"
"10/21/2008","1,315.3","1,315.3","1,315.3","1,315.3","","-5.12%"
"10/20/2008","1,386.3","1,386.3","1,386.3","1,386.3","","3.12%"
"10/17/2008","1,344.3","1,344.3","1,344.3","1,344.3","","-0.10%"
"10/16/2008","1,345.6","1,345.6","1,345.6","1,345.6","","5.53%"
"10/15/2008","1,275.1","1,275.1","1,275.1","1,275.1","","-8.82%"
"10/14/2008","1,398.5","1,398.5","1,398.5","1,398.5","","-4.54%"
"10/13/2008","1,465.0","1,465.0","1,465.0","1,465.0","","12.58%"
"10/10/2008","1,301.3","1,301.3","1,301.3","1,301.3","","-0.41%"
"10/09/2008","1,306.7","1,306.7","1,306.7","1,306.7","","-4.17%"
"10/08/2008","1,363.6","1,363.6","1,363.6","1,363.6","","0.04%"
"10/07/2008","1,363.0","1,363.0","1,363.0","1,363.0","","-5.76%"
"10/06/2008","1,446.3","1,446.3","1,446.3","1,446.3","","-4.04%"
"10/03/2008","1,507.2","1,507.2","1,507.2","1,507.2","","-1.36%"
"10/02/2008","1,528.0","1,528.0","1,528.0","1,528.0","","-4.65%"
"10/01/2008","1,602.5","1,602.5","1,602.5","1,602.5","","-1.93%"
"09/30/2008","1,634.1","1,634.1","1,634.1","1,634.1","","6.58%"
"09/29/2008","1,533.2","1,533.2","1,533.2","1,533.2","","-10.52%"
"09/26/2008","1,713.4","1,713.4","1,713.4","1,713.4","","-0.92%"
"09/25/2008","1,729.3","1,729.3","1,729.3","1,729.3","","1.58%"
"09/24/2008","1,702.4","1,702.4","1,702.4","1,702.4","","0.79%"
"09/23/2008","1,689.1","1,689.1","1,689.1","1,689.1","","-1.05%"
"09/22/2008","1,707.1","1,707.1","1,707.1","1,707.1","","-4.54%"
"09/19/2008","1,788.2","1,788.2","1,788.2","1,788.2","","2.81%"
"09/18/2008","1,739.4","1,739.4","1,739.4","1,739.4","","3.98%"
"09/17/2008","1,672.8","1,672.8","1,672.8","1,672.8","","-5.31%"
"09/16/2008","1,766.7","1,766.7","1,766.7","1,766.7","","1.09%"
"09/15/2008","1,747.6","1,747.6","1,747.6","1,747.6","","-3.49%"
"09/12/2008","1,810.8","1,810.8","1,810.8","1,810.8","","-0.37%"
"09/11/2008","1,817.5","1,817.5","1,817.5","1,817.5","","2.05%"
"09/10/2008","1,781.0","1,781.0","1,781.0","1,781.0","","0.96%"
"09/09/2008","1,764.0","1,764.0","1,764.0","1,764.0","","-2.35%"
"09/08/2008","1,806.5","1,806.5","1,806.5","1,806.5","","-0.30%"
"09/05/2008","1,811.9","1,811.9","1,811.9","1,811.9","","-0.37%"
"09/04/2008","1,818.6","1,818.6","1,818.6","1,818.6","","-3.18%"
"09/03/2008","1,878.3","1,878.3","1,878.3","1,878.3","","-0.92%"
"09/02/2008","1,895.8","1,895.8","1,895.8","1,895.8","","-1.19%"
"08/29/2008","1,918.7","1,918.7","1,918.7","1,918.7","","-2.22%"
"08/28/2008","1,962.3","1,962.3","1,962.3","1,962.3","","0.78%"
"08/27/2008","1,947.1","1,947.1","1,947.1","1,947.1","","0.76%"
"08/26/2008","1,932.4","1,932.4","1,932.4","1,932.4","","-0.18%"
"08/25/2008","1,935.9","1,935.9","1,935.9","1,935.9","","-2.16%"
"08/22/2008","1,978.7","1,978.7","1,978.7","1,978.7","","1.30%"
"08/21/2008","1,953.4","1,953.4","1,953.4","1,953.4","","-0.33%"
"08/20/2008","1,959.8","1,959.8","1,959.8","1,959.8","","0.23%"
"08/19/2008","1,955.3","1,955.3","1,955.3","1,955.3","","-1.22%"
"08/18/2008","1,979.5","1,979.5","1,979.5","1,979.5","","-1.27%"
"08/15/2008","2,005.0","2,005.0","2,005.0","2,005.0","","-0.35%"
"08/14/2008","2,012.0","2,012.0","2,012.0","2,012.0","","1.16%"
"08/13/2008","1,988.9","1,988.9","1,988.9","1,988.9","","0.05%"
"08/12/2008","1,987.9","1,987.9","1,987.9","1,987.9","","-0.01%"
"08/11/2008","1,988.0","1,988.0","1,988.0","1,988.0","","0.78%"
"08/08/2008","1,972.6","1,972.6","1,972.6","1,972.6","","2.45%"
"08/07/2008","1,925.4","1,925.4","1,925.4","1,925.4","","-0.79%"
"08/06/2008","1,940.8","1,940.8","1,940.8","1,940.8","","1.36%"
"08/05/2008","1,914.7","1,914.7","1,914.7","1,914.7","","3.62%"
"08/04/2008","1,847.8","1,847.8","1,847.8","1,847.8","","-1.19%"
"08/01/2008","1,870.0","1,870.0","1,870.0","1,870.0","","-1.22%"
"07/31/2008","1,893.1","1,893.1","1,893.1","1,893.1","","-0.20%"
"07/30/2008","1,896.8","1,896.8","1,896.8","1,896.8","","0.40%"
"07/29/2008","1,889.2","1,889.2","1,889.2","1,889.2","","2.36%"
"07/28/2008","1,845.7","1,845.7","1,845.7","1,845.7","","-2.36%"
"07/25/2008","1,890.3","1,890.3","1,890.3","1,890.3","","1.63%"
"07/24/2008","1,860.0","1,860.0","1,860.0","1,860.0","","-1.55%"
"07/23/2008","1,889.3","1,889.3","1,889.3","1,889.3","","1.31%"
"07/22/2008","1,864.8","1,864.8","1,864.8","1,864.8","","0.11%"
"07/21/2008","1,862.8","1,862.8","1,862.8","1,862.8","","-0.19%"
"07/18/2008","1,866.4","1,866.4","1,866.4","1,866.4","","-1.63%"
"07/17/2008","1,897.4","1,897.4","1,897.4","1,897.4","","0.52%"
"07/16/2008","1,887.5","1,887.5","1,887.5","1,887.5","","2.53%"
"07/15/2008","1,840.9","1,840.9","1,840.9","1,840.9","","0.02%"
"07/14/2008","1,840.6","1,840.6","1,840.6","1,840.6","","-0.71%"
"07/11/2008","1,853.8","1,853.8","1,853.8","1,853.8","","-1.56%"
"07/10/2008","1,883.1","1,883.1","1,883.1","1,883.1","","1.12%"
"07/09/2008","1,862.2","1,862.2","1,862.2","1,862.2","","-2.79%"
"07/08/2008","1,915.6","1,915.6","1,915.6","1,915.6","","2.43%"
"07/07/2008","1,870.2","1,870.2","1,870.2","1,870.2","","0.59%"
"07/03/2008","1,859.2","1,859.2","1,859.2","1,859.2","","0.01%"
"07/02/2008","1,859.0","1,859.0","1,859.0","1,859.0","","-2.50%"
"07/01/2008","1,906.7","1,906.7","1,906.7","1,906.7","","1.39%"
"06/30/2008","1,880.5","1,880.5","1,880.5","1,880.5","","-1.00%"
"06/27/2008","1,899.5","1,899.5","1,899.5","1,899.5","","0.02%"
"06/26/2008","1,899.2","1,899.2","1,899.2","1,899.2","","-4.06%"
"06/25/2008","1,979.5","1,979.5","1,979.5","1,979.5","","1.59%"
"06/24/2008","1,948.6","1,948.6","1,948.6","1,948.6","","-0.50%"
"06/23/2008","1,958.4","1,958.4","1,958.4","1,958.4","","-0.79%"
"06/20/2008","1,973.9","1,973.9","1,973.9","1,973.9","","-2.74%"
"06/19/2008","2,029.5","2,029.5","2,029.5","2,029.5","","1.62%"
"06/18/2008","1,997.1","1,997.1","1,997.1","1,997.1","","-1.10%"
"06/17/2008","2,019.3","2,019.3","2,019.3","2,019.3","","-0.61%"
"06/16/2008","2,031.6","2,031.6","2,031.6","2,031.6","","0.95%"
"06/13/2008","2,012.4","2,012.4","2,012.4","2,012.4","","2.17%"
"06/12/2008","1,969.6","1,969.6","1,969.6","1,969.6","","-0.01%"
"06/11/2008","1,969.7","1,969.7","1,969.7","1,969.7","","-2.44%"
"06/10/2008","2,019.0","2,019.0","2,019.0","2,019.0","","-0.37%"
"06/09/2008","2,026.4","2,026.4","2,026.4","2,026.4","","-0.54%"
"06/06/2008","2,037.3","2,037.3","2,037.3","2,037.3","","-3.15%"
"06/05/2008","2,103.5","2,103.5","2,103.5","2,103.5","","1.66%"
"06/04/2008","2,069.1","2,069.1","2,069.1","2,069.1","","1.24%"
"06/03/2008","2,043.8","2,043.8","2,043.8","2,043.8","","-0.50%"
"06/02/2008","2,054.1","2,054.1","2,054.1","2,054.1","","-1.26%"
"05/30/2008","2,080.4","2,080.4","2,080.4","2,080.4","","0.67%"
"05/29/2008","2,066.5","2,066.5","2,066.5","2,066.5","","0.95%"
"05/28/2008","2,047.1","2,047.1","2,047.1","2,047.1","","0.25%"
"05/27/2008","2,041.9","2,041.9","2,041.9","2,041.9","","1.87%"
"05/23/2008","2,004.5","2,004.5","2,004.5","2,004.5","","-0.31%"
"05/22/2008","2,010.7","2,010.7","2,010.7","2,010.7","","0.42%"
"05/21/2008","2,002.3","2,002.3","2,002.3","2,002.3","","-2.19%"
"05/20/2008","2,047.2","2,047.2","2,047.2","2,047.2","","-0.79%"
"05/19/2008","2,063.5","2,063.5","2,063.5","2,063.5","","-0.72%"
"05/16/2008","2,078.5","2,078.5","2,078.5","2,078.5","","0.00%"
"05/15/2008","2,078.6","2,078.6","2,078.6","2,078.6","","1.71%"
"05/14/2008","2,043.7","2,043.7","2,043.7","2,043.7","","-0.16%"
"05/13/2008","2,046.9","2,046.9","2,046.9","2,046.9","","0.21%"
"05/12/2008","2,042.7","2,042.7","2,042.7","2,042.7","","1.88%"
"05/09/2008","2,005.1","2,005.1","2,005.1","2,005.1","","-0.33%"
"05/08/2008","2,011.8","2,011.8","2,011.8","2,011.8","","0.79%"
"05/07/2008","1,996.0","1,996.0","1,996.0","1,996.0","","-1.96%"
"05/06/2008","2,036.0","2,036.0","2,036.0","2,036.0","","0.75%"
"05/05/2008","2,020.9","2,020.9","2,020.9","2,020.9","","-0.29%"
"05/02/2008","2,026.7","2,026.7","2,026.7","2,026.7","","0.07%"
"05/01/2008","2,025.2","2,025.2","2,025.2","2,025.2","","3.27%"
"04/30/2008","1,961.1","1,961.1","1,961.1","1,961.1","","-0.82%"
"04/29/2008","1,977.3","1,977.3","1,977.3","1,977.3","","0.54%"
"04/28/2008","1,966.6","1,966.6","1,966.6","1,966.6","","0.24%"
"04/25/2008","1,961.8","1,961.8","1,961.8","1,961.8","","-0.32%"
"04/24/2008","1,968.0","1,968.0","1,968.0","1,968.0","","0.94%"
"04/23/2008","1,949.7","1,949.7","1,949.7","1,949.7","","1.33%"
"04/22/2008","1,924.1","1,924.1","1,924.1","1,924.1","","-1.65%"
"04/21/2008","1,956.3","1,956.3","1,956.3","1,956.3","","0.68%"
"04/18/2008","1,943.1","1,943.1","1,943.1","1,943.1","","3.22%"
"04/17/2008","1,882.4","1,882.4","1,882.4","1,882.4","","-0.32%"
"04/16/2008","1,888.5","1,888.5","1,888.5","1,888.5","","2.90%"
"04/15/2008","1,835.2","1,835.2","1,835.2","1,835.2","","0.21%"
"04/14/2008","1,831.3","1,831.3","1,831.3","1,831.3","","-0.43%"
"04/11/2008","1,839.3","1,839.3","1,839.3","1,839.3","","-2.93%"
"04/10/2008","1,894.8","1,894.8","1,894.8","1,894.8","","1.47%"
"04/09/2008","1,867.4","1,867.4","1,867.4","1,867.4","","-1.08%"
"04/08/2008","1,887.7","1,887.7","1,887.7","1,887.7","","-0.79%"
"04/07/2008","1,902.8","1,902.8","1,902.8","1,902.8","","-0.27%"
"04/04/2008","1,907.9","1,907.9","1,907.9","1,907.9","","0.57%"
"04/03/2008","1,897.0","1,897.0","1,897.0","1,897.0","","0.34%"
"04/02/2008","1,890.5","1,890.5","1,890.5","1,890.5","","-0.36%"
"04/01/2008","1,897.3","1,897.3","1,897.3","1,897.3","","4.13%"
"03/31/2008","1,822.1","1,822.1","1,822.1","1,822.1","","0.82%"
"03/28/2008","1,807.3","1,807.3","1,807.3","1,807.3","","-0.58%"
"03/27/2008","1,817.8","1,817.8","1,817.8","1,817.8","","-2.17%"
"03/26/2008","1,858.1","1,858.1","1,858.1","1,858.1","","-0.39%"
"03/25/2008","1,865.3","1,865.3","1,865.3","1,865.3","","0.56%"
"03/24/2008","1,855.0","1,855.0","1,855.0","1,855.0","","3.56%"
"03/20/2008","1,791.2","1,791.2","1,791.2","1,791.2","","2.13%"
"03/19/2008","1,753.9","1,753.9","1,753.9","1,753.9","","-2.58%"
"03/18/2008","1,800.4","1,800.4","1,800.4","1,800.4","","4.38%"
"03/17/2008","1,724.9","1,724.9","1,724.9","1,724.9","","-1.55%"
"03/14/2008","1,752.1","1,752.1","1,752.1","1,752.1","","-2.09%"
"03/13/2008","1,789.5","1,789.5","1,789.5","1,789.5","","0.87%"
"03/12/2008","1,774.0","1,774.0","1,774.0","1,774.0","","-0.33%"
"03/11/2008","1,779.9","1,779.9","1,779.9","1,779.9","","4.06%"
"03/10/2008","1,710.4","1,710.4","1,710.4","1,710.4","","-2.02%"
"03/07/2008","1,745.7","1,745.7","1,745.7","1,745.7","","-0.29%"
"03/06/2008","1,750.8","1,750.8","1,750.8","1,750.8","","-2.34%"
"03/05/2008","1,792.8","1,792.8","1,792.8","1,792.8","","0.57%"
"03/04/2008","1,782.6","1,782.6","1,782.6","1,782.6","","0.60%"
"03/03/2008","1,772.0","1,772.0","1,772.0","1,772.0","","-0.68%"
"02/29/2008","1,784.2","1,784.2","1,784.2","1,784.2","","-2.74%"
"02/28/2008","1,834.5","1,834.5","1,834.5","1,834.5","","-0.30%"
"02/27/2008","1,840.1","1,840.1","1,840.1","1,840.1","","0.50%"
"02/26/2008","1,830.9","1,830.9","1,830.9","1,830.9","","0.33%"
"02/25/2008","1,824.9","1,824.9","1,824.9","1,824.9","","0.67%"
"02/22/2008","1,812.7","1,812.7","1,812.7","1,812.7","","0.41%"
"02/21/2008","1,805.3","1,805.3","1,805.3","1,805.3","","-1.18%"
"02/20/2008","1,826.9","1,826.9","1,826.9","1,826.9","","1.28%"
"02/19/2008","1,803.8","1,803.8","1,803.8","1,803.8","","-0.85%"
"02/15/2008","1,819.2","1,819.2","1,819.2","1,819.2","","-0.40%"
"02/14/2008","1,826.5","1,826.5","1,826.5","1,826.5","","-1.94%"
"02/13/2008","1,862.6","1,862.6","1,862.6","1,862.6","","2.39%"
"02/12/2008","1,819.1","1,819.1","1,819.1","1,819.1","","-0.70%"
"02/11/2008","1,831.9","1,831.9","1,831.9","1,831.9","","1.09%"
"02/08/2008","1,812.1","1,812.1","1,812.1","1,812.1","","1.17%"
"02/07/2008","1,791.2","1,791.2","1,791.2","1,791.2","","0.71%"
"02/06/2008","1,778.6","1,778.6","1,778.6","1,778.6","","-1.83%"
"02/05/2008","1,811.8","1,811.8","1,811.8","1,811.8","","-3.00%"
"02/04/2008","1,867.9","1,867.9","1,867.9","1,867.9","","-1.42%"
"02/01/2008","1,894.8","1,894.8","1,894.8","1,894.8","","0.75%"
"01/31/2008","1,880.7","1,880.7","1,880.7","1,880.7","","1.82%"
"01/30/2008","1,847.0","1,847.0","1,847.0","1,847.0","","0.05%"
"01/29/2008","1,846.1","1,846.1","1,846.1","1,846.1","","0.15%"
"01/28/2008","1,843.4","1,843.4","1,843.4","1,843.4","","0.89%"
"01/25/2008","1,827.2","1,827.2","1,827.2","1,827.2","","-2.06%"
"01/24/2008","1,865.7","1,865.7","1,865.7","1,865.7","","2.09%"
"01/23/2008","1,827.5","1,827.5","1,827.5","1,827.5","","-0.34%"
"01/22/2008","1,833.7","1,833.7","1,833.7","1,833.7","","-2.63%"
"01/18/2008","1,883.3","1,883.3","1,883.3","1,883.3","","0.11%"
"01/17/2008","1,881.2","1,881.2","1,881.2","1,881.2","","-1.61%"
"01/16/2008","1,912.0","1,912.0","1,912.0","1,912.0","","-1.15%"
"01/15/2008","1,934.3","1,934.3","1,934.3","1,934.3","","-2.82%"
"01/14/2008","1,990.5","1,990.5","1,990.5","1,990.5","","1.90%"
"01/11/2008","1,953.4","1,953.4","1,953.4","1,953.4","","-2.09%"
"01/10/2008","1,995.1","1,995.1","1,995.1","1,995.1","","0.23%"
"01/09/2008","1,990.6","1,990.6","1,990.6","1,990.6","","2.03%"
"01/08/2008","1,950.9","1,950.9","1,950.9","1,950.9","","-2.41%"
"01/07/2008","1,999.0","1,999.0","1,999.0","1,999.0","","-0.31%"
"01/04/2008","2,005.2","2,005.2","2,005.2","2,005.2","","-4.30%"
"01/03/2008","2,095.3","2,095.3","2,095.3","2,095.3","","0.10%"
"01/02/2008","2,093.2","2,093.2","2,093.2","2,093.2","","-1.69%"
"12/31/2007","2,129.2","2,129.2","2,129.2","2,129.2","","-1.05%"
"12/28/2007","2,151.8","2,151.8","2,151.8","2,151.8","","0.05%"
"12/27/2007","2,150.8","2,150.8","2,150.8","2,150.8","","-1.44%"
"12/26/2007","2,182.3","2,182.3","2,182.3","2,182.3","","0.39%"
"12/24/2007","2,173.8","2,173.8","2,173.8","2,173.8","","0.80%"
"12/21/2007","2,156.6","2,156.6","2,156.6","2,156.6","","2.03%"
"12/20/2007","2,113.6","2,113.6","2,113.6","2,113.6","","1.90%"
"12/19/2007","2,074.1","2,074.1","2,074.1","2,074.1","","0.08%"
"12/18/2007","2,072.5","2,072.5","2,072.5","2,072.5","","0.43%"
"12/17/2007","2,063.7","2,063.7","2,063.7","2,063.7","","-2.48%"
"12/14/2007","2,116.1","2,116.1","2,116.1","2,116.1","","-1.05%"
"12/13/2007","2,138.6","2,138.6","2,138.6","2,138.6","","-0.32%"
"12/12/2007","2,145.4","2,145.4","2,145.4","2,145.4","","0.85%"
"12/11/2007","2,127.4","2,127.4","2,127.4","2,127.4","","-2.39%"
"12/10/2007","2,179.6","2,179.6","2,179.6","2,179.6","","0.23%"
"12/07/2007","2,174.6","2,174.6","2,174.6","2,174.6","","0.11%"
"12/06/2007","2,172.2","2,172.2","2,172.2","2,172.2","","1.35%"
"12/05/2007","2,143.3","2,143.3","2,143.3","2,143.3","","1.97%"
"12/04/2007","2,101.8","2,101.8","2,101.8","2,101.8","","-0.40%"
"12/03/2007","2,110.3","2,110.3","2,110.3","2,110.3","","-1.04%"
"11/30/2007","2,132.4","2,132.4","2,132.4","2,132.4","","-0.63%"
"11/29/2007","2,146.0","2,146.0","2,146.0","2,146.0","","0.34%"
"11/28/2007","2,138.8","2,138.8","2,138.8","2,138.8","","3.07%"
"11/27/2007","2,075.0","2,075.0","2,075.0","2,075.0","","2.23%"
"11/26/2007","2,029.7","2,029.7","2,029.7","2,029.7","","-1.95%"
"11/23/2007","2,070.1","2,070.1","2,070.1","2,070.1","","1.12%"
"11/21/2007","2,047.1","2,047.1","2,047.1","2,047.1","","-1.16%"
"11/20/2007","2,071.1","2,071.1","2,071.1","2,071.1","","0.44%"
"11/19/2007","2,062.1","2,062.1","2,062.1","2,062.1","","-1.34%"
"11/16/2007","2,090.2","2,090.2","2,090.2","2,090.2","","1.22%"
"11/15/2007","2,065.1","2,065.1","2,065.1","2,065.1","","-0.68%"
"11/14/2007","2,079.2","2,079.2","2,079.2","2,079.2","","-1.36%"
"11/13/2007","2,107.8","2,107.8","2,107.8","2,107.8","","4.26%"
"11/12/2007","2,021.7","2,021.7","2,021.7","2,021.7","","-2.56%"
"11/09/2007","2,074.9","2,074.9","2,074.9","2,074.9","","-3.41%"
"11/08/2007","2,148.1","2,148.1","2,148.1","2,148.1","","-2.92%"
"11/07/2007","2,212.6","2,212.6","2,212.6","2,212.6","","-2.45%"
"11/06/2007","2,268.2","2,268.2","2,268.2","2,268.2","","1.06%"
"11/05/2007","2,244.3","2,244.3","2,244.3","2,244.3","","-0.59%"
"11/02/2007","2,257.7","2,257.7","2,257.7","2,257.7","","0.77%"
"11/01/2007","2,240.4","2,240.4","2,240.4","2,240.4","","-1.87%"
"10/31/2007","2,283.1","2,283.1","2,283.1","2,283.1","","1.42%"
"10/30/2007","2,251.2","2,251.2","2,251.2","2,251.2","","0.20%"
"10/29/2007","2,246.7","2,246.7","2,246.7","2,246.7","","0.40%"
"10/26/2007","2,237.7","2,237.7","2,237.7","2,237.7","","1.53%"
"10/25/2007","2,204.0","2,204.0","2,204.0","2,204.0","","-1.24%"
"10/24/2007","2,231.6","2,231.6","2,231.6","2,231.6","","-0.75%"
"10/23/2007","2,248.5","2,248.5","2,248.5","2,248.5","","2.21%"
"10/22/2007","2,199.9","2,199.9","2,199.9","2,199.9","","1.24%"
"10/19/2007","2,173.0","2,173.0","2,173.0","2,173.0","","-2.58%"
"10/18/2007","2,230.5","2,230.5","2,230.5","2,230.5","","0.38%"
"10/17/2007","2,222.0","2,222.0","2,222.0","2,222.0","","1.30%"
"10/16/2007","2,193.4","2,193.4","2,193.4","2,193.4","","-0.36%"
"10/15/2007","2,201.3","2,201.3","2,201.3","2,201.3","","-0.88%"
"10/12/2007","2,220.8","2,220.8","2,220.8","2,220.8","","1.73%"
"10/11/2007","2,183.0","2,183.0","2,183.0","2,183.0","","-1.66%"
"10/10/2007","2,219.8","2,219.8","2,219.8","2,219.8","","0.27%"
"10/09/2007","2,213.8","2,213.8","2,213.8","2,213.8","","0.37%"
"10/08/2007","2,205.7","2,205.7","2,205.7","2,205.7","","0.63%"
"10/05/2007","2,191.9","2,191.9","2,191.9","2,191.9","","2.10%"
"10/04/2007","2,146.9","2,146.9","2,146.9","2,146.9","","0.12%"
"10/03/2007","2,144.3","2,144.3","2,144.3","2,144.3","","-0.61%"
"10/02/2007","2,157.4","2,157.4","2,157.4","2,157.4","","-0.05%"
"10/01/2007","2,158.5","2,158.5","2,158.5","2,158.5","","1.23%"
"09/28/2007","2,132.2","2,132.2","2,132.2","2,132.2","","-0.25%"
"09/27/2007","2,137.6","2,137.6","2,137.6","2,137.6","","0.39%"
"09/26/2007","2,129.4","2,129.4","2,129.4","2,129.4","","0.56%"
"09/25/2007","2,117.6","2,117.6","2,117.6","2,117.6","","0.95%"
"09/24/2007","2,097.6","2,097.6","2,097.6","2,097.6","","0.38%"
"09/21/2007","2,089.7","2,089.7","2,089.7","2,089.7","","0.83%"
"09/20/2007","2,072.5","2,072.5","2,072.5","2,072.5","","-0.43%"
"09/19/2007","2,081.4","2,081.4","2,081.4","2,081.4","","0.29%"
"09/18/2007","2,075.3","2,075.3","2,075.3","2,075.3","","2.64%"
"09/17/2007","2,022.0","2,022.0","2,022.0","2,022.0","","-0.89%"
"09/14/2007","2,040.1","2,040.1","2,040.1","2,040.1","","0.11%"
"09/13/2007","2,037.9","2,037.9","2,037.9","2,037.9","","0.49%"
"09/12/2007","2,028.0","2,028.0","2,028.0","2,028.0","","0.00%"
"09/11/2007","2,028.0","2,028.0","2,028.0","2,028.0","","1.47%"
"09/10/2007","1,998.7","1,998.7","1,998.7","1,998.7","","0.10%"
"09/07/2007","1,996.8","1,996.8","1,996.8","1,996.8","","-2.02%"
"09/06/2007","2,037.9","2,037.9","2,037.9","2,037.9","","0.22%"
"09/05/2007","2,033.5","2,033.5","2,033.5","2,033.5","","-1.29%"
"09/04/2007","2,060.1","2,060.1","2,060.1","2,060.1","","1.60%"
"08/31/2007","2,027.7","2,027.7","2,027.7","2,027.7","","1.27%"
"08/30/2007","2,002.2","2,002.2","2,002.2","2,002.2","","0.46%"
"08/29/2007","1,993.1","1,993.1","1,993.1","1,993.1","","2.94%"
"08/28/2007","1,936.1","1,936.1","1,936.1","1,936.1","","-2.48%"
"08/27/2007","1,985.3","1,985.3","1,985.3","1,985.3","","-0.71%"
"08/24/2007","1,999.4","1,999.4","1,999.4","1,999.4","","1.53%"
"08/23/2007","1,969.3","1,969.3","1,969.3","1,969.3","","-0.25%"
"08/22/2007","1,974.3","1,974.3","1,974.3","1,974.3","","1.34%"
"08/21/2007","1,948.1","1,948.1","1,948.1","1,948.1","","0.95%"
"08/20/2007","1,929.7","1,929.7","1,929.7","1,929.7","","0.23%"
"08/17/2007","1,925.3","1,925.3","1,925.3","1,925.3","","2.31%"
"08/16/2007","1,881.8","1,881.8","1,881.8","1,881.8","","-1.00%"
"08/15/2007","1,900.9","1,900.9","1,900.9","1,900.9","","-1.91%"
"08/14/2007","1,937.9","1,937.9","1,937.9","1,937.9","","-1.69%"
"08/13/2007","1,971.2","1,971.2","1,971.2","1,971.2","","0.49%"
"08/10/2007","1,961.5","1,961.5","1,961.5","1,961.5","","-0.60%"
"08/09/2007","1,973.3","1,973.3","1,973.3","1,973.3","","-2.54%"
"08/08/2007","2,024.8","2,024.8","2,024.8","2,024.8","","1.32%"
"08/07/2007","1,998.5","1,998.5","1,998.5","1,998.5","","0.37%"
"08/06/2007","1,991.1","1,991.1","1,991.1","1,991.1","","1.87%"
"08/03/2007","1,954.6","1,954.6","1,954.6","1,954.6","","-2.43%"
"08/02/2007","2,003.2","2,003.2","2,003.2","2,003.2","","1.11%"
"08/01/2007","1,981.3","1,981.3","1,981.3","1,981.3","","0.67%"
"07/31/2007","1,968.1","1,968.1","1,968.1","1,968.1","","-2.12%"
"07/30/2007","2,010.7","2,010.7","2,010.7","2,010.7","","0.91%"
"07/27/2007","1,992.5","1,992.5","1,992.5","1,992.5","","-1.53%"
"07/26/2007","2,023.5","2,023.5","2,023.5","2,023.5","","-1.22%"
"07/25/2007","2,048.5","2,048.5","2,048.5","2,048.5","","0.53%"
"07/24/2007","2,037.7","2,037.7","2,037.7","2,037.7","","-1.75%"
"07/23/2007","2,074.1","2,074.1","2,074.1","2,074.1","","0.02%"
"07/20/2007","2,073.6","2,073.6","2,073.6","2,073.6","","-0.84%"
"07/19/2007","2,091.1","2,091.1","2,091.1","2,091.1","","0.74%"
"07/18/2007","2,075.8","2,075.8","2,075.8","2,075.8","","-0.18%"
"07/17/2007","2,079.6","2,079.6","2,079.6","2,079.6","","0.68%"
"07/16/2007","2,065.6","2,065.6","2,065.6","2,065.6","","-0.20%"
"07/13/2007","2,069.8","2,069.8","2,069.8","2,069.8","","0.55%"
"07/12/2007","2,058.5","2,058.5","2,058.5","2,058.5","","1.86%"
"07/11/2007","2,020.9","2,020.9","2,020.9","2,020.9","","0.62%"
"07/10/2007","2,008.4","2,008.4","2,008.4","2,008.4","","-0.87%"
"07/09/2007","2,026.1","2,026.1","2,026.1","2,026.1","","0.04%"
"07/06/2007","2,025.2","2,025.2","2,025.2","2,025.2","","0.37%"
"07/05/2007","2,017.8","2,017.8","2,017.8","2,017.8","","0.81%"
"07/03/2007","2,001.6","2,001.6","2,001.6","2,001.6","","0.57%"
"07/02/2007","1,990.3","1,990.3","1,990.3","1,990.3","","1.04%"
"06/29/2007","1,969.9","1,969.9","1,969.9","1,969.9","","0.12%"
"06/28/2007","1,967.5","1,967.5","1,967.5","1,967.5","","-0.07%"
"06/27/2007","1,968.9","1,968.9","1,968.9","1,968.9","","1.28%"
"06/26/2007","1,944.0","1,944.0","1,944.0","1,944.0","","-0.22%"
"06/25/2007","1,948.3","1,948.3","1,948.3","1,948.3","","-0.47%"
"06/22/2007","1,957.5","1,957.5","1,957.5","1,957.5","","-1.00%"
"06/21/2007","1,977.3","1,977.3","1,977.3","1,977.3","","1.00%"
"06/20/2007","1,957.7","1,957.7","1,957.7","1,957.7","","-1.01%"
"06/19/2007","1,977.7","1,977.7","1,977.7","1,977.7","","-0.14%"
"06/18/2007","1,980.4","1,980.4","1,980.4","1,980.4","","0.10%"
"06/15/2007","1,978.4","1,978.4","1,978.4","1,978.4","","0.93%"
"06/14/2007","1,960.2","1,960.2","1,960.2","1,960.2","","0.56%"
"06/13/2007","1,949.3","1,949.3","1,949.3","1,949.3","","1.23%"
"06/12/2007","1,925.7","1,925.7","1,925.7","1,925.7","","-0.59%"
"06/11/2007","1,937.2","1,937.2","1,937.2","1,937.2","","-0.22%"
"06/08/2007","1,941.5","1,941.5","1,941.5","1,941.5","","1.28%"
"06/07/2007","1,917.0","1,917.0","1,917.0","1,917.0","","-1.71%"
"06/06/2007","1,950.3","1,950.3","1,950.3","1,950.3","","-0.90%"
"06/05/2007","1,968.1","1,968.1","1,968.1","1,968.1","","-0.07%"
"06/04/2007","1,969.5","1,969.5","1,969.5","1,969.5","","0.29%"
"06/01/2007","1,963.9","1,963.9","1,963.9","1,963.9","","0.01%"
"05/31/2007","1,963.8","1,963.8","1,963.8","1,963.8","","0.53%"
"05/30/2007","1,953.5","1,953.5","1,953.5","1,953.5","","0.98%"
"05/29/2007","1,934.5","1,934.5","1,934.5","1,934.5","","0.56%"
"05/25/2007","1,923.8","1,923.8","1,923.8","1,923.8","","0.79%"
"05/24/2007","1,908.8","1,908.8","1,908.8","1,908.8","","-1.57%"
"05/23/2007","1,939.2","1,939.2","1,939.2","1,939.2","","-0.63%"
"05/22/2007","1,951.4","1,951.4","1,951.4","1,951.4","","0.27%"
"05/21/2007","1,946.1","1,946.1","1,946.1","1,946.1","","0.75%"
"05/18/2007","1,931.6","1,931.6","1,931.6","1,931.6","","0.65%"
"05/17/2007","1,919.1","1,919.1","1,919.1","1,919.1","","-0.36%"
"05/16/2007","1,926.1","1,926.1","1,926.1","1,926.1","","1.06%"
"05/15/2007","1,905.9","1,905.9","1,905.9","1,905.9","","-0.84%"
"05/14/2007","1,922.0","1,922.0","1,922.0","1,922.0","","-0.56%"
"05/11/2007","1,932.9","1,932.9","1,932.9","1,932.9","","1.26%"
"05/10/2007","1,908.9","1,908.9","1,908.9","1,908.9","","-1.59%"
"05/09/2007","1,939.8","1,939.8","1,939.8","1,939.8","","0.31%"
"05/08/2007","1,933.8","1,933.8","1,933.8","1,933.8","","0.21%"
"05/07/2007","1,929.8","1,929.8","1,929.8","1,929.8","","0.02%"
"05/04/2007","1,929.5","1,929.5","1,929.5","1,929.5","","0.01%"
"05/03/2007","1,929.4","1,929.4","1,929.4","1,929.4","","0.33%"
"05/02/2007","1,923.1","1,923.1","1,923.1","1,923.1","","0.87%"
"05/01/2007","1,906.5","1,906.5","1,906.5","1,906.5","","0.31%"
"04/30/2007","1,900.7","1,900.7","1,900.7","1,900.7","","-1.24%"
"04/27/2007","1,924.5","1,924.5","1,924.5","1,924.5","","0.09%"
"04/26/2007","1,922.8","1,922.8","1,922.8","1,922.8","","0.43%"
"04/25/2007","1,914.5","1,914.5","1,914.5","1,914.5","","1.22%"
"04/24/2007","1,891.5","1,891.5","1,891.5","1,891.5","","0.47%"
"04/23/2007","1,882.6","1,882.6","1,882.6","1,882.6","","0.23%"
"04/20/2007","1,878.3","1,878.3","1,878.3","1,878.3","","0.73%"
"04/19/2007","1,864.6","1,864.6","1,864.6","1,864.6","","0.01%"
"04/18/2007","1,864.5","1,864.5","1,864.5","1,864.5","","-0.14%"
"04/17/2007","1,867.1","1,867.1","1,867.1","1,867.1","","0.05%"
"04/16/2007","1,866.1","1,866.1","1,866.1","1,866.1","","0.94%"
"04/13/2007","1,848.7","1,848.7","1,848.7","1,848.7","","0.18%"
"04/12/2007","1,845.3","1,845.3","1,845.3","1,845.3","","0.86%"
"04/11/2007","1,829.6","1,829.6","1,829.6","1,829.6","","-1.03%"
"04/10/2007","1,848.7","1,848.7","1,848.7","1,848.7","","0.48%"
"04/09/2007","1,839.8","1,839.8","1,839.8","1,839.8","","-0.26%"
"04/05/2007","1,844.6","1,844.6","1,844.6","1,844.6","","0.62%"
"04/04/2007","1,833.2","1,833.2","1,833.2","1,833.2","","0.30%"
"04/03/2007","1,827.7","1,827.7","1,827.7","1,827.7","","1.30%"
"04/02/2007","1,804.3","1,804.3","1,804.3","1,804.3","","0.05%"
"03/30/2007","1,803.4","1,803.4","1,803.4","1,803.4","","0.04%"
"03/29/2007","1,802.7","1,802.7","1,802.7","1,802.7","","0.07%"
"03/28/2007","1,801.5","1,801.5","1,801.5","1,801.5","","-1.08%"
"03/27/2007","1,821.1","1,821.1","1,821.1","1,821.1","","-0.72%"
"03/26/2007","1,834.3","1,834.3","1,834.3","1,834.3","","0.50%"
"03/23/2007","1,825.2","1,825.2","1,825.2","1,825.2","","-0.32%"
"03/22/2007","1,831.0","1,831.0","1,831.0","1,831.0","","-0.37%"
"03/21/2007","1,837.8","1,837.8","1,837.8","1,837.8","","2.21%"
"03/20/2007","1,798.0","1,798.0","1,798.0","1,798.0","","0.51%"
"03/19/2007","1,788.8","1,788.8","1,788.8","1,788.8","","0.92%"
"03/16/2007","1,772.5","1,772.5","1,772.5","1,772.5","","-0.15%"
"03/15/2007","1,775.2","1,775.2","1,775.2","1,775.2","","0.10%"
"03/14/2007","1,773.5","1,773.5","1,773.5","1,773.5","","1.20%"
"03/13/2007","1,752.4","1,752.4","1,752.4","1,752.4","","-1.94%"
"03/12/2007","1,787.0","1,787.0","1,787.0","1,787.0","","0.67%"
"03/09/2007","1,775.1","1,775.1","1,775.1","1,775.1","","-0.10%"
"03/08/2007","1,776.8","1,776.8","1,776.8","1,776.8","","0.59%"
"03/07/2007","1,766.3","1,766.3","1,766.3","1,766.3","","-0.39%"
"03/06/2007","1,773.3","1,773.3","1,773.3","1,773.3","","1.76%"
"03/05/2007","1,742.7","1,742.7","1,742.7","1,742.7","","-0.76%"
"03/02/2007","1,756.0","1,756.0","1,756.0","1,756.0","","-1.56%"
"03/01/2007","1,783.9","1,783.9","1,783.9","1,783.9","","-0.46%"
"02/28/2007","1,792.2","1,792.2","1,792.2","1,792.2","","0.32%"
"02/27/2007","1,786.5","1,786.5","1,786.5","1,786.5","","-4.05%"
"02/26/2007","1,862.0","1,862.0","1,862.0","1,862.0","","-0.50%"
"02/23/2007","1,871.4","1,871.4","1,871.4","1,871.4","","-0.35%"
"02/22/2007","1,878.0","1,878.0","1,878.0","1,878.0","","0.39%"
"02/21/2007","1,870.7","1,870.7","1,870.7","1,870.7","","0.29%"
"02/20/2007","1,865.2","1,865.2","1,865.2","1,865.2","","0.67%"
"02/16/2007","1,852.7","1,852.7","1,852.7","1,852.7","","-0.10%"
"02/15/2007","1,854.6","1,854.6","1,854.6","1,854.6","","0.47%"
"02/14/2007","1,846.0","1,846.0","1,846.0","1,846.0","","1.75%"
"02/13/2007","1,814.2","1,814.2","1,814.2","1,814.2","","0.33%"
"02/12/2007","1,808.2","1,808.2","1,808.2","1,808.2","","-0.40%"
"02/09/2007","1,815.4","1,815.4","1,815.4","1,815.4","","-1.38%"
"02/08/2007","1,840.8","1,840.8","1,840.8","1,840.8","","-0.02%"
"02/07/2007","1,841.2","1,841.2","1,841.2","1,841.2","","1.00%"
"02/06/2007","1,823.0","1,823.0","1,823.0","1,823.0","","-0.13%"
"02/05/2007","1,825.4","1,825.4","1,825.4","1,825.4","","-0.14%"
"02/02/2007","1,827.9","1,827.9","1,827.9","1,827.9","","0.38%"
"02/01/2007","1,821.0","1,821.0","1,821.0","1,821.0","","-0.04%"
"01/31/2007","1,821.8","1,821.8","1,821.8","1,821.8","","0.81%"
"01/30/2007","1,807.1","1,807.1","1,807.1","1,807.1","","0.16%"
"01/29/2007","1,804.3","1,804.3","1,804.3","1,804.3","","0.12%"
"01/26/2007","1,802.1","1,802.1","1,802.1","1,802.1","","-0.27%"
"01/25/2007","1,807.0","1,807.0","1,807.0","1,807.0","","-1.38%"
"01/24/2007","1,832.3","1,832.3","1,832.3","1,832.3","","1.65%"
"01/23/2007","1,802.5","1,802.5","1,802.5","1,802.5","","-0.32%"
"01/22/2007","1,808.2","1,808.2","1,808.2","1,808.2","","-0.99%"
"01/19/2007","1,826.2","1,826.2","1,826.2","1,826.2","","0.17%"
"01/18/2007","1,823.1","1,823.1","1,823.1","1,823.1","","-1.86%"
"01/17/2007","1,857.6","1,857.6","1,857.6","1,857.6","","-0.80%"
"01/16/2007","1,872.6","1,872.6","1,872.6","1,872.6","","-0.13%"
"01/12/2007","1,875.0","1,875.0","1,875.0","1,875.0","","0.54%"
"01/11/2007","1,864.9","1,864.9","1,864.9","1,864.9","","1.03%"
"01/10/2007","1,845.9","1,845.9","1,845.9","1,845.9","","1.15%"
"01/09/2007","1,825.0","1,825.0","1,825.0","1,825.0","","0.47%"
"01/08/2007","1,816.4","1,816.4","1,816.4","1,816.4","","0.10%"
"01/05/2007","1,814.5","1,814.5","1,814.5","1,814.5","","-0.43%"
"01/04/2007","1,822.3","1,822.3","1,822.3","1,822.3","","1.91%"
"01/03/2007","1,788.2","1,788.2","1,788.2","1,788.2","","0.14%"